SET @ENTRY := 90000;
SET @NPC_COUNT := 22;
SET @GUID := 600000;

DELETE FROM `creature_template` WHERE `entry` BETWEEN @ENTRY AND @ENTRY + @NPC_COUNT;

INSERT INTO `creature_template` VALUES 
(@ENTRY,0,0,0,0,0,19633,0,0,0,'PvP Gear','',NULL,0,70,70,1,35,128,1,1.14286,0.5,0,252,357,0,304,1,2000,2000,1,33024,2048,0,0,0,0,0,0,215,320,44,7,0,0,0,0,0,0,0,0,0,0,0,0,0,0,0,0,0,0,0,0,0,0,'',1,3,1,1,1,1,0,0,0,0,0,0,0,0,1,0,2,'',12340),
(@ENTRY + 1,0,0,0,0,0,19633,0,0,0,'PvP Weapons','',NULL,0,70,70,1,35,128,1,1.14286,0.5,0,252,357,0,304,1,2000,2000,1,33024,2048,0,0,0,0,0,0,215,320,44,7,0,0,0,0,0,0,0,0,0,0,0,0,0,0,0,0,0,0,0,0,0,0,'',1,3,1,1,1,1,0,0,0,0,0,0,0,0,1,0,2,'',12340),
(@ENTRY + 2,0,0,0,0,0,19633,0,0,0,'PvE Plate','',NULL,0,70,70,1,35,128,1,1.14286,0.5,0,252,357,0,304,1,2000,2000,1,33024,2048,0,0,0,0,0,0,215,320,44,7,0,0,0,0,0,0,0,0,0,0,0,0,0,0,0,0,0,0,0,0,0,0,'',1,3,1,1,1,1,0,0,0,0,0,0,0,0,1,0,2,'',12340),
(@ENTRY + 3,0,0,0,0,0,19633,0,0,0,'PvE Leather','',NULL,0,70,70,1,35,128,1,1.14286,0.5,0,252,357,0,304,1,2000,2000,1,33024,2048,0,0,0,0,0,0,215,320,44,7,0,0,0,0,0,0,0,0,0,0,0,0,0,0,0,0,0,0,0,0,0,0,'',1,3,1,1,1,1,0,0,0,0,0,0,0,0,1,0,2,'',12340),
(@ENTRY + 4,0,0,0,0,0,19633,0,0,0,'PvE Mail','',NULL,0,70,70,1,35,128,1,1.14286,0.5,0,252,357,0,304,1,2000,2000,1,33024,2048,0,0,0,0,0,0,215,320,44,7,0,0,0,0,0,0,0,0,0,0,0,0,0,0,0,0,0,0,0,0,0,0,'',1,3,1,1,1,1,0,0,0,0,0,0,0,0,1,0,2,'',12340),
(@ENTRY + 5,0,0,0,0,0,19633,0,0,0,'PvE Cloth','',NULL,0,70,70,1,35,128,1,1.14286,0.5,0,252,357,0,304,1,2000,2000,1,33024,2048,0,0,0,0,0,0,215,320,44,7,0,0,0,0,0,0,0,0,0,0,0,0,0,0,0,0,0,0,0,0,0,0,'',1,3,1,1,1,1,0,0,0,0,0,0,0,0,1,0,2,'',12340),
(@ENTRY + 6,0,0,0,0,0,19633,0,0,0,'PvE Weapons','',NULL,0,70,70,1,35,128,1,1.14286,0.5,0,252,357,0,304,1,2000,2000,1,33024,2048,0,0,0,0,0,0,215,320,44,7,0,0,0,0,0,0,0,0,0,0,0,0,0,0,0,0,0,0,0,0,0,0,'',1,3,1,1,1,1,0,0,0,0,0,0,0,0,1,0,2,'',12340),
(@ENTRY + 7,0,0,0,0,0,19633,0,0,0,'PvE Shields&Offhands','',NULL,0,70,70,1,35,128,1,1.14286,0.5,0,252,357,0,304,1,2000,2000,1,33024,2048,0,0,0,0,0,0,215,320,44,7,0,0,0,0,0,0,0,0,0,0,0,0,0,0,0,0,0,0,0,0,0,0,'',1,3,1,1,1,1,0,0,0,0,0,0,0,0,1,0,2,'',12340),
(@ENTRY + 8,0,0,0,0,0,19633,0,0,0,'PvE Rings&Necks','',NULL,0,70,70,1,35,128,1,1.14286,0.5,0,252,357,0,304,1,2000,2000,1,33024,2048,0,0,0,0,0,0,215,320,44,7,0,0,0,0,0,0,0,0,0,0,0,0,0,0,0,0,0,0,0,0,0,0,'',1,3,1,1,1,1,0,0,0,0,0,0,0,0,1,0,2,'',12340),
(@ENTRY + 9,0,0,0,0,0,19633,0,0,0,'PvE Trinkets','',NULL,0,70,70,1,35,128,1,1.14286,0.5,0,252,357,0,304,1,2000,2000,1,33024,2048,0,0,0,0,0,0,215,320,44,7,0,0,0,0,0,0,0,0,0,0,0,0,0,0,0,0,0,0,0,0,0,0,'',1,3,1,1,1,1,0,0,0,0,0,0,0,0,1,0,2,'',12340),
(@ENTRY + 10,0,0,0,0,0,19633,0,0,0,'PvE Cloaks&Relics','',NULL,0,70,70,1,35,128,1,1.14286,0.5,0,252,357,0,304,1,2000,2000,1,33024,2048,0,0,0,0,0,0,215,320,44,7,0,0,0,0,0,0,0,0,0,0,0,0,0,0,0,0,0,0,0,0,0,0,'',1,3,1,1,1,1,0,0,0,0,0,0,0,0,1,0,2,'',12340),
(@ENTRY + 11,0,0,0,0,0,19633,0,0,0,'Glyphs I','',NULL,0,70,70,1,35,128,1,1.14286,0.5,0,252,357,0,304,1,2000,2000,1,33024,2048,0,0,0,0,0,0,215,320,44,7,0,0,0,0,0,0,0,0,0,0,0,0,0,0,0,0,0,0,0,0,0,0,'',1,3,1,1,1,1,0,0,0,0,0,0,0,0,1,0,2,'',12340),
(@ENTRY + 12,0,0,0,0,0,19633,0,0,0,'Glyphs II','',NULL,0,70,70,1,35,128,1,1.14286,0.5,0,252,357,0,304,1,2000,2000,1,33024,2048,0,0,0,0,0,0,215,320,44,7,0,0,0,0,0,0,0,0,0,0,0,0,0,0,0,0,0,0,0,0,0,0,'',1,3,1,1,1,1,0,0,0,0,0,0,0,0,1,0,2,'',12340),
(@ENTRY + 13,0,0,0,0,0,19633,0,0,0,'Glyphs III','',NULL,0,70,70,1,35,128,1,1.14286,0.5,0,252,357,0,304,1,2000,2000,1,33024,2048,0,0,0,0,0,0,215,320,44,7,0,0,0,0,0,0,0,0,0,0,0,0,0,0,0,0,0,0,0,0,0,0,'',1,3,1,1,1,1,0,0,0,0,0,0,0,0,1,0,2,'',12340),
(@ENTRY + 14,0,0,0,0,0,19633,0,0,0,'Glyphs IV','',NULL,0,70,70,1,35,128,1,1.14286,0.5,0,252,357,0,304,1,2000,2000,1,33024,2048,0,0,0,0,0,0,215,320,44,7,0,0,0,0,0,0,0,0,0,0,0,0,0,0,0,0,0,0,0,0,0,0,'',1,3,1,1,1,1,0,0,0,0,0,0,0,0,1,0,2,'',12340),
(@ENTRY + 15,0,0,0,0,0,19633,0,0,0,'Armor Enchantements I','',NULL,0,70,70,1,35,128,1,1.14286,0.5,0,252,357,0,304,1,2000,2000,1,33024,2048,0,0,0,0,0,0,215,320,44,7,0,0,0,0,0,0,0,0,0,0,0,0,0,0,0,0,0,0,0,0,0,0,'',1,3,1,1,1,1,0,0,0,0,0,0,0,0,1,0,2,'',12340),
(@ENTRY + 16,0,0,0,0,0,19633,0,0,0,'Armor Enchantements II','',NULL,0,70,70,1,35,128,1,1.14286,0.5,0,252,357,0,304,1,2000,2000,1,33024,2048,0,0,0,0,0,0,215,320,44,7,0,0,0,0,0,0,0,0,0,0,0,0,0,0,0,0,0,0,0,0,0,0,'',1,3,1,1,1,1,0,0,0,0,0,0,0,0,1,0,2,'',12340),
(@ENTRY + 17,0,0,0,0,0,19633,0,0,0,'Weapon Enchantements','',NULL,0,70,70,1,35,128,1,1.14286,0.5,0,252,357,0,304,1,2000,2000,1,33024,2048,0,0,0,0,0,0,215,320,44,7,0,0,0,0,0,0,0,0,0,0,0,0,0,0,0,0,0,0,0,0,0,0,'',1,3,1,1,1,1,0,0,0,0,0,0,0,0,1,0,2,'',12340),
(@ENTRY + 18,0,0,0,0,0,19633,0,0,0,'Gems','',NULL,0,70,70,1,35,128,1,1.14286,0.5,0,252,357,0,304,1,2000,2000,1,33024,2048,0,0,0,0,0,0,215,320,44,7,0,0,0,0,0,0,0,0,0,0,0,0,0,0,0,0,0,0,0,0,0,0,'',1,3,1,1,1,1,0,0,0,0,0,0,0,0,1,0,2,'',12340),
(@ENTRY + 19,0,0,0,0,0,19633,0,0,0,'Meta Gems','',NULL,0,70,70,1,35,128,1,1.14286,0.5,0,252,357,0,304,1,2000,2000,1,33024,2048,0,0,0,0,0,0,215,320,44,7,0,0,0,0,0,0,0,0,0,0,0,0,0,0,0,0,0,0,0,0,0,0,'',1,3,1,1,1,1,0,0,0,0,0,0,0,0,1,0,2,'',12340),
(@ENTRY + 20,0,0,0,0,0,19633,0,0,0,'Mounts','',NULL,0,70,70,1,35,128,1,1.14286,0.5,0,252,357,0,304,1,2000,2000,1,33024,2048,0,0,0,0,0,0,215,320,44,7,0,0,0,0,0,0,0,0,0,0,0,0,0,0,0,0,0,0,0,0,0,0,'',1,3,1,1,1,1,0,0,0,0,0,0,0,0,1,0,2,'',12340),
(@ENTRY + 21,0,0,0,0,0,19633,0,0,0,'Professions','',NULL,0,70,70,1,35,128,1,1.14286,0.5,0,252,357,0,304,1,2000,2000,1,33024,2048,0,0,0,0,0,0,215,320,44,7,0,0,0,0,0,0,0,0,0,0,0,0,0,0,0,0,0,0,0,0,0,0,'',1,3,1,1,1,1,0,0,0,0,0,0,0,0,1,0,2,'',12340),
(@ENTRY + 22,0,0,0,0,0,19633,0,0,0,'Reagents','',NULL,0,70,70,1,35,128,1,1.14286,0.5,0,252,357,0,304,1,2000,2000,1,33024,2048,0,0,0,0,0,0,215,320,44,7,0,0,0,0,0,0,0,0,0,0,0,0,0,0,0,0,0,0,0,0,0,0,'',1,3,1,1,1,1,0,0,0,0,0,0,0,0,1,0,2,'',12340);


DELETE FROM `creature` WHERE `guid` BETWEEN @GUID AND @GUID + @NPC_COUNT + 10;
INSERT INTO `creature` VALUES 
(@GUID + 0,@ENTRY + 0,571,1,1,0,0,5779.96,591.246,609.886,1.77901,300,0,0,6986,0,0,0,0,0),
(@GUID + 1,@ENTRY + 1,571,1,1,0,0,5782.77,592.053,609.886,1.81828,300,0,0,6986,0,0,0,0,0),
(@GUID + 2,@ENTRY + 2,571,1,1,0,0,5785.28,593.595,609.886,2.03505,300,0,0,6986,0,0,0,0,0),
(@GUID + 3,@ENTRY + 3,571,1,1,0,0,5787.65,595.44,609.886,2.20391,300,0,0,6986,0,0,0,0,0),
(@GUID + 4,@ENTRY + 4,571,1,1,0,0,5789.86,597.911,609.886,2.47644,300,0,0,6986,0,0,0,0,0),
(@GUID + 5,@ENTRY + 5,571,1,1,0,0,5791.25,600.845,609.886,2.67201,300,0,0,6986,0,0,0,0,0),
(@GUID + 6,@ENTRY + 6,571,1,1,0,0,5792.06,603.898,609.886,2.80867,300,0,0,6986,0,0,0,0,0),
(@GUID + 7,@ENTRY + 7,571,1,1,0,0,5792.37,606.828,609.886,2.94847,300,0,0,6986,0,0,0,0,0),
(@GUID + 8,@ENTRY + 8,571,1,1,0,0,5792.33,609.993,609.886,3.06785,300,0,0,6986,0,0,0,0,0),
(@GUID + 9,@ENTRY + 9,571,1,1,0,0,5762.27,609.751,609.886,5.45309,300,0,0,6986,0,0,0,0,0),
(@GUID + 10,@ENTRY + 10,571,1,1,0,0,5763.11,612.153,609.886,5.84657,300,0,0,6986,0,0,0,0,0),
(@GUID + 11,@ENTRY + 11,571,1,1,0,0,5764.28,615.094,609.886,5.64394,300,0,0,6986,0,0,0,0,0),
(@GUID + 12,@ENTRY + 12,571,1,1,0,0,5765.88,617.156,609.886,5.40911,300,0,0,6986,0,0,0,0,0),
(@GUID + 13,@ENTRY + 13,571,1,1,0,0,5768.33,618.98,609.886,5.684,300,0,0,6986,0,0,0,0,0),
(@GUID + 14,@ENTRY + 15,571,1,1,0,0,5770.58,620.857,609.886,5.38633,300,0,0,6986,0,0,0,0,0),
(@GUID + 15,@ENTRY + 16,571,1,1,0,0,5772.94,621.811,609.886,5.3879,300,0,0,6986,0,0,0,0,0),
(@GUID + 16,@ENTRY + 17,571,1,1,0,0,5775.73,622.672,609.886,4.62056,300,0,0,6986,0,0,0,0,0),
(@GUID + 17,@ENTRY + 18,571,1,1,0,0,5772.12,594.749,609.887,0.671601,300,0,0,6986,0,0,0,0,0),
(@GUID + 18,@ENTRY + 19,571,1,1,0,0,5769.01,598.663,609.887,0.671601,300,0,0,6986,0,0,0,0,0),
(@GUID + 19,@ENTRY + 20,571,1,1,0,0,5765.9,602.577,609.887,0.671601,300,0,0,6986,0,0,0,0,0),
(@GUID + 20,26324,571,1,1,0,0,5789.63,635.249,609.887,6.19059,300,0,0,8982,3155,0,0,0,0),
(@GUID + 21,26325,571,1,1,0,0,5789.61,637.368,609.887,0.064481,300,0,0,8982,3155,0,0,0,0),
(@GUID + 22,26326,571,1,1,0,0,5789.66,639.422,609.887,6.222,300,0,0,7185,7196,0,0,0,0),
(@GUID + 23,26327,571,1,1,0,0,5789.8,641.923,609.887,6.12776,300,0,0,8982,3155,0,0,0,0),
(@GUID + 24,26328,571,1,1,0,0,5790.57,644.228,609.887,5.92748,300,0,0,7185,7196,0,0,0,0),
(@GUID + 25,26329,571,1,1,0,0,5791.26,646.178,609.887,5.87251,300,0,0,8982,0,0,0,0,0),
(@GUID + 26,26330,571,1,1,0,0,5792.22,648.354,609.887,5.76648,300,0,0,8982,3155,0,0,0,0),
(@GUID + 27,26331,571,1,1,0,0,5794.21,650.77,609.887,5.54657,300,0,0,7185,7196,0,0,0,0),
(@GUID + 28,26332,571,1,1,0,0,5796.61,652.319,609.887,5.38165,300,0,0,8982,0,0,0,0,0),
(@GUID + 29,33251,571,1,1,0,0,5799.33,653.878,609.887,5.13425,300,0,0,5342,0,0,0,0,0);



DELETE FROM `npc_vendor` WHERE `entry` BETWEEN @ENTRY AND @ENTRY + @NPC_COUNT;

-- Wrathful items, not weapons
INSERT INTO npc_vendor SELECT @ENTRY, 0, `entry`, 0, 0, 0 FROM `item_template` WHERE `name` LIKE 'Wrathful%' AND `class` != 2;

-- Wrathful items, only weapons
INSERT INTO npc_vendor SELECT @ENTRY + 1, 0, `entry`, 0, 0, 0 FROM `item_template` WHERE `name` LIKE 'Wrathful%' AND `class` = 2;

-- ICC Plate items
INSERT INTO npc_vendor 
SELECT @ENTRY + 2, 0, c.item, 0, 0, 0
FROM reference_loot_template c 
JOIN item_template i ON i.entry = c.item
WHERE c.entry IN (34266, 34267, 34267, 34272, 34279, 34273, 34279, 34263, 34275, 34263, 34275, 34265, 34277, 34287, 34274, 34279, 34256, 34254, 34261, 34255, 34257, 34258, 34259, 34262, 34276, 34269)
AND i.class = 4 AND i.subclass = 4;
-- T10 Plate items
INSERT INTO npc_vendor 
SELECT @ENTRY + 2, 0, i.entry, 0, 0, 0
FROM item_template i 
WHERE i.NAME LIKE 'Sanctified%' AND i.ItemLevel = 277 AND i.class = 4 AND i.subclass = 4;

-- ICC Leather items
INSERT INTO npc_vendor 
SELECT @ENTRY + 3, 0, c.item, 0, 0, 0
FROM reference_loot_template c 
JOIN item_template i ON i.entry = c.item
WHERE c.entry IN (34266, 34267, 34267, 34272, 34279, 34273, 34279, 34263, 34275, 34263, 34275, 34265, 34277, 34287, 34274, 34279, 34256, 34254, 34261, 34255, 34257, 34258, 34259, 34262, 34276, 34269)
AND i.class = 4 AND i.subclass = 2;
-- T10 Leather items
INSERT INTO npc_vendor 
SELECT @ENTRY + 3, 0, i.entry, 0, 0, 0
FROM item_template i 
WHERE i.NAME LIKE 'Sanctified%' AND i.ItemLevel = 277 AND i.class = 4 AND i.subclass = 2;

-- ICC Mail items
INSERT INTO npc_vendor 
SELECT @ENTRY + 4, 0, c.item, 0, 0, 0
FROM reference_loot_template c 
JOIN item_template i ON i.entry = c.item
WHERE c.entry IN (34266, 34267, 34267, 34272, 34279, 34273, 34279, 34263, 34275, 34263, 34275, 34265, 34277, 34287, 34274, 34279, 34256, 34254, 34261, 34255, 34257, 34258, 34259, 34262, 34276, 34269)
AND i.class = 4 AND i.subclass = 3;
-- T10 Mail items
INSERT INTO npc_vendor 
SELECT @ENTRY + 4, 0, i.entry, 0, 0, 0
FROM item_template i 
WHERE i.NAME LIKE 'Sanctified%' AND i.ItemLevel = 277 AND i.class = 4 AND i.subclass = 3;

-- ICC Cloth items
INSERT INTO npc_vendor 
SELECT @ENTRY + 5, 0, c.item, 0, 0, 0
FROM reference_loot_template c 
JOIN item_template i ON i.entry = c.item
WHERE c.entry IN (34266, 34267, 34267, 34272, 34279, 34273, 34279, 34263, 34275, 34263, 34275, 34265, 34277, 34287, 34274, 34279, 34256, 34254, 34261, 34255, 34257, 34258, 34259, 34262, 34276, 34269)
 AND i.class = 4 AND i.subclass = 1;
-- T10 Cloth items
INSERT INTO npc_vendor 
SELECT @ENTRY + 5, 0, i.entry, 0, 0, 0
FROM item_template i 
WHERE i.NAME LIKE 'Sanctified%' AND i.ItemLevel = 277 AND i.class = 4 AND i.subclass = 1;

-- ICC Weapons
INSERT INTO npc_vendor 
SELECT @ENTRY + 6, 0, c.item, 0, 0, 0
FROM reference_loot_template c 
JOIN item_template i ON i.entry = c.item
WHERE c.entry IN (34266, 34267, 34267, 34272, 34279, 34273, 34279, 34263, 34275, 34263, 34275, 34265, 34277, 34287, 34274, 34279, 34256, 34254, 34261, 34255, 34257, 34258, 34259, 34262, 34276, 34269)
AND i.class = 2;

-- ICC Shields&Offhands
INSERT INTO npc_vendor 
SELECT @ENTRY + 7, 0, c.item, 0, 0, 0
FROM reference_loot_template c 
JOIN item_template i ON i.entry = c.item
WHERE c.entry IN (34266, 34267, 34267, 34272, 34279, 34273, 34279, 34263, 34275, 34263, 34275, 34265, 34277, 34287, 34274, 34279, 34256, 34254, 34261, 34255, 34257, 34258, 34259, 34262, 34276, 34269)
AND i.InventoryType IN (14,23);

-- ICC Rings&Necks
INSERT INTO npc_vendor 
SELECT @ENTRY + 8, 0, c.item, 0, 0, 0
FROM reference_loot_template c 
JOIN item_template i ON i.entry = c.item
WHERE c.entry IN (34266, 34267, 34267, 34272, 34279, 34273, 34279, 34263, 34275, 34263, 34275, 34265, 34277, 34287, 34274, 34279, 34256, 34254, 34261, 34255, 34257, 34258, 34259, 34262, 34276, 34269)
AND i.InventoryType IN (2,11);

-- ICC Trinkets
INSERT INTO npc_vendor 
SELECT @ENTRY + 9, 0, c.item, 0, 0, 0
FROM reference_loot_template c 
JOIN item_template i ON i.entry = c.item
WHERE c.entry IN (34266, 34267, 34267, 34272, 34279, 34273, 34279, 34263, 34275, 34263, 34275, 34265, 34277, 34287, 34274, 34279, 34256, 34254, 34261, 34255, 34257, 34258, 34259, 34262, 34276, 34269)
AND i.InventoryType = 12;

-- ICC Cloaks
INSERT INTO npc_vendor 
SELECT @ENTRY + 10, 0, c.item, 0, 0, 0
FROM reference_loot_template c 
JOIN item_template i ON i.entry = c.item
WHERE c.entry IN (34266, 34267, 34267, 34272, 34279, 34273, 34279, 34263, 34275, 34263, 34275, 34265, 34277, 34287, 34274, 34279, 34256, 34254, 34261, 34255, 34257, 34258, 34259, 34262, 34276, 34269)
AND i.InventoryType = 16;

-- Relics
INSERT INTO npc_vendor
SELECT @ENTRY + 10, 0, entry, 0, 0, 0 FROM item_template i WHERE i.InventoryType = 28 AND i.ItemLevel = 264;

-- All items for free!!!11
UPDATE item_template i SET BuyPrice = 0;

-- Glyphs
INSERT INTO npc_vendor
SELECT @ENTRY + 11, 0, entry, 0, 0, 0 FROM item_template i WHERE i.class = 16 LIMIT 150;
INSERT INTO npc_vendor
SELECT @ENTRY + 12, 0, entry, 0, 0, 0 FROM item_template i WHERE i.class = 16 LIMIT 150,150;
INSERT INTO npc_vendor
SELECT @ENTRY + 13, 0, entry, 0, 0, 0 FROM item_template i WHERE i.class = 16 AND i.name NOT like '%deprecated%' LIMIT 300,150;


-- Enchantements
INSERT INTO npc_vendor
SELECT @ENTRY + 15, 0, entry, 0, 0, 0 FROM item_template i WHERE `name` LIKE 'Scroll of Enchant%' AND `name` NOT LIKE '%weapon%' LIMIT 100;
INSERT INTO npc_vendor
SELECT @ENTRY + 16, 0, entry, 0, 0, 0 FROM item_template i WHERE `name` LIKE 'Scroll of Enchant%' AND `name` NOT LIKE '%weapon%' LIMIT 100,100;
INSERT INTO npc_vendor
SELECT @ENTRY + 17, 0, entry, 0, 0, 0 FROM item_template i WHERE `name` LIKE 'Scroll of Enchant Weapon%';

-- Gems
INSERT INTO `npc_vendor` VALUES 
(@ENTRY + 18,0,40111,0,0,0),
(@ENTRY + 18,0,40112,0,0,0),
(@ENTRY + 18,0,40113,0,0,0),
(@ENTRY + 18,0,40114,0,0,0),
(@ENTRY + 18,0,40115,0,0,0),
(@ENTRY + 18,0,40117,0,0,0),
(@ENTRY + 18,0,40118,0,0,0),
(@ENTRY + 18,0,40119,0,0,0),
(@ENTRY + 18,0,40120,0,0,0),
(@ENTRY + 18,0,40121,0,0,0),
(@ENTRY + 18,0,40122,0,0,0),
(@ENTRY + 18,0,40123,0,0,0),
(@ENTRY + 18,0,40124,0,0,0),
(@ENTRY + 18,0,40125,0,0,0),
(@ENTRY + 18,0,40126,0,0,0),
(@ENTRY + 18,0,40127,0,0,0),
(@ENTRY + 18,0,40128,0,0,0),
(@ENTRY + 18,0,40129,0,0,0),
(@ENTRY + 18,0,40130,0,0,0),
(@ENTRY + 18,0,40131,0,0,0),
(@ENTRY + 18,0,40132,0,0,0),
(@ENTRY + 18,0,40133,0,0,0),
(@ENTRY + 18,0,40134,0,0,0),
(@ENTRY + 18,0,40135,0,0,0),
(@ENTRY + 18,0,40136,0,0,0),
(@ENTRY + 18,0,40137,0,0,0),
(@ENTRY + 18,0,40138,0,0,0),
(@ENTRY + 18,0,40139,0,0,0),
(@ENTRY + 18,0,40140,0,0,0),
(@ENTRY + 18,0,40141,0,0,0),
(@ENTRY + 18,0,40142,0,0,0),
(@ENTRY + 18,0,40143,0,0,0),
(@ENTRY + 18,0,40145,0,0,0),
(@ENTRY + 18,0,40147,0,0,0),
(@ENTRY + 18,0,40148,0,0,0),
(@ENTRY + 18,0,40149,0,0,0),
(@ENTRY + 18,0,40150,0,0,0),
(@ENTRY + 18,0,40152,0,0,0),
(@ENTRY + 18,0,40153,0,0,0),
(@ENTRY + 18,0,40155,0,0,0),
(@ENTRY + 18,0,40157,0,0,0),
(@ENTRY + 18,0,40162,0,0,0),
(@ENTRY + 18,0,40163,0,0,0),
(@ENTRY + 18,0,40164,0,0,0),
(@ENTRY + 18,0,40165,0,0,0),
(@ENTRY + 18,0,40166,0,0,0),
(@ENTRY + 18,0,40167,0,0,0),
(@ENTRY + 18,0,40168,0,0,0),
(@ENTRY + 18,0,40169,0,0,0),
(@ENTRY + 18,0,40171,0,0,0),
(@ENTRY + 18,0,40172,0,0,0),
(@ENTRY + 18,0,40173,0,0,0),
(@ENTRY + 18,0,40174,0,0,0),
(@ENTRY + 18,0,40175,0,0,0),
(@ENTRY + 18,0,40176,0,0,0),
(@ENTRY + 18,0,40177,0,0,0),
(@ENTRY + 18,0,40178,0,0,0),
(@ENTRY + 18,0,40179,0,0,0),
(@ENTRY + 18,0,40180,0,0,0),
(@ENTRY + 18,0,40181,0,0,0),
(@ENTRY + 18,0,40182,0,0,0),
(@ENTRY + 18,0,41611,0,0,0),
(@ENTRY + 18,0,42142,0,0,0),
(@ENTRY + 18,0,42143,0,0,0),
(@ENTRY + 18,0,42145,0,0,0),
(@ENTRY + 18,0,42146,0,0,0),
(@ENTRY + 18,0,42148,0,0,0),
(@ENTRY + 18,0,42149,0,0,0),
(@ENTRY + 18,0,42150,0,0,0),
(@ENTRY + 18,0,42153,0,0,0),
(@ENTRY + 18,0,42154,0,0,0),
(@ENTRY + 18,0,42155,0,0,0),
(@ENTRY + 18,0,42156,0,0,0),
(@ENTRY + 18,0,42157,0,0,0),
(@ENTRY + 18,0,42158,0,0,0),
(@ENTRY + 18,0,49110,0,0,0);

-- Meta gems
INSERT INTO `npc_vendor` VALUES 
(@ENTRY + 19,0,25896,0,0,0),
(@ENTRY + 19,0,41285,0,0,0),
(@ENTRY + 19,0,41307,0,0,0),
(@ENTRY + 19,0,41333,0,0,0),
(@ENTRY + 19,0,41335,0,0,0),
(@ENTRY + 19,0,41339,0,0,0),
(@ENTRY + 19,0,41375,0,0,0),
(@ENTRY + 19,0,41376,0,0,0),
(@ENTRY + 19,0,41377,0,0,0),
(@ENTRY + 19,0,41378,0,0,0),
(@ENTRY + 19,0,41379,0,0,0),
(@ENTRY + 19,0,41380,0,0,0),
(@ENTRY + 19,0,41381,0,0,0),
(@ENTRY + 19,0,41382,0,0,0),
(@ENTRY + 19,0,41385,0,0,0),
(@ENTRY + 19,0,41389,0,0,0),
(@ENTRY + 19,0,41395,0,0,0),
(@ENTRY + 19,0,41396,0,0,0),
(@ENTRY + 19,0,41397,0,0,0),
(@ENTRY + 19,0,41398,0,0,0),
(@ENTRY + 19,0,41400,0,0,0),
(@ENTRY + 19,0,41401,0,0,0);

-- Mounts
INSERT INTO `npc_vendor` VALUES 
(@ENTRY + 20,0,33225,0,0,0);

-- Death knight trainer
UPDATE creature_template SET npcflag = 49, trainer_class = 6 WHERE entry = 33251;
DELETE FROM npc_trainer WHERE entry = 33251;
INSERT INTO npc_trainer(entry, spell) VALUES (33251, -200019);

DELETE FROM `npc_trainer` WHERE `entry` = 26332 AND `spell` = 71;
DELETE FROM `npc_trainer` WHERE `entry` = 26332 AND `spell` = 7386;
DELETE FROM `npc_trainer` WHERE `entry` = 26332 AND `spell` = 355;
DELETE FROM `npc_trainer` WHERE `entry` = 26332 AND `spell` = 2458;
DELETE FROM `npc_trainer` WHERE `entry` = 26332 AND `spell` = 20252;
DELETE FROM `npc_trainer` WHERE `entry` = 26331 AND `spell` = 688;
DELETE FROM `npc_trainer` WHERE `entry` = 26331 AND `spell` = 697;
DELETE FROM `npc_trainer` WHERE `entry` = 26331 AND `spell` = 712;
DELETE FROM `npc_trainer` WHERE `entry` = 26331 AND `spell` = 691;
DELETE FROM `npc_trainer` WHERE `entry` = 26331 AND `spell` = 23161;
DELETE FROM `npc_trainer` WHERE `entry` = 26327 AND `spell` = 7328;
DELETE FROM `npc_trainer` WHERE `entry` = 26327 AND `spell` = 31801;
DELETE FROM `npc_trainer` WHERE `entry` = 26325 AND `spell` = 883;
DELETE FROM `npc_trainer` WHERE `entry` = 26325 AND `spell` = 1515;
DELETE FROM `npc_trainer` WHERE `entry` = 26325 AND `spell` = 2641;
DELETE FROM `npc_trainer` WHERE `entry` = 26325 AND `spell` = 6991;
DELETE FROM `npc_trainer` WHERE `entry` = 26325 AND `spell` = 982;
DELETE FROM `npc_trainer` WHERE `entry` = 26325 AND `spell` = 5149;
DELETE FROM `npc_trainer` WHERE `entry` = 26330 AND `spell` = 8071;
DELETE FROM `npc_trainer` WHERE `entry` = 26330 AND `spell` = 3599;
DELETE FROM `npc_trainer` WHERE `entry` = 26330 AND `spell` = 5394;
DELETE FROM `npc_trainer` WHERE `entry` = 26329 AND `spell` = 2842;
DELETE FROM `npc_trainer` WHERE `entry` = 26324 AND `spell` = 5487;
DELETE FROM `npc_trainer` WHERE `entry` = 26324 AND `spell` = 6807;
DELETE FROM `npc_trainer` WHERE `entry` = 26324 AND `spell` = 6795;
DELETE FROM `npc_trainer` WHERE `entry` = 26324 AND `spell` = 8946;
DELETE FROM `npc_trainer` WHERE `entry` = 26324 AND `spell` = 1066;
DELETE FROM `npc_trainer` WHERE `entry` = 26324 AND `spell` = 40120;

-- Add spells from quests to trainers
INSERT INTO `npc_trainer` (`entry`, `spell`, `spellcost`, `reqskill`, `reqskillvalue`, `reqlevel`) VALUES
(26332, 71, 0, 0, 0, 10),
(26332, 7386, 0, 0, 0, 10),
(26332, 355, 0, 0, 0, 10),
(26332, 2458, 0, 0, 0, 30),
(26332, 20252, 0, 0, 0, 30),
(26331, 688, 0, 0, 0, 5),
(26331, 697, 0, 0, 0, 10),
(26331, 712, 0, 0, 0, 10),
(26331, 691, 0, 0, 0, 30),
(26331, 23161, 0, 0, 0, 60),
(26327, 7328, 0, 0, 0, 10),
(26327, 31801, 0, 0, 0, 10),
(26325, 883, 0, 0, 0, 10),
(26325, 1515, 0, 0, 0, 10),
(26325, 2641, 0, 0, 0, 10),
(26325, 6991, 0, 0, 0, 10),
(26325, 982, 0, 0, 0, 10),
(26325, 5149, 0, 0, 0, 10),
(26330, 8071, 0, 0, 0, 4),
(26330, 3599, 0, 0, 0, 10),
(26330, 5394, 0, 0, 0, 20),
(26329, 2842, 0, 0, 0, 20),
(26324, 5487, 0, 0, 0, 10),
(26324, 6807, 0, 0, 0, 10),
(26324, 6795, 0, 0, 0, 10),
(26324, 8946, 0, 0, 0, 14),
(26324, 1066, 0, 0, 0, 16),
(26324, 40120, 0, 0, 0, 70);