DELETE FROM `creature_template` WHERE `creature_template`.`entry` = 96000;
DELETE FROM `creature_template` WHERE `creature_template`.`entry` = 96001;
DELETE FROM `creature_template` WHERE `creature_template`.`entry` = 96002;
DELETE FROM `creature_template` WHERE `creature_template`.`entry` = 96003;
DELETE FROM `creature_template` WHERE `creature_template`.`entry` = 96004;
DELETE FROM `creature_template` WHERE `creature_template`.`entry` = 96005;
DELETE FROM `creature_template` WHERE `creature_template`.`entry` = 96006;
DELETE FROM `creature_template` WHERE `creature_template`.`entry` = 96007;
DELETE FROM `creature_template` WHERE `creature_template`.`entry` = 96008;
DELETE FROM `creature_template` WHERE `creature_template`.`entry` = 96009;
DELETE FROM `creature_template` WHERE `creature_template`.`entry` = 96010;
DELETE FROM `creature_template` WHERE `creature_template`.`entry` = 96011;
DELETE FROM `creature_template` WHERE `creature_template`.`entry` = 96012;
DELETE FROM `creature_template` WHERE `creature_template`.`entry` = 96013;
DELETE FROM `creature_template` WHERE `creature_template`.`entry` = 96014;

INSERT INTO `creature_template` (`entry`, `difficulty_entry_1`, `difficulty_entry_2`, `difficulty_entry_3`, `KillCredit1`, `KillCredit2`, `modelid1`, `modelid2`, `modelid3`, `modelid4`, `name`, `subname`, `IconName`, `gossip_menu_id`, `minlevel`, `maxlevel`, `exp`, `faction`, `npcflag`, `speed_walk`, `speed_run`, `scale`, `rank`, `mindmg`, `maxdmg`, `dmgschool`, `attackpower`, `dmg_multiplier`, `baseattacktime`, `rangeattacktime`, `unit_class`, `unit_flags`, `unit_flags2`, `dynamicflags`, `family`, `trainer_type`, `trainer_spell`, `trainer_class`, `trainer_race`, `minrangedmg`, `maxrangedmg`, `rangedattackpower`, `type`, `type_flags`, `lootid`, `pickpocketloot`, `skinloot`, `resistance1`, `resistance2`, `resistance3`, `resistance4`, `resistance5`, `resistance6`, `spell1`, `spell2`, `spell3`, `spell4`, `spell5`, `spell6`, `spell7`, `spell8`, `PetSpellDataId`, `VehicleId`, `mingold`, `maxgold`, `AIName`, `MovementType`, `InhabitType`, `HoverHeight`, `Health_mod`, `Mana_mod`, `Armor_mod`, `RacialLeader`, `questItem1`, `questItem2`, `questItem3`, `questItem4`, `questItem5`, `questItem6`, `movementId`, `RegenHealth`, `mechanic_immune_mask`, `flags_extra`, `ScriptName`, `VerifiedBuild`) VALUES
(96000, 0, 0, 0, 0, 0, 27886, 26078, 28154, 28150, 'Violet Lorekeeper', '', '', 0, 1, 1, 0, 35, 3, 1, 1.14286, 1, 0, 0, 0, 0, 0, 1, 2000, 2000, 1, 2, 2048, 0, 0, 0, 0, 0, 0, 0, 0, 0, 7, 0, 0, 0, 0, 0, 0, 0, 0, 0, 0, 0, 0, 0, 0, 0, 0, 0, 0, 0, 0, 0, 0, '', 0, 5, 1, 1, 1, 1, 0, 0, 0, 0, 0, 0, 0, 0, 1, 0, 2, 'npc_lore', 12340),
(96001, 0, 0, 0, 0, 0, 27886, 26078, 28154, 28150, 'Violet Lorekeeper', '', '', 0, 1, 1, 0, 35, 3, 1, 1.14286, 1, 0, 0, 0, 0, 0, 1, 2000, 2000, 1, 2, 2048, 0, 0, 0, 0, 0, 0, 0, 0, 0, 7, 0, 0, 0, 0, 0, 0, 0, 0, 0, 0, 0, 0, 0, 0, 0, 0, 0, 0, 0, 0, 0, 0, '', 0, 5, 1, 1, 1, 1, 0, 0, 0, 0, 0, 0, 0, 0, 1, 0, 2, 'npc_lore', 12340),
(96002, 0, 0, 0, 0, 0, 27886, 26078, 28154, 28150, 'Violet Lorekeeper', '', '', 0, 1, 1, 0, 35, 3, 1, 1.14286, 1, 0, 0, 0, 0, 0, 1, 2000, 2000, 1, 2, 2048, 0, 0, 0, 0, 0, 0, 0, 0, 0, 7, 0, 0, 0, 0, 0, 0, 0, 0, 0, 0, 0, 0, 0, 0, 0, 0, 0, 0, 0, 0, 0, 0, '', 0, 5, 1, 1, 1, 1, 0, 0, 0, 0, 0, 0, 0, 0, 1, 0, 2, 'npc_lore', 12340),
(96003, 0, 0, 0, 0, 0, 27886, 26078, 28154, 28150, 'Violet Lorekeeper', '', '', 0, 1, 1, 0, 35, 3, 1, 1.14286, 1, 0, 0, 0, 0, 0, 1, 2000, 2000, 1, 2, 2048, 0, 0, 0, 0, 0, 0, 0, 0, 0, 7, 0, 0, 0, 0, 0, 0, 0, 0, 0, 0, 0, 0, 0, 0, 0, 0, 0, 0, 0, 0, 0, 0, '', 0, 5, 1, 1, 1, 1, 0, 0, 0, 0, 0, 0, 0, 0, 1, 0, 2, 'npc_lore', 12340),
(96004, 0, 0, 0, 0, 0, 27886, 26078, 28154, 28150, 'Violet Lorekeeper', '', '', 0, 1, 1, 0, 35, 3, 1, 1.14286, 1, 0, 0, 0, 0, 0, 1, 2000, 2000, 1, 2, 2048, 0, 0, 0, 0, 0, 0, 0, 0, 0, 7, 0, 0, 0, 0, 0, 0, 0, 0, 0, 0, 0, 0, 0, 0, 0, 0, 0, 0, 0, 0, 0, 0, '', 0, 5, 1, 1, 1, 1, 0, 0, 0, 0, 0, 0, 0, 0, 1, 0, 2, 'npc_lore', 12340),
(96005, 0, 0, 0, 0, 0, 27886, 26078, 28154, 28150, 'Violet Lorekeeper', '', '', 0, 1, 1, 0, 35, 3, 1, 1.14286, 1, 0, 0, 0, 0, 0, 1, 2000, 2000, 1, 2, 2048, 0, 0, 0, 0, 0, 0, 0, 0, 0, 7, 0, 0, 0, 0, 0, 0, 0, 0, 0, 0, 0, 0, 0, 0, 0, 0, 0, 0, 0, 0, 0, 0, '', 0, 5, 1, 1, 1, 1, 0, 0, 0, 0, 0, 0, 0, 0, 1, 0, 2, 'npc_lore', 12340),
(96006, 0, 0, 0, 0, 0, 27886, 26078, 28154, 28150, 'Violet Lorekeeper', '', '', 0, 1, 1, 0, 35, 3, 1, 1.14286, 1, 0, 0, 0, 0, 0, 1, 2000, 2000, 1, 2, 2048, 0, 0, 0, 0, 0, 0, 0, 0, 0, 7, 0, 0, 0, 0, 0, 0, 0, 0, 0, 0, 0, 0, 0, 0, 0, 0, 0, 0, 0, 0, 0, 0, '', 0, 5, 1, 1, 1, 1, 0, 0, 0, 0, 0, 0, 0, 0, 1, 0, 2, 'npc_lore', 12340),
(96007, 0, 0, 0, 0, 0, 27886, 26078, 28154, 28150, 'Violet Lorekeeper', '', '', 0, 1, 1, 0, 35, 3, 1, 1.14286, 1, 0, 0, 0, 0, 0, 1, 2000, 2000, 1, 2, 2048, 0, 0, 0, 0, 0, 0, 0, 0, 0, 7, 0, 0, 0, 0, 0, 0, 0, 0, 0, 0, 0, 0, 0, 0, 0, 0, 0, 0, 0, 0, 0, 0, '', 0, 5, 1, 1, 1, 1, 0, 0, 0, 0, 0, 0, 0, 0, 1, 0, 2, 'npc_lore', 12340),
(96008, 0, 0, 0, 0, 0, 27886, 26078, 28154, 28150, 'Violet Lorekeeper', '', '', 0, 1, 1, 0, 35, 3, 1, 1.14286, 1, 0, 0, 0, 0, 0, 1, 2000, 2000, 1, 2, 2048, 0, 0, 0, 0, 0, 0, 0, 0, 0, 7, 0, 0, 0, 0, 0, 0, 0, 0, 0, 0, 0, 0, 0, 0, 0, 0, 0, 0, 0, 0, 0, 0, '', 0, 5, 1, 1, 1, 1, 0, 0, 0, 0, 0, 0, 0, 0, 1, 0, 2, 'npc_lore', 12340),
(96009, 0, 0, 0, 0, 0, 27886, 26078, 28154, 28150, 'Violet Lorekeeper', '', '', 0, 1, 1, 0, 35, 3, 1, 1.14286, 1, 0, 0, 0, 0, 0, 1, 2000, 2000, 1, 2, 2048, 0, 0, 0, 0, 0, 0, 0, 0, 0, 7, 0, 0, 0, 0, 0, 0, 0, 0, 0, 0, 0, 0, 0, 0, 0, 0, 0, 0, 0, 0, 0, 0, '', 0, 5, 1, 1, 1, 1, 0, 0, 0, 0, 0, 0, 0, 0, 1, 0, 2, 'npc_lore', 12340),
(96010, 0, 0, 0, 0, 0, 27886, 26078, 28154, 28150, 'Violet Lorekeeper', '', '', 0, 1, 1, 0, 35, 3, 1, 1.14286, 1, 0, 0, 0, 0, 0, 1, 2000, 2000, 1, 2, 2048, 0, 0, 0, 0, 0, 0, 0, 0, 0, 7, 0, 0, 0, 0, 0, 0, 0, 0, 0, 0, 0, 0, 0, 0, 0, 0, 0, 0, 0, 0, 0, 0, '', 0, 5, 1, 1, 1, 1, 0, 0, 0, 0, 0, 0, 0, 0, 1, 0, 2, 'npc_lore', 12340),
(96011, 0, 0, 0, 0, 0, 27886, 26078, 28154, 28150, 'Violet Lorekeeper', '', '', 0, 1, 1, 0, 35, 3, 1, 1.14286, 1, 0, 0, 0, 0, 0, 1, 2000, 2000, 1, 2, 2048, 0, 0, 0, 0, 0, 0, 0, 0, 0, 7, 0, 0, 0, 0, 0, 0, 0, 0, 0, 0, 0, 0, 0, 0, 0, 0, 0, 0, 0, 0, 0, 0, '', 0, 5, 1, 1, 1, 1, 0, 0, 0, 0, 0, 0, 0, 0, 1, 0, 2, 'npc_lore', 12340),
(96012, 0, 0, 0, 0, 0, 27886, 26078, 28154, 28150, 'Violet Lorekeeper', '', '', 0, 1, 1, 0, 35, 3, 1, 1.14286, 1, 0, 0, 0, 0, 0, 1, 2000, 2000, 1, 2, 2048, 0, 0, 0, 0, 0, 0, 0, 0, 0, 7, 0, 0, 0, 0, 0, 0, 0, 0, 0, 0, 0, 0, 0, 0, 0, 0, 0, 0, 0, 0, 0, 0, '', 0, 5, 1, 1, 1, 1, 0, 0, 0, 0, 0, 0, 0, 0, 1, 0, 2, 'npc_lore', 12340),
(96013, 0, 0, 0, 0, 0, 27886, 26078, 28154, 28150, 'Violet Lorekeeper', '', '', 0, 1, 1, 0, 35, 3, 1, 1.14286, 1, 0, 0, 0, 0, 0, 1, 2000, 2000, 1, 2, 2048, 0, 0, 0, 0, 0, 0, 0, 0, 0, 7, 0, 0, 0, 0, 0, 0, 0, 0, 0, 0, 0, 0, 0, 0, 0, 0, 0, 0, 0, 0, 0, 0, '', 0, 5, 1, 1, 1, 1, 0, 0, 0, 0, 0, 0, 0, 0, 1, 0, 2, 'npc_lore', 12340),
(96014, 0, 0, 0, 0, 0, 27886, 26078, 28154, 28150, 'Violet Lorekeeper', '', '', 0, 1, 1, 0, 35, 3, 1, 1.14286, 1, 0, 0, 0, 0, 0, 1, 2000, 2000, 1, 2, 2048, 0, 0, 0, 0, 0, 0, 0, 0, 0, 7, 0, 0, 0, 0, 0, 0, 0, 0, 0, 0, 0, 0, 0, 0, 0, 0, 0, 0, 0, 0, 0, 0, '', 0, 5, 1, 1, 1, 1, 0, 0, 0, 0, 0, 0, 0, 0, 1, 0, 2, 'npc_lore', 12340);


DELETE FROM `creature` WHERE `creature`.`id` = 96000;
DELETE FROM `creature` WHERE `creature`.`id` = 96001;
DELETE FROM `creature` WHERE `creature`.`id` = 96002;
DELETE FROM `creature` WHERE `creature`.`id` = 96003;
DELETE FROM `creature` WHERE `creature`.`id` = 96004;
DELETE FROM `creature` WHERE `creature`.`id` = 96005;
DELETE FROM `creature` WHERE `creature`.`id` = 96006;
DELETE FROM `creature` WHERE `creature`.`id` = 96007;
DELETE FROM `creature` WHERE `creature`.`id` = 96008;
DELETE FROM `creature` WHERE `creature`.`id` = 96009;
DELETE FROM `creature` WHERE `creature`.`id` = 96010;
DELETE FROM `creature` WHERE `creature`.`id` = 96011;
DELETE FROM `creature` WHERE `creature`.`id` = 96012;
DELETE FROM `creature` WHERE `creature`.`id` = 96013;
DELETE FROM `creature` WHERE `creature`.`id` = 96014;



INSERT INTO `creature` (`guid`, `id`, `map`, `spawnMask`, `phaseMask`, `modelid`, `equipment_id`, `position_x`, `position_y`, `position_z`, `orientation`, `spawntimesecs`, `spawndist`, `currentwaypoint`, `curhealth`, `curmana`, `MovementType`, `npcflag`, `unit_flags`, `dynamicflags`) VALUES
(NULL, 96000, 1, 1, 1, 0, 0, 1609.473267, -4418.912109, 12.715067, 0.421713, 300, 10, 0, 0, 0, 0, 0, 0, 0),
(NULL, 96000, 0, 1, 1, 0, 0, -8821.161133, 650.981323, 94.897324, 4.909883, 300, 10, 0, 0, 0, 0, 0, 0, 0),
(NULL, 96001, 530, 1, 1, 0, 0, 11968.123047, -7232.413086, 20.190392, 3.660151, 300, 10, 0, 0, 0, 0, 0, 0, 0),
(NULL, 96002, 1, 1, 1, 0, 0, 2905.322266, -970.780212, 202.037628, 0.459418, 300, 10, 0, 0, 0, 0, 0, 0, 0),
(NULL, 96003, 0, 1, 1, 0, 0, -5959.536621, -2486.048828, 336.281433, 5.609297, 300, 10, 0, 0, 0, 0, 0, 0, 0),
(NULL, 96004, 1, 1, 1, 0, 0, 2421.130859, -6887.528809, 109.937454, 0.482921, 300, 10, 0, 0, 0, 0, 0, 0, 0),
(NULL, 96005, 0, 1, 1, 0, 0, -11188.740234, -1859.589478, 74.555946, 0.749455, 300, 10, 0, 0, 0, 0, 0, 0, 0),
(NULL, 96006, 1, 1, 1, 0, 0, -362.255005, 2485.139893, 75.496498, 0.541052, 300, 10, 0, 0, 0, 0, 0, 0, 0),
(NULL, 96007, 0, 1, 1, 0, 0, -2038.035522, -2154.931885, 20.357569, 2.971867, 300, 10, 0, 0, 0, 0, 0, 0, 0),
(NULL, 96008, 0, 1, 1, 0, 0, -14188.663086, 735.164185, 20.034155, 0.410929, 300, 10, 0, 0, 0, 0, 0, 0, 0),
(NULL, 96009, 1, 1, 1, 0, 0, 5057.944336, -4861.873047, 869.549377, 1.518847, 300, 10, 0, 0, 0, 0, 0, 0, 0),
(NULL, 96010, 1, 1, 1, 0, 0, -8083.519043, 1647.633667, 24.331018, 5.220253, 300, 10, 0, 0, 0, 0, 0, 0, 0),
(NULL, 96011, 0, 1, 1, 0, 0, -10920.391602, -4425.344238, 14.308044, 0.913790, 300, 10, 0, 0, 0, 0, 0, 0, 0),
(NULL, 96012, 0, 1, 1, 0, 0, -4059.555176, -3450.397461, 281.388428, 3.674794, 300, 10, 0, 0, 0, 0, 0, 0, 0),
(NULL, 96013, 0, 1, 1, 0, 0, -7552.549805, -700.701233, 200.438873, 3.973514, 300, 10, 0, 0, 0, 0, 0, 0, 0),
(NULL, 96014, 1, 1, 1, 0, 0, -4147.500977, -4044.815430, 3.121097, 5.347445, 300, 10, 0, 0, 0, 0, 0, 0, 0),
(NULL, 96014, 0, 1, 1, 0, 0, 2676.263672, -2479.377930, 72.893776, 2.882562, 300, 10, 0, 0, 0, 0, 0, 0, 0);

DELETE FROM `npc_text` WHERE `npc_text`.`ID` = 950001;
DELETE FROM `npc_text` WHERE `npc_text`.`ID` = 950002;
DELETE FROM `npc_text` WHERE `npc_text`.`ID` = 950003;
DELETE FROM `npc_text` WHERE `npc_text`.`ID` = 950004;
DELETE FROM `npc_text` WHERE `npc_text`.`ID` = 950005;
DELETE FROM `npc_text` WHERE `npc_text`.`ID` = 950006;
DELETE FROM `npc_text` WHERE `npc_text`.`ID` = 950007;
DELETE FROM `npc_text` WHERE `npc_text`.`ID` = 950008;
DELETE FROM `npc_text` WHERE `npc_text`.`ID` = 950009;
DELETE FROM `npc_text` WHERE `npc_text`.`ID` = 950010;
DELETE FROM `npc_text` WHERE `npc_text`.`ID` = 950011;
DELETE FROM `npc_text` WHERE `npc_text`.`ID` = 950012;
DELETE FROM `npc_text` WHERE `npc_text`.`ID` = 950013;
DELETE FROM `npc_text` WHERE `npc_text`.`ID` = 950014;
DELETE FROM `npc_text` WHERE `npc_text`.`ID` = 950015;
DELETE FROM `npc_text` WHERE `npc_text`.`ID` = 950016;

--

DELETE FROM `npc_text` WHERE `npc_text`.`ID` = 960001;
DELETE FROM `npc_text` WHERE `npc_text`.`ID` = 960002;
DELETE FROM `npc_text` WHERE `npc_text`.`ID` = 960003;
DELETE FROM `npc_text` WHERE `npc_text`.`ID` = 960004;
DELETE FROM `npc_text` WHERE `npc_text`.`ID` = 960005;
DELETE FROM `npc_text` WHERE `npc_text`.`ID` = 960006;
DELETE FROM `npc_text` WHERE `npc_text`.`ID` = 960007;
DELETE FROM `npc_text` WHERE `npc_text`.`ID` = 960008;
DELETE FROM `npc_text` WHERE `npc_text`.`ID` = 960009;
DELETE FROM `npc_text` WHERE `npc_text`.`ID` = 960010;
DELETE FROM `npc_text` WHERE `npc_text`.`ID` = 960011;
DELETE FROM `npc_text` WHERE `npc_text`.`ID` = 960012;
DELETE FROM `npc_text` WHERE `npc_text`.`ID` = 960013;
DELETE FROM `npc_text` WHERE `npc_text`.`ID` = 960014;
DELETE FROM `npc_text` WHERE `npc_text`.`ID` = 960015;
DELETE FROM `npc_text` WHERE `npc_text`.`ID` = 960016;
DELETE FROM `npc_text` WHERE `npc_text`.`ID` = 960017;

INSERT INTO `npc_text` (`ID`, `text0_0`, `text0_1`, `lang0`, `prob0`, `em0_0`, `em0_1`, `em0_2`, `em0_3`, `em0_4`, `em0_5`, `text1_0`, `text1_1`, `lang1`, `prob1`, `em1_0`, `em1_1`, `em1_2`, `em1_3`, `em1_4`, `em1_5`, `text2_0`, `text2_1`, `lang2`, `prob2`, `em2_0`, `em2_1`, `em2_2`, `em2_3`, `em2_4`, `em2_5`, `text3_0`, `text3_1`, `lang3`, `prob3`, `em3_0`, `em3_1`, `em3_2`, `em3_3`, `em3_4`, `em3_5`, `text4_0`, `text4_1`, `lang4`, `prob4`, `em4_0`, `em4_1`, `em4_2`, `em4_3`, `em4_4`, `em4_5`, `text5_0`, `text5_1`, `lang5`, `prob5`, `em5_0`, `em5_1`, `em5_2`, `em5_3`, `em5_4`, `em5_5`, `text6_0`, `text6_1`, `lang6`, `prob6`, `em6_0`, `em6_1`, `em6_2`, `em6_3`, `em6_4`, `em6_5`, `text7_0`, `text7_1`, `lang7`, `prob7`, `em7_0`, `em7_1`, `em7_2`, `em7_3`, `em7_4`, `em7_5`, `VerifiedBuild`) VALUES
(950001, 'Witaj. Reprezentuje Violet Lorekeepers. Zostalem tu przyslany przez Kirin Tor, by wraz z kapitula archiwistow uzupelnic kroniki zgromadzone w Dalaranie. Czy zechcialbys nam pomoc? Mamy pewne… watpliwosci, co do zgromadzonych informacji. Potrzebujemy, by ktos upewnil nas w naszym wyborze. Ostrzege Cie jednak, iz magowie slyna ze swojej dumy. Nie probuj ich oszukiwac, wyczuja, gdy bedziesz zgadywac na slepo, w koncu to magowie. Dobrze wiec, pozwol, ze Cie sprawdze. Skoro znasz sie na rzeczy, to te pytanie nie bedzie dla Ciebie wyzwaniem. Jezeli odpowiesz wlasciwie, to przekaze Ci, gdzie szukac moich ludzi. Gotowy?', 'Witaj. Reprezentuje Violet Lorekeepers. Zostalem tu przyslany przez Kirin Tor, by wraz z kapitula archiwistow uzupelnic kroniki zgromadzone w Dalaranie. Czy zechcialbys nam pomoc? Mamy pewne… watpliwosci, co do zgromadzonych informacji. Potrzebujemy, by ktos upewnil nas w naszym wyborze. Ostrzege Cie jednak, iz magowie slyna ze swojej dumy. Nie probuj ich oszukiwac, wyczuja, gdy bedziesz zgadywac na slepo, w koncu to magowie. Dobrze wiec, pozwol, ze Cie sprawdze. Skoro znasz sie na rzeczy, to te pytanie nie bedzie dla Ciebie wyzwaniem. Jezeli odpowiesz wlasciwie, to przekaze Ci, gdzie szukac moich ludzi. Gotowy?', 0, 1, 0, 1, 0, 0, 0, 0, '', '', 0, 0, 0, 0, 0, 0, 0, 0, '', '', 0, 0, 0, 0, 0, 0, 0, 0, '', '', 0, 0, 0, 0, 0, 0, 0, 0, '', '', 0, 0, 0, 0, 0, 0, 0, 0, '', '', 0, 0, 0, 0, 0, 0, 0, 0, '', '', 0, 0, 0, 0, 0, 0, 0, 0, '', '', 0, 0, 0, 0, 0, 0, 0, 0, 12340),
(950002, 'Aaa, witaj. Rozumiem, ze przybywasz od mojego mistrza? Wspaniale. Znalazlem pewne zapiski, ale bez pomocy nie moge uznac ich za wiarygodne. Czy zechcesz mi podpowiedziec?', 'Aaa, witaj. Rozumiem, ze przybywasz od mojego mistrza? Wspaniale. Znalazlem pewne zapiski, ale bez pomocy nie moge uznac ich za wiarygodne. Czy zechcesz mi podpowiedziec?', 0, 1, 0, 1, 0, 0, 0, 0, '', '', 0, 0, 0, 0, 0, 0, 0, 0, '', '', 0, 0, 0, 0, 0, 0, 0, 0, '', '', 0, 0, 0, 0, 0, 0, 0, 0, '', '', 0, 0, 0, 0, 0, 0, 0, 0, '', '', 0, 0, 0, 0, 0, 0, 0, 0, '', '', 0, 0, 0, 0, 0, 0, 0, 0, '', '', 0, 0, 0, 0, 0, 0, 0, 0, 12340),
(950003, 'Witaj. Dobrze, ze jestes. Te magiczne kule jeszcze pare chwil temu tworzyly wizje. Byla w niej piekna elfka, ktora zadala mi pytanie. Pomoz mi na nie odpowiedziec, chce byc gotowy, gdy wroci.', 'Witaj. Dobrze, ze jestes. Te magiczne kule jeszcze pare chwil temu tworzyly wizje. Byla w niej piekna elfka, ktora zadala mi pytanie. Pomoz mi na nie odpowiedziec, chce byc gotowy, gdy wroci.', 0, 1, 0, 1, 0, 0, 0, 0, '', '', 0, 0, 0, 0, 0, 0, 0, 0, '', '', 0, 0, 0, 0, 0, 0, 0, 0, '', '', 0, 0, 0, 0, 0, 0, 0, 0, '', '', 0, 0, 0, 0, 0, 0, 0, 0, '', '', 0, 0, 0, 0, 0, 0, 0, 0, '', '', 0, 0, 0, 0, 0, 0, 0, 0, '', '', 0, 0, 0, 0, 0, 0, 0, 0, 12340),
(950004, 'O, nowy lowca przygod! Czy masz moze chwile, by pomoc mi z pewna zagadka? Gdzies tu powinno byc magiczne przejscie, jednakze jest ono zabezpieczone magicznym pytaniem, na ktore niestety nie znam odpowiedzi.', 'O, nowy lowca przygod! Czy masz moze chwile, by pomoc mi z pewna zagadka? Gdzies tu powinno byc magiczne przejscie, jednakze jest ono zabezpieczone magicznym pytaniem, na ktore niestety nie znam odpowiedzi.', 0, 1, 0, 1, 0, 0, 0, 0, '', '', 0, 0, 0, 0, 0, 0, 0, 0, '', '', 0, 0, 0, 0, 0, 0, 0, 0, '', '', 0, 0, 0, 0, 0, 0, 0, 0, '', '', 0, 0, 0, 0, 0, 0, 0, 0, '', '', 0, 0, 0, 0, 0, 0, 0, 0, '', '', 0, 0, 0, 0, 0, 0, 0, 0, '', '', 0, 0, 0, 0, 0, 0, 0, 0, 12340),
(950005, 'Nareszcie! Nareszcie ktos, kto mi pomoze. Nawet nie wiesz jak sie ciesze, ze Cie widze. Pomnik emanuje silna magia, na pewno cos skrywa. Musze tylko sie tam dostac. Na glowie jest wyrazny tekst z pytaniem. Byc moze gdy odpowiemy na nie, uda sie zdjac zaklecie. Powiedz gdy bedziesz gotow.', 'Nareszcie! Nareszcie ktos, kto mi pomoze. Nawet nie wiesz jak sie ciesze, ze Cie widze. Pomnik emanuje silna magia, na pewno cos skrywa. Musze tylko sie tam dostac. Na glowie jest wyrazny tekst z pytaniem. Byc moze gdy odpowiemy na nie, uda sie zdjac zaklecie. Powiedz gdy bedziesz gotow.', 0, 1, 0, 1, 0, 0, 0, 0, '', '', 0, 0, 0, 0, 0, 0, 0, 0, '', '', 0, 0, 0, 0, 0, 0, 0, 0, '', '', 0, 0, 0, 0, 0, 0, 0, 0, '', '', 0, 0, 0, 0, 0, 0, 0, 0, '', '', 0, 0, 0, 0, 0, 0, 0, 0, '', '', 0, 0, 0, 0, 0, 0, 0, 0, '', '', 0, 0, 0, 0, 0, 0, 0, 0, 12340),
(950006, 'Aaa, witaj, witaj, czekalem na kogos do pomocy. Okazuje sie, ze straznik Azeroth mial wiecej sekretow, niz mogloby nam sie wydawac. Spojrz, zajrzyj do tej ksiegi… przeczytaj, o tu. <wskazuje palcem wyblakla stronnice>', 'Aaa, witaj, witaj, czekalem na kogos do pomocy. Okazuje sie, ze straznik Azeroth mial wiecej sekretow, niz mogloby nam sie wydawac. Spojrz, zajrzyj do tej ksiegi… przeczytaj, o tu. <wskazuje palcem wyblakla stronnice>', 0, 1, 0, 1, 0, 0, 0, 0, '', '', 0, 0, 0, 0, 0, 0, 0, 0, '', '', 0, 0, 0, 0, 0, 0, 0, 0, '', '', 0, 0, 0, 0, 0, 0, 0, 0, '', '', 0, 0, 0, 0, 0, 0, 0, 0, '', '', 0, 0, 0, 0, 0, 0, 0, 0, '', '', 0, 0, 0, 0, 0, 0, 0, 0, '', '', 0, 0, 0, 0, 0, 0, 0, 0, 12340),
(950007, 'Witaj podrozniku! Nie chcialbys pomoc staremu mistrzowi? Wraz z moim kompanem debatujemy nad pewna zagadka, nad wyraz ciezka. Moze Tobie uda sie udzielic poprawnej odpowiedzi.', 'Witaj podrozniku! Nie chcialbys pomoc staremu mistrzowi? Wraz z moim kompanem debatujemy nad pewna zagadka, nad wyraz ciezka. Moze Tobie uda sie udzielic poprawnej odpowiedzi.', 0, 1, 0, 1, 0, 0, 0, 0, '', '', 0, 0, 0, 0, 0, 0, 0, 0, '', '', 0, 0, 0, 0, 0, 0, 0, 0, '', '', 0, 0, 0, 0, 0, 0, 0, 0, '', '', 0, 0, 0, 0, 0, 0, 0, 0, '', '', 0, 0, 0, 0, 0, 0, 0, 0, '', '', 0, 0, 0, 0, 0, 0, 0, 0, '', '', 0, 0, 0, 0, 0, 0, 0, 0, 12340),
(950008, 'Ahoj! Ah, wybacz, za bardzo przesiaklem pirackim zachowaniem. Spojrz, oto ksiezycowy kamien. Zawiera dusze sowiej bestii, bardzo poteznej sowiej bestii. Gdyby tylko udalo mi sie rozwiklac zagadke, wyryta u podstawy…', 'Ahoj! Ah, wybacz, za bardzo przesiaklem pirackim zachowaniem. Spojrz, oto ksiezycowy kamien. Zawiera dusze sowiej bestii, bardzo poteznej sowiej bestii. Gdyby tylko udalo mi sie rozwiklac zagadke, wyryta u podstawy…', 0, 1, 0, 1, 0, 0, 0, 0, '', '', 0, 0, 0, 0, 0, 0, 0, 0, '', '', 0, 0, 0, 0, 0, 0, 0, 0, '', '', 0, 0, 0, 0, 0, 0, 0, 0, '', '', 0, 0, 0, 0, 0, 0, 0, 0, '', '', 0, 0, 0, 0, 0, 0, 0, 0, '', '', 0, 0, 0, 0, 0, 0, 0, 0, '', '', 0, 0, 0, 0, 0, 0, 0, 0, 12340),
(950009, 'Witaj podrozniku! Ciesze sie, ze mnie znalazles. Ten goblin skrywa wielka tajemnice. Krecac sie po miescie natknalem sie na magiczny zwoj, byc moze Tobie uda sie odpowiedziec na pytanie zawarte na pieczeci.', 'Witaj podrozniku! Ciesze sie, ze mnie znalazles. Ten goblin skrywa wielka tajemnice. Krecac sie po miescie natknalem sie na magiczny zwoj, byc moze Tobie uda sie odpowiedziec na pytanie zawarte na pieczeci.', 0, 1, 0, 1, 0, 0, 0, 0, '', '', 0, 0, 0, 0, 0, 0, 0, 0, '', '', 0, 0, 0, 0, 0, 0, 0, 0, '', '', 0, 0, 0, 0, 0, 0, 0, 0, '', '', 0, 0, 0, 0, 0, 0, 0, 0, '', '', 0, 0, 0, 0, 0, 0, 0, 0, '', '', 0, 0, 0, 0, 0, 0, 0, 0, '', '', 0, 0, 0, 0, 0, 0, 0, 0, 12340),
(950010, 'Witaj mlody bohaterze! Ale nam sie trafilo, co? Straszna zimnica. Nie bede Cie przetrzymywal na tym mrozie, spojrz, oto demoniczny holoprojektor, ktory zdobyl ten oto tu obecny satyr. Pomoz mi zrozumiec wiedze w nim zawarta <podaje holoprojektor>.', 'Witaj mlody bohaterze! Ale nam sie trafilo, co? Straszna zimnica. Nie bede Cie przetrzymywal na tym mrozie, spojrz, oto demoniczny holoprojektor, ktory zdobyl ten oto tu obecny satyr. Pomoz mi zrozumiec wiedze w nim zawarta <podaje holoprojektor>.', 0, 1, 0, 1, 0, 0, 0, 0, '', '', 0, 0, 0, 0, 0, 0, 0, 0, '', '', 0, 0, 0, 0, 0, 0, 0, 0, '', '', 0, 0, 0, 0, 0, 0, 0, 0, '', '', 0, 0, 0, 0, 0, 0, 0, 0, '', '', 0, 0, 0, 0, 0, 0, 0, 0, '', '', 0, 0, 0, 0, 0, 0, 0, 0, '', '', 0, 0, 0, 0, 0, 0, 0, 0, 12340),
(950011, 'Badz pozdrowiony! W sama pore. Podczas tutejszych badan znalazlem ciekawy przedmiot, nalezacy prawdopodobnie do ktoregos z wojownikow tych ziem z przeszlosci. Jest to fragment mapy, na odwrocie jest zagadka. Posluchaj prosze.', 'Badz pozdrowiony! W sama pore. Podczas tutejszych badan znalazlem ciekawy przedmiot, nalezacy prawdopodobnie do ktoregos z wojownikow tych ziem z przeszlosci. Jest to fragment mapy, na odwrocie jest zagadka. Posluchaj prosze.', 0, 1, 0, 1, 0, 0, 0, 0, '', '', 0, 0, 0, 0, 0, 0, 0, 0, '', '', 0, 0, 0, 0, 0, 0, 0, 0, '', '', 0, 0, 0, 0, 0, 0, 0, 0, '', '', 0, 0, 0, 0, 0, 0, 0, 0, '', '', 0, 0, 0, 0, 0, 0, 0, 0, '', '', 0, 0, 0, 0, 0, 0, 0, 0, '', '', 0, 0, 0, 0, 0, 0, 0, 0, 12340),
(950012, 'Nie podchodz! Ta zyla energii jest bardzo niestabilna! Ostroznie… Dobrze. Mamy chwile by porozmawiac. Posluchaj, znalazlem magiczne voodoo niedaleko swiatyni trolli. Wprost emanuje magia. Gdy podszedlem do tego zgromadzenia energii amulet zaczal wibrowac, a po chwili objawil mi sie przodek plemienia Atal’ai. Zadal mi zagadke, z ktora musisz mi pomoc.', 'Nie podchodz! Ta zyla energii jest bardzo niestabilna! Ostroznie… Dobrze. Mamy chwile by porozmawiac. Posluchaj, znalazlem magiczne voodoo niedaleko swiatyni trolli. Wprost emanuje magia. Gdy podszedlem do tego zgromadzenia energii amulet zaczal wibrowac, a po chwili objawil mi sie przodek plemienia Atal’ai. Zadal mi zagadke, z ktora musisz mi pomoc.', 0, 1, 0, 1, 0, 0, 0, 0, '', '', 0, 0, 0, 0, 0, 0, 0, 0, '', '', 0, 0, 0, 0, 0, 0, 0, 0, '', '', 0, 0, 0, 0, 0, 0, 0, 0, '', '', 0, 0, 0, 0, 0, 0, 0, 0, '', '', 0, 0, 0, 0, 0, 0, 0, 0, '', '', 0, 0, 0, 0, 0, 0, 0, 0, '', '', 0, 0, 0, 0, 0, 0, 0, 0, 12340),
(950013, 'Pozdrawiam Cie podrozniku! Chodz, zbliz sie! Widzisz to? Tu na murach. Krasnoludzka inskrypcja. „Kto z zagadek jest dobry, ten w Grim Batol pic bedzie browar chlodny.” Zartownisie z tych krasnali… No dobra, probujemy zgadnac?', 'Pozdrawiam Cie podrozniku! Chodz, zbliz sie! Widzisz to? Tu na murach. Krasnoludzka inskrypcja. „Kto z zagadek jest dobry, ten w Grim Batol pic bedzie browar chlodny.” Zartownisie z tych krasnali… No dobra, probujemy zgadnac?', 0, 1, 0, 1, 0, 0, 0, 0, '', '', 0, 0, 0, 0, 0, 0, 0, 0, '', '', 0, 0, 0, 0, 0, 0, 0, 0, '', '', 0, 0, 0, 0, 0, 0, 0, 0, '', '', 0, 0, 0, 0, 0, 0, 0, 0, '', '', 0, 0, 0, 0, 0, 0, 0, 0, '', '', 0, 0, 0, 0, 0, 0, 0, 0, '', '', 0, 0, 0, 0, 0, 0, 0, 0, 12340),
(950014, 'Shhh… Nie rob zamieszania. Nie chce, by nas zobaczyli. Spojrz na nich, heretycy kultu Czarnej Skaly. Znowu wymyslaja jakies rytualy, by przyzwac demony… No nic, mam dla Ciebie zadanie. Jednemu z nich wypadl z kieszeni list, zapewne z rozkazem. Niestety jest chroniony magicznie przez sekretne pytanie. Pomozesz mi je rozszyfrowac?', 'Shhh… Nie rob zamieszania. Nie chce, by nas zobaczyli. Spojrz na nich, heretycy kultu Czarnej Skaly. Znowu wymyslaja jakies rytualy, by przyzwac demony… No nic, mam dla Ciebie zadanie. Jednemu z nich wypadl z kieszeni list, zapewne z rozkazem. Niestety jest chroniony magicznie przez sekretne pytanie. Pomozesz mi je rozszyfrowac?', 0, 1, 0, 1, 0, 0, 0, 0, '', '', 0, 0, 0, 0, 0, 0, 0, 0, '', '', 0, 0, 0, 0, 0, 0, 0, 0, '', '', 0, 0, 0, 0, 0, 0, 0, 0, '', '', 0, 0, 0, 0, 0, 0, 0, 0, '', '', 0, 0, 0, 0, 0, 0, 0, 0, '', '', 0, 0, 0, 0, 0, 0, 0, 0, '', '', 0, 0, 0, 0, 0, 0, 0, 0, 12340),
(950015, 'Witaj bohaterze. Nareszcie jestes. Wiedz, ze przed Toba test ostateczny. By go zdac, musisz pomoc w aktywacji miecza Tiriona Fordringa, szlachetnego paladyna, ktory podejmie sie reaktywacji zakonu Srebrnej Reki, mmm… niekoniecznie pod taka nazwa. Jednak, by to zrobic, musisz udzielic odpowiedzi na ostatnie pytanie. Czy jestes gotow?', 'Witaj bohaterze. Nareszcie jestes. Wiedz, ze przed Toba test ostateczny. By go zdac, musisz pomoc w aktywacji miecza Tiriona Fordringa, szlachetnego paladyna, ktory podejmie sie reaktywacji zakonu Srebrnej Reki, mmm… niekoniecznie pod taka nazwa. Jednak, by to zrobic, musisz udzielic odpowiedzi na ostatnie pytanie. Czy jestes gotow?', 0, 1, 0, 1, 0, 0, 0, 0, '', '', 0, 0, 0, 0, 0, 0, 0, 0, '', '', 0, 0, 0, 0, 0, 0, 0, 0, '', '', 0, 0, 0, 0, 0, 0, 0, 0, '', '', 0, 0, 0, 0, 0, 0, 0, 0, '', '', 0, 0, 0, 0, 0, 0, 0, 0, '', '', 0, 0, 0, 0, 0, 0, 0, 0, '', '', 0, 0, 0, 0, 0, 0, 0, 0, 12340),
(950016, 'Witaj bohaterze. Nareszcie jestes. Wiedz, ze przed Toba test ostateczny. By go zdac, musisz pomoc w zakleciu wedki Nata Pagle, tak, by lowila najwieksze okazy, jakie plywaja na tej planecie. Jednak, by to zrobic, musisz udzielic odpowiedzi na ostatnie pytanie. Czy jestes gotow?', 'Witaj bohaterze. Nareszcie jestes. Wiedz, ze przed Toba test ostateczny. By go zdac, musisz pomoc w zakleciu wedki Nata Pagle, tak, by lowila najwieksze okazy, jakie plywaja na tej planecie. Jednak, by to zrobic, musisz udzielic odpowiedzi na ostatnie pytanie. Czy jestes gotow?', 0, 1, 0, 1, 0, 0, 0, 0, '', '', 0, 0, 0, 0, 0, 0, 0, 0, '', '', 0, 0, 0, 0, 0, 0, 0, 0, '', '', 0, 0, 0, 0, 0, 0, 0, 0, '', '', 0, 0, 0, 0, 0, 0, 0, 0, '', '', 0, 0, 0, 0, 0, 0, 0, 0, '', '', 0, 0, 0, 0, 0, 0, 0, 0, '', '', 0, 0, 0, 0, 0, 0, 0, 0, 12340),
(960001, 'Hmm… Dobrze. Byc moze dasz rade pomoc reszcie. Pomoz wiec mojemu uczniowi, ktory wybral sie do studni slonca na badania, podobno calymi dniami siedzi i obserwuje murloki. Pamietaj, czlonkowie Kirin Toru nosza purpurowe szaty, po tym nas poznasz. Powodzenia.', 'Hmm… Dobrze. Byc moze dasz rade pomoc reszcie. Pomoz wiec mojemu uczniowi, ktory wybral sie do studni slonca na badania, podobno calymi dniami siedzi i obserwuje murloki. Pamietaj, czlonkowie Kirin Toru nosza purpurowe szaty, po tym nas poznasz. Powodzenia.', 0, 1, 0, 1, 0, 0, 0, 0, '', '', 0, 0, 0, 0, 0, 0, 0, 0, '', '', 0, 0, 0, 0, 0, 0, 0, 0, '', '', 0, 0, 0, 0, 0, 0, 0, 0, '', '', 0, 0, 0, 0, 0, 0, 0, 0, '', '', 0, 0, 0, 0, 0, 0, 0, 0, '', '', 0, 0, 0, 0, 0, 0, 0, 0, '', '', 0, 0, 0, 0, 0, 0, 0, 0, 12340),
(960002, 'Cudownie! Lec prosze do Ashenvale, jest tam jeden z naszych asystentow, podobno znalazl cos ciekawego. Znajdziesz go na wyspie jednego z elfickich stawow, niestety nie mam pojecia na ktorym. Bywaj.', 'Cudownie! Lec prosze do Ashenvale, jest tam jeden z naszych asystentow, podobno znalazl cos ciekawego. Znajdziesz go na wyspie jednego z elfickich stawow, niestety nie mam pojecia na ktorym. Bywaj.', 0, 1, 0, 1, 0, 0, 0, 0, '', '', 0, 0, 0, 0, 0, 0, 0, 0, '', '', 0, 0, 0, 0, 0, 0, 0, 0, '', '', 0, 0, 0, 0, 0, 0, 0, 0, '', '', 0, 0, 0, 0, 0, 0, 0, 0, '', '', 0, 0, 0, 0, 0, 0, 0, 0, '', '', 0, 0, 0, 0, 0, 0, 0, 0, '', '', 0, 0, 0, 0, 0, 0, 0, 0, 12340),
(960003, 'Wspaniale, teraz na pewno bede gotowy. Dziekuje Ci. Byles juz w Loch Modan? Podobno jeden z naszych magow ma tam nie lada problem. Mowil cos o posagu dwoch sprzymierzonych kroli, jakbys mogl mu pomoc…', 'Wspaniale, teraz na pewno bede gotowy. Dziekuje Ci. Byles juz w Loch Modan? Podobno jeden z naszych magow ma tam nie lada problem. Mowil cos o posagu dwoch sprzymierzonych kroli, jakbys mogl mu pomoc…', 0, 1, 0, 1, 0, 0, 0, 0, '', '', 0, 0, 0, 0, 0, 0, 0, 0, '', '', 0, 0, 0, 0, 0, 0, 0, 0, '', '', 0, 0, 0, 0, 0, 0, 0, 0, '', '', 0, 0, 0, 0, 0, 0, 0, 0, '', '', 0, 0, 0, 0, 0, 0, 0, 0, '', '', 0, 0, 0, 0, 0, 0, 0, 0, '', '', 0, 0, 0, 0, 0, 0, 0, 0, 12340),
(960004, 'Wspaniale, teraz powinno zadzialac! Dziekuje Ci! Oczywiscie, ze wzgledow bezpieczeństwa nie moge zabrac Cie ze soba, ale dam Ci mala wskazowke, gdzie znajdziesz mojego brata. Szukaj go przy pomniku kruka, w krainie nazwanej na czesc elfickiej krolowej, w ktorej prym wioda stwory zwane nagami. Powodzenia!', 'Wspaniale, teraz powinno zadzialac! Dziekuje Ci! Oczywiscie, ze wzgledow bezpieczeństwa nie moge zabrac Cie ze soba, ale dam Ci mala wskazowke, gdzie znajdziesz mojego brata. Szukaj go przy pomniku kruka, w krainie nazwanej na czesc elfickiej krolowej, w ktorej prym wioda stwory zwane nagami. Powodzenia!', 0, 1, 0, 1, 0, 0, 0, 0, '', '', 0, 0, 0, 0, 0, 0, 0, 0, '', '', 0, 0, 0, 0, 0, 0, 0, 0, '', '', 0, 0, 0, 0, 0, 0, 0, 0, '', '', 0, 0, 0, 0, 0, 0, 0, 0, '', '', 0, 0, 0, 0, 0, 0, 0, 0, '', '', 0, 0, 0, 0, 0, 0, 0, 0, '', '', 0, 0, 0, 0, 0, 0, 0, 0, 12340),
(960005, 'Jest, jest! Udalo sie! Wszystko dzieki Tobie! Biore sie za badania. Dziekuje! Taki wprawny historyk na pewno bedzie w stanie pomoc naszemu wyslannikowi w Deadwind Pass. Podobno nie tylko Karazhan skrywa tajemnice, ale wioska wokol wiezy rowniez! Czy to nie wspaniale? Na pewno znajdziesz go gdzies tam, przeszukujacego wszystkie budynki po kolei. Niech wiedza Cie prowadzi!', 'Jest, jest! Udalo sie! Wszystko dzieki Tobie! Biore sie za badania. Dziekuje! Taki wprawny historyk na pewno bedzie w stanie pomoc naszemu wyslannikowi w Deadwind Pass. Podobno nie tylko Karazhan skrywa tajemnice, ale wioska wokol wiezy rowniez! Czy to nie wspaniale? Na pewno znajdziesz go gdzies tam, przeszukujacego wszystkie budynki po kolei. Niech wiedza Cie prowadzi!', 0, 1, 0, 1, 0, 0, 0, 0, '', '', 0, 0, 0, 0, 0, 0, 0, 0, '', '', 0, 0, 0, 0, 0, 0, 0, 0, '', '', 0, 0, 0, 0, 0, 0, 0, 0, '', '', 0, 0, 0, 0, 0, 0, 0, 0, '', '', 0, 0, 0, 0, 0, 0, 0, 0, '', '', 0, 0, 0, 0, 0, 0, 0, 0, '', '', 0, 0, 0, 0, 0, 0, 0, 0, 12340),
(960006, 'Spojrz! Magiczne pytanie, atrament wraca na strony ksiegi! Dziekuje Ci za pomoc, dzieki Tobie bede mogl wznowic badania nad ta ksiega. To cudowne! Chcialbym bys pomogl naszemu adiutantowi w Desolace,  zajmuje sie on historia Krolowej Azshary, wiec najpewniej spotkasz go przy elfickich ruinach. Powodzenia.', 'Spojrz! Magiczne pytanie, atrament wraca na strony ksiegi! Dziekuje Ci za pomoc, dzieki Tobie bede mogl wznowic badania nad ta ksiega. To cudowne! Chcialbym bys pomogl naszemu adiutantowi w Desolace,  zajmuje sie on historia Krolowej Azshary, wiec najpewniej spotkasz go przy elfickich ruinach. Powodzenia.', 0, 1, 0, 1, 0, 0, 0, 0, '', '', 0, 0, 0, 0, 0, 0, 0, 0, '', '', 0, 0, 0, 0, 0, 0, 0, 0, '', '', 0, 0, 0, 0, 0, 0, 0, 0, '', '', 0, 0, 0, 0, 0, 0, 0, 0, '', '', 0, 0, 0, 0, 0, 0, 0, 0, '', '', 0, 0, 0, 0, 0, 0, 0, 0, '', '', 0, 0, 0, 0, 0, 0, 0, 0, 12340),
(960007, 'Rzeczywiscie, to ma sens. Widzisz przyjacielu? Ten oto mlody bohater dokonal tego, czego dwoch uczonych starcow nie potrafilo we dwojke. Mlodziencze, badz tak mily i pomoz reszcie Lorekeeperow. Podobno porywisty mlodzik dogadal sie z piratami Arathoru, bo odkryl w ich porcie ksiezycowy kamien. Znajdz ich statek, a znajdziesz i naszego czlowieka. Bywaj.', 'Rzeczywiscie, to ma sens. Widzisz przyjacielu? Ten oto mlody bohater dokonal tego, czego dwoch uczonych starcow nie potrafilo we dwojke. Mlodziencze, badz tak mily i pomoz reszcie Lorekeeperow. Podobno porywisty mlodzik dogadal sie z piratami Arathoru, bo odkryl w ich porcie ksiezycowy kamien. Znajdz ich statek, a znajdziesz i naszego czlowieka. Bywaj.', 0, 1, 0, 1, 0, 0, 0, 0, '', '', 0, 0, 0, 0, 0, 0, 0, 0, '', '', 0, 0, 0, 0, 0, 0, 0, 0, '', '', 0, 0, 0, 0, 0, 0, 0, 0, '', '', 0, 0, 0, 0, 0, 0, 0, 0, '', '', 0, 0, 0, 0, 0, 0, 0, 0, '', '', 0, 0, 0, 0, 0, 0, 0, 0, '', '', 0, 0, 0, 0, 0, 0, 0, 0, 12340),
(960008, 'Tak jest, kamien reaguje na Twoje slowa!  Cudownie! Byc moze uda mi sie uslyszec wspaniale opowiesci!  Dziekuje Ci! Jestem pewien, ze dasz rade pomoc mojemu kuzynowi. Udal sie on do dzungli, w poszukiwaniu najwiekszego goblina w calym Azeroth. Podobno tylko on zna tajemnice wielkiego skarbu, a moj kuzyn pieniadzem nie gardzi.', 'Tak jest, kamien reaguje na Twoje slowa!  Cudownie! Byc moze uda mi sie uslyszec wspaniale opowiesci!  Dziekuje Ci! Jestem pewien, ze dasz rade pomoc mojemu kuzynowi. Udal sie on do dzungli, w poszukiwaniu najwiekszego goblina w calym Azeroth. Podobno tylko on zna tajemnice wielkiego skarbu, a moj kuzyn pieniadzem nie gardzi.', 0, 1, 0, 1, 0, 0, 0, 0, '', '', 0, 0, 0, 0, 0, 0, 0, 0, '', '', 0, 0, 0, 0, 0, 0, 0, 0, '', '', 0, 0, 0, 0, 0, 0, 0, 0, '', '', 0, 0, 0, 0, 0, 0, 0, 0, '', '', 0, 0, 0, 0, 0, 0, 0, 0, '', '', 0, 0, 0, 0, 0, 0, 0, 0, '', '', 0, 0, 0, 0, 0, 0, 0, 0, 12340),
(960009, 'Udalo sie!  Pokaz mi to. Hmm… mhm… mhmmm… a, przepraszam, czekasz na wskazowke. W mroznej krainie przy gorze Hyjal znajdziesz maga badajacego antyczne ruiny. Podobno mozna tam znalezc slady demonow. On na pewno bedzie cos dla Ciebie mial. Powodzenia!', 'Udalo sie!  Pokaz mi to. Hmm… mhm… mhmmm… a, przepraszam, czekasz na wskazowke. W mroznej krainie przy gorze Hyjal znajdziesz maga badajacego antyczne ruiny. Podobno mozna tam znalezc slady demonow. On na pewno bedzie cos dla Ciebie mial. Powodzenia!', 0, 1, 0, 1, 0, 0, 0, 0, '', '', 0, 0, 0, 0, 0, 0, 0, 0, '', '', 0, 0, 0, 0, 0, 0, 0, 0, '', '', 0, 0, 0, 0, 0, 0, 0, 0, '', '', 0, 0, 0, 0, 0, 0, 0, 0, '', '', 0, 0, 0, 0, 0, 0, 0, 0, '', '', 0, 0, 0, 0, 0, 0, 0, 0, '', '', 0, 0, 0, 0, 0, 0, 0, 0, 12340),
(960010, 'Cudownie. Wiem juz wszystko. Zabieram sie z tej mroznej krainy, w pracowni w dalaranie bedzie znacznie przyjemniej. Dziekuje Ci za pomoc. Spiesz teraz do wielkiego gongu, przy ktorym wszyscy szykowali sie do wielkiej wojny. Gong ten ma wygrawerowanego skarabeusza, znajdziesz bez problemu, gleboko w to wierze. Tam znajdziesz mojego przyjaciela. Uwazaj na siebie.', 'Cudownie. Wiem juz wszystko. Zabieram sie z tej mroznej krainy, w pracowni w dalaranie bedzie znacznie przyjemniej. Dziekuje Ci za pomoc. Spiesz teraz do wielkiego gongu, przy ktorym wszyscy szykowali sie do wielkiej wojny. Gong ten ma wygrawerowanego skarabeusza, znajdziesz bez problemu, gleboko w to wierze. Tam znajdziesz mojego przyjaciela. Uwazaj na siebie.', 0, 1, 0, 1, 0, 0, 0, 0, '', '', 0, 0, 0, 0, 0, 0, 0, 0, '', '', 0, 0, 0, 0, 0, 0, 0, 0, '', '', 0, 0, 0, 0, 0, 0, 0, 0, '', '', 0, 0, 0, 0, 0, 0, 0, 0, '', '', 0, 0, 0, 0, 0, 0, 0, 0, '', '', 0, 0, 0, 0, 0, 0, 0, 0, '', '', 0, 0, 0, 0, 0, 0, 0, 0, 12340),
(960011, 'Patrz! Patrz na mape! Magia! Wypalila znak, gdzie znajde skarb! Wspaniale! Po stokroc dzieki! Biegne to sprawdzic, a Ty lec na bagna przy mrocznym portalu. Podobno na brzegu jest jakas wyspa, na ktorej pojawila sie zyla energii. Znajdziesz tam jednego z naszych ludzi. Bywaj.', 'Patrz! Patrz na mape! Magia! Wypalila znak, gdzie znajde skarb! Wspaniale! Po stokroc dzieki! Biegne to sprawdzic, a Ty lec na bagna przy mrocznym portalu. Podobno na brzegu jest jakas wyspa, na ktorej pojawila sie zyla energii. Znajdziesz tam jednego z naszych ludzi. Bywaj.', 0, 1, 0, 1, 0, 0, 0, 0, '', '', 0, 0, 0, 0, 0, 0, 0, 0, '', '', 0, 0, 0, 0, 0, 0, 0, 0, '', '', 0, 0, 0, 0, 0, 0, 0, 0, '', '', 0, 0, 0, 0, 0, 0, 0, 0, '', '', 0, 0, 0, 0, 0, 0, 0, 0, '', '', 0, 0, 0, 0, 0, 0, 0, 0, '', '', 0, 0, 0, 0, 0, 0, 0, 0, 12340),
(960012, 'Znakomicie, ten duch powinien niedlugo powrocic, a ja jestem juz gotowy. Dziekuje Ci. Kolejnego maga spotkasz pod krasnoludzkim krolestwem, dzis niestety opustoszalym, ale kiedys nalezacym do wspanialego klanu. Stoi pod brama i probuje sie tam dostac. Powodzenia.', 'Znakomicie, ten duch powinien niedlugo powrocic, a ja jestem juz gotowy. Dziekuje Ci. Kolejnego maga spotkasz pod krasnoludzkim krolestwem, dzis niestety opustoszalym, ale kiedys nalezacym do wspanialego klanu. Stoi pod brama i probuje sie tam dostac. Powodzenia.', 0, 1, 0, 1, 0, 0, 0, 0, '', '', 0, 0, 0, 0, 0, 0, 0, 0, '', '', 0, 0, 0, 0, 0, 0, 0, 0, '', '', 0, 0, 0, 0, 0, 0, 0, 0, '', '', 0, 0, 0, 0, 0, 0, 0, 0, '', '', 0, 0, 0, 0, 0, 0, 0, 0, '', '', 0, 0, 0, 0, 0, 0, 0, 0, '', '', 0, 0, 0, 0, 0, 0, 0, 0, 12340),
(960013, 'Patrz, drzwi zaczely sie poruszac! Ah nie, zablokowaly sie. Pokombinuje tutaj troszke, nie odpuszcze, skoro wiem, ze moge tam wejsc. Lec pomagac dalej, slyszalem, ze mamy jakis problem z kultystami pod Czarna Skala. Utworzyli demoniczny krag i probuja przyzywac demony… znowu… W kazdym razie powodzenia!', 'Patrz, drzwi zaczely sie poruszac! Ah nie, zablokowaly sie. Pokombinuje tutaj troszke, nie odpuszcze, skoro wiem, ze moge tam wejsc. Lec pomagac dalej, slyszalem, ze mamy jakis problem z kultystami pod Czarna Skala. Utworzyli demoniczny krag i probuja przyzywac demony… znowu… W kazdym razie powodzenia!', 0, 1, 0, 1, 0, 0, 0, 0, '', '', 0, 0, 0, 0, 0, 0, 0, 0, '', '', 0, 0, 0, 0, 0, 0, 0, 0, '', '', 0, 0, 0, 0, 0, 0, 0, 0, '', '', 0, 0, 0, 0, 0, 0, 0, 0, '', '', 0, 0, 0, 0, 0, 0, 0, 0, '', '', 0, 0, 0, 0, 0, 0, 0, 0, '', '', 0, 0, 0, 0, 0, 0, 0, 0, 12340),
(960014, 'Idealnie, pieczec przelamana! Pozwol, ze zaglebie sie teraz w lekture tego listu. Tymczasem udaj sie do czlowieka, ktory dzierzy w swych dloniach Spopielacza, bron, o ktorej mowi sie, ze jest gotowa pokonac samego Lich Kinga, u niego gosci ostatni z naszych emisariuszy. Trzymam kciuki za Twoj sukces, powodzenia!', 'Idealnie, pieczec przelamana! Pozwol, ze zaglebie sie teraz w lekture tego listu. Tymczasem udaj sie do czlowieka, ktory dzierzy w swych dloniach Spopielacza, bron, o ktorej mowi sie, ze jest gotowa pokonac samego Lich Kinga, u niego gosci ostatni z naszych emisariuszy. Trzymam kciuki za Twoj sukces, powodzenia!', 0, 1, 0, 1, 0, 0, 0, 0, '', '', 0, 0, 0, 0, 0, 0, 0, 0, '', '', 0, 0, 0, 0, 0, 0, 0, 0, '', '', 0, 0, 0, 0, 0, 0, 0, 0, '', '', 0, 0, 0, 0, 0, 0, 0, 0, '', '', 0, 0, 0, 0, 0, 0, 0, 0, '', '', 0, 0, 0, 0, 0, 0, 0, 0, '', '', 0, 0, 0, 0, 0, 0, 0, 0, 12340),
(960015, 'Idealnie, pieczec przelamana! Pozwol, ze zaglebie sie teraz w lekture tego listu. Tymczasem udaj sie do najwspanialszego wedkarza Azerothu, czlowieka, ktory pseudonim Ryba uzyskal majac 5 lat! U niego znajdziesz ostatniego z naszych emisariuszy. Trzymam kciuki za Twoj sukces, powodzenia!', 'Idealnie, pieczec przelamana! Pozwol, ze zaglebie sie teraz w lekture tego listu. Tymczasem udaj sie do najwspanialszego wedkarza Azerothu, czlowieka, ktory pseudonim Ryba uzyskal majac 5 lat! U niego znajdziesz ostatniego z naszych emisariuszy. Trzymam kciuki za Twoj sukces, powodzenia!', 0, 1, 0, 1, 0, 0, 0, 0, '', '', 0, 0, 0, 0, 0, 0, 0, 0, '', '', 0, 0, 0, 0, 0, 0, 0, 0, '', '', 0, 0, 0, 0, 0, 0, 0, 0, '', '', 0, 0, 0, 0, 0, 0, 0, 0, '', '', 0, 0, 0, 0, 0, 0, 0, 0, '', '', 0, 0, 0, 0, 0, 0, 0, 0, '', '', 0, 0, 0, 0, 0, 0, 0, 0, 12340),
(960016, 'Wspaniale, zakonczyla sie Twoja proba. Jestes wspanialym historykiem Azeroth! Wroc teraz do Orgrimmaru i glos z duma o swoich dokonaniach, jest czego gratulowac!', 'Wspaniale, zakonczyla sie Twoja proba. Jestes wspanialym historykiem Azeroth! Wroc teraz do Orgrimmaru i glos z duma o swoich dokonaniach, jest czego gratulowac!', 0, 1, 0, 1, 0, 0, 0, 0, '', '', 0, 0, 0, 0, 0, 0, 0, 0, '', '', 0, 0, 0, 0, 0, 0, 0, 0, '', '', 0, 0, 0, 0, 0, 0, 0, 0, '', '', 0, 0, 0, 0, 0, 0, 0, 0, '', '', 0, 0, 0, 0, 0, 0, 0, 0, '', '', 0, 0, 0, 0, 0, 0, 0, 0, '', '', 0, 0, 0, 0, 0, 0, 0, 0, 12340),
(960017, 'Wspaniale, zakonczyla sie Twoja proba. Jestes wspanialym historykiem Azeroth! Wroc teraz do Stormwind i glos z duma o swoich dokonaniach, jest czego gratulowac!', 'Wspaniale, zakonczyla sie Twoja proba. Jestes wspanialym historykiem Azeroth! Wroc teraz do Stormwind i glos z duma o swoich dokonaniach, jest czego gratulowac!', 0, 1, 0, 1, 0, 0, 0, 0, '', '', 0, 0, 0, 0, 0, 0, 0, 0, '', '', 0, 0, 0, 0, 0, 0, 0, 0, '', '', 0, 0, 0, 0, 0, 0, 0, 0, '', '', 0, 0, 0, 0, 0, 0, 0, 0, '', '', 0, 0, 0, 0, 0, 0, 0, 0, '', '', 0, 0, 0, 0, 0, 0, 0, 0, '', '', 0, 0, 0, 0, 0, 0, 0, 0, 12340);

DELETE FROM `item_template` WHERE `item_template`.`entry` = 85101;
DELETE FROM `item_template` WHERE `item_template`.`entry` = 85102;
DELETE FROM `item_template` WHERE `item_template`.`entry` = 85103;
DELETE FROM `item_template` WHERE `item_template`.`entry` = 85104;
DELETE FROM `item_template` WHERE `item_template`.`entry` = 85105;
DELETE FROM `item_template` WHERE `item_template`.`entry` = 85106;
DELETE FROM `item_template` WHERE `item_template`.`entry` = 85107;
DELETE FROM `item_template` WHERE `item_template`.`entry` = 85108;
DELETE FROM `item_template` WHERE `item_template`.`entry` = 85109;
DELETE FROM `item_template` WHERE `item_template`.`entry` = 85110;
DELETE FROM `item_template` WHERE `item_template`.`entry` = 85111;
DELETE FROM `item_template` WHERE `item_template`.`entry` = 85112;
DELETE FROM `item_template` WHERE `item_template`.`entry` = 85113;
DELETE FROM `item_template` WHERE `item_template`.`entry` = 85114;


INSERT INTO `item_template` (`entry`, `class`, `subclass`, `SoundOverrideSubclass`, `name`, `displayid`, `Quality`, `Flags`, `FlagsExtra`, `BuyCount`, `BuyPrice`, `SellPrice`, `InventoryType`, `AllowableClass`, `AllowableRace`, `ItemLevel`, `RequiredLevel`, `RequiredSkill`, `RequiredSkillRank`, `requiredspell`, `requiredhonorrank`, `RequiredCityRank`, `RequiredReputationFaction`, `RequiredReputationRank`, `maxcount`, `stackable`, `ContainerSlots`, `StatsCount`, `stat_type1`, `stat_value1`, `stat_type2`, `stat_value2`, `stat_type3`, `stat_value3`, `stat_type4`, `stat_value4`, `stat_type5`, `stat_value5`, `stat_type6`, `stat_value6`, `stat_type7`, `stat_value7`, `stat_type8`, `stat_value8`, `stat_type9`, `stat_value9`, `stat_type10`, `stat_value10`, `ScalingStatDistribution`, `ScalingStatValue`, `dmg_min1`, `dmg_max1`, `dmg_type1`, `dmg_min2`, `dmg_max2`, `dmg_type2`, `armor`, `holy_res`, `fire_res`, `nature_res`, `frost_res`, `shadow_res`, `arcane_res`, `delay`, `ammo_type`, `RangedModRange`, `spellid_1`, `spelltrigger_1`, `spellcharges_1`, `spellppmRate_1`, `spellcooldown_1`, `spellcategory_1`, `spellcategorycooldown_1`, `spellid_2`, `spelltrigger_2`, `spellcharges_2`, `spellppmRate_2`, `spellcooldown_2`, `spellcategory_2`, `spellcategorycooldown_2`, `spellid_3`, `spelltrigger_3`, `spellcharges_3`, `spellppmRate_3`, `spellcooldown_3`, `spellcategory_3`, `spellcategorycooldown_3`, `spellid_4`, `spelltrigger_4`, `spellcharges_4`, `spellppmRate_4`, `spellcooldown_4`, `spellcategory_4`, `spellcategorycooldown_4`, `spellid_5`, `spelltrigger_5`, `spellcharges_5`, `spellppmRate_5`, `spellcooldown_5`, `spellcategory_5`, `spellcategorycooldown_5`, `bonding`, `description`, `PageText`, `LanguageID`, `PageMaterial`, `startquest`, `lockid`, `Material`, `sheath`, `RandomProperty`, `RandomSuffix`, `block`, `itemset`, `MaxDurability`, `area`, `Map`, `BagFamily`, `TotemCategory`, `socketColor_1`, `socketContent_1`, `socketColor_2`, `socketContent_2`, `socketColor_3`, `socketContent_3`, `socketBonus`, `GemProperties`, `RequiredDisenchantSkill`, `ArmorDamageModifier`, `duration`, `ItemLimitCategory`, `HolidayId`, `ScriptName`, `DisenchantID`, `FoodType`, `minMoneyLoot`, `maxMoneyLoot`, `flagsCustom`, `VerifiedBuild`) VALUES
(85101, 12, 0, -1, 'Key of Lore (1)', 1399, 1, 2048, 0, 1, 0, 0, 0, -1, -1, 1, 0, 0, 0, 0, 0, 0, 0, 0, 1, 1, 0, 0, 0, 0, 0, 0, 0, 0, 0, 0, 0, 0, 0, 0, 0, 0, 0, 0, 0, 0, 0, 0, 0, 0, 0, 0, 0, 0, 0, 0, 0, 0, 0, 0, 0, 0, 0, 0, 0, 0, 0, 0, 0, 0, -1, 0, -1, 0, 0, 0, 0, -1, 0, -1, 0, 0, 0, 0, -1, 0, -1, 0, 0, 0, 0, -1, 0, -1, 0, 0, 0, 0, -1, 0, -1, 4, '', 0, 0, 0, 0, 0, -1, 0, 0, 0, 0, 0, 0, 0, 0, 0, 0, 0, 0, 0, 0, 0, 0, 0, 0, -1, 0, 0, 0, 0, '', 0, 0, 0, 0, 0, 12340),
(85102, 12, 0, -1, 'Key of Lore (2)', 1399, 1, 2048, 0, 1, 0, 0, 0, -1, -1, 1, 0, 0, 0, 0, 0, 0, 0, 0, 1, 1, 0, 0, 0, 0, 0, 0, 0, 0, 0, 0, 0, 0, 0, 0, 0, 0, 0, 0, 0, 0, 0, 0, 0, 0, 0, 0, 0, 0, 0, 0, 0, 0, 0, 0, 0, 0, 0, 0, 0, 0, 0, 0, 0, 0, -1, 0, -1, 0, 0, 0, 0, -1, 0, -1, 0, 0, 0, 0, -1, 0, -1, 0, 0, 0, 0, -1, 0, -1, 0, 0, 0, 0, -1, 0, -1, 4, '', 0, 0, 0, 0, 0, -1, 0, 0, 0, 0, 0, 0, 0, 0, 0, 0, 0, 0, 0, 0, 0, 0, 0, 0, -1, 0, 0, 0, 0, '', 0, 0, 0, 0, 0, 12340),
(85103, 12, 0, -1, 'Key of Lore (3)', 1399, 1, 2048, 0, 1, 0, 0, 0, -1, -1, 1, 0, 0, 0, 0, 0, 0, 0, 0, 1, 1, 0, 0, 0, 0, 0, 0, 0, 0, 0, 0, 0, 0, 0, 0, 0, 0, 0, 0, 0, 0, 0, 0, 0, 0, 0, 0, 0, 0, 0, 0, 0, 0, 0, 0, 0, 0, 0, 0, 0, 0, 0, 0, 0, 0, -1, 0, -1, 0, 0, 0, 0, -1, 0, -1, 0, 0, 0, 0, -1, 0, -1, 0, 0, 0, 0, -1, 0, -1, 0, 0, 0, 0, -1, 0, -1, 4, '', 0, 0, 0, 0, 0, -1, 0, 0, 0, 0, 0, 0, 0, 0, 0, 0, 0, 0, 0, 0, 0, 0, 0, 0, -1, 0, 0, 0, 0, '', 0, 0, 0, 0, 0, 12340),
(85104, 12, 0, -1, 'Key of Lore (4)', 1399, 1, 2048, 0, 1, 0, 0, 0, -1, -1, 1, 0, 0, 0, 0, 0, 0, 0, 0, 1, 1, 0, 0, 0, 0, 0, 0, 0, 0, 0, 0, 0, 0, 0, 0, 0, 0, 0, 0, 0, 0, 0, 0, 0, 0, 0, 0, 0, 0, 0, 0, 0, 0, 0, 0, 0, 0, 0, 0, 0, 0, 0, 0, 0, 0, -1, 0, -1, 0, 0, 0, 0, -1, 0, -1, 0, 0, 0, 0, -1, 0, -1, 0, 0, 0, 0, -1, 0, -1, 0, 0, 0, 0, -1, 0, -1, 4, '', 0, 0, 0, 0, 0, -1, 0, 0, 0, 0, 0, 0, 0, 0, 0, 0, 0, 0, 0, 0, 0, 0, 0, 0, -1, 0, 0, 0, 0, '', 0, 0, 0, 0, 0, 12340),
(85105, 12, 0, -1, 'Key of Lore (5)', 1399, 1, 2048, 0, 1, 0, 0, 0, -1, -1, 1, 0, 0, 0, 0, 0, 0, 0, 0, 1, 1, 0, 0, 0, 0, 0, 0, 0, 0, 0, 0, 0, 0, 0, 0, 0, 0, 0, 0, 0, 0, 0, 0, 0, 0, 0, 0, 0, 0, 0, 0, 0, 0, 0, 0, 0, 0, 0, 0, 0, 0, 0, 0, 0, 0, -1, 0, -1, 0, 0, 0, 0, -1, 0, -1, 0, 0, 0, 0, -1, 0, -1, 0, 0, 0, 0, -1, 0, -1, 0, 0, 0, 0, -1, 0, -1, 4, '', 0, 0, 0, 0, 0, -1, 0, 0, 0, 0, 0, 0, 0, 0, 0, 0, 0, 0, 0, 0, 0, 0, 0, 0, -1, 0, 0, 0, 0, '', 0, 0, 0, 0, 0, 12340),
(85106, 12, 0, -1, 'Key of Lore (6)', 1399, 1, 2048, 0, 1, 0, 0, 0, -1, -1, 1, 0, 0, 0, 0, 0, 0, 0, 0, 1, 1, 0, 0, 0, 0, 0, 0, 0, 0, 0, 0, 0, 0, 0, 0, 0, 0, 0, 0, 0, 0, 0, 0, 0, 0, 0, 0, 0, 0, 0, 0, 0, 0, 0, 0, 0, 0, 0, 0, 0, 0, 0, 0, 0, 0, -1, 0, -1, 0, 0, 0, 0, -1, 0, -1, 0, 0, 0, 0, -1, 0, -1, 0, 0, 0, 0, -1, 0, -1, 0, 0, 0, 0, -1, 0, -1, 4, '', 0, 0, 0, 0, 0, -1, 0, 0, 0, 0, 0, 0, 0, 0, 0, 0, 0, 0, 0, 0, 0, 0, 0, 0, -1, 0, 0, 0, 0, '', 0, 0, 0, 0, 0, 12340),
(85107, 12, 0, -1, 'Key of Lore (7)', 1399, 1, 2048, 0, 1, 0, 0, 0, -1, -1, 1, 0, 0, 0, 0, 0, 0, 0, 0, 1, 1, 0, 0, 0, 0, 0, 0, 0, 0, 0, 0, 0, 0, 0, 0, 0, 0, 0, 0, 0, 0, 0, 0, 0, 0, 0, 0, 0, 0, 0, 0, 0, 0, 0, 0, 0, 0, 0, 0, 0, 0, 0, 0, 0, 0, -1, 0, -1, 0, 0, 0, 0, -1, 0, -1, 0, 0, 0, 0, -1, 0, -1, 0, 0, 0, 0, -1, 0, -1, 0, 0, 0, 0, -1, 0, -1, 4, '', 0, 0, 0, 0, 0, -1, 0, 0, 0, 0, 0, 0, 0, 0, 0, 0, 0, 0, 0, 0, 0, 0, 0, 0, -1, 0, 0, 0, 0, '', 0, 0, 0, 0, 0, 12340),
(85108, 12, 0, -1, 'Key of Lore (8)', 1399, 1, 2048, 0, 1, 0, 0, 0, -1, -1, 1, 0, 0, 0, 0, 0, 0, 0, 0, 1, 1, 0, 0, 0, 0, 0, 0, 0, 0, 0, 0, 0, 0, 0, 0, 0, 0, 0, 0, 0, 0, 0, 0, 0, 0, 0, 0, 0, 0, 0, 0, 0, 0, 0, 0, 0, 0, 0, 0, 0, 0, 0, 0, 0, 0, -1, 0, -1, 0, 0, 0, 0, -1, 0, -1, 0, 0, 0, 0, -1, 0, -1, 0, 0, 0, 0, -1, 0, -1, 0, 0, 0, 0, -1, 0, -1, 4, '', 0, 0, 0, 0, 0, -1, 0, 0, 0, 0, 0, 0, 0, 0, 0, 0, 0, 0, 0, 0, 0, 0, 0, 0, -1, 0, 0, 0, 0, '', 0, 0, 0, 0, 0, 12340),
(85109, 12, 0, -1, 'Key of Lore (9)', 1399, 1, 2048, 0, 1, 0, 0, 0, -1, -1, 1, 0, 0, 0, 0, 0, 0, 0, 0, 1, 1, 0, 0, 0, 0, 0, 0, 0, 0, 0, 0, 0, 0, 0, 0, 0, 0, 0, 0, 0, 0, 0, 0, 0, 0, 0, 0, 0, 0, 0, 0, 0, 0, 0, 0, 0, 0, 0, 0, 0, 0, 0, 0, 0, 0, -1, 0, -1, 0, 0, 0, 0, -1, 0, -1, 0, 0, 0, 0, -1, 0, -1, 0, 0, 0, 0, -1, 0, -1, 0, 0, 0, 0, -1, 0, -1, 4, '', 0, 0, 0, 0, 0, -1, 0, 0, 0, 0, 0, 0, 0, 0, 0, 0, 0, 0, 0, 0, 0, 0, 0, 0, -1, 0, 0, 0, 0, '', 0, 0, 0, 0, 0, 12340),
(85110, 12, 0, -1, 'Key of Lore (10)', 1399, 1, 2048, 0, 1, 0, 0, 0, -1, -1, 1, 0, 0, 0, 0, 0, 0, 0, 0, 1, 1, 0, 0, 0, 0, 0, 0, 0, 0, 0, 0, 0, 0, 0, 0, 0, 0, 0, 0, 0, 0, 0, 0, 0, 0, 0, 0, 0, 0, 0, 0, 0, 0, 0, 0, 0, 0, 0, 0, 0, 0, 0, 0, 0, 0, -1, 0, -1, 0, 0, 0, 0, -1, 0, -1, 0, 0, 0, 0, -1, 0, -1, 0, 0, 0, 0, -1, 0, -1, 0, 0, 0, 0, -1, 0, -1, 4, '', 0, 0, 0, 0, 0, -1, 0, 0, 0, 0, 0, 0, 0, 0, 0, 0, 0, 0, 0, 0, 0, 0, 0, 0, -1, 0, 0, 0, 0, '', 0, 0, 0, 0, 0, 12340),
(85111, 12, 0, -1, 'Key of Lore (11)', 1399, 1, 2048, 0, 1, 0, 0, 0, -1, -1, 1, 0, 0, 0, 0, 0, 0, 0, 0, 1, 1, 0, 0, 0, 0, 0, 0, 0, 0, 0, 0, 0, 0, 0, 0, 0, 0, 0, 0, 0, 0, 0, 0, 0, 0, 0, 0, 0, 0, 0, 0, 0, 0, 0, 0, 0, 0, 0, 0, 0, 0, 0, 0, 0, 0, -1, 0, -1, 0, 0, 0, 0, -1, 0, -1, 0, 0, 0, 0, -1, 0, -1, 0, 0, 0, 0, -1, 0, -1, 0, 0, 0, 0, -1, 0, -1, 4, '', 0, 0, 0, 0, 0, -1, 0, 0, 0, 0, 0, 0, 0, 0, 0, 0, 0, 0, 0, 0, 0, 0, 0, 0, -1, 0, 0, 0, 0, '', 0, 0, 0, 0, 0, 12340),
(85112, 12, 0, -1, 'Key of Lore (12)', 1399, 1, 2048, 0, 1, 0, 0, 0, -1, -1, 1, 0, 0, 0, 0, 0, 0, 0, 0, 1, 1, 0, 0, 0, 0, 0, 0, 0, 0, 0, 0, 0, 0, 0, 0, 0, 0, 0, 0, 0, 0, 0, 0, 0, 0, 0, 0, 0, 0, 0, 0, 0, 0, 0, 0, 0, 0, 0, 0, 0, 0, 0, 0, 0, 0, -1, 0, -1, 0, 0, 0, 0, -1, 0, -1, 0, 0, 0, 0, -1, 0, -1, 0, 0, 0, 0, -1, 0, -1, 0, 0, 0, 0, -1, 0, -1, 4, '', 0, 0, 0, 0, 0, -1, 0, 0, 0, 0, 0, 0, 0, 0, 0, 0, 0, 0, 0, 0, 0, 0, 0, 0, -1, 0, 0, 0, 0, '', 0, 0, 0, 0, 0, 12340),
(85113, 12, 0, -1, 'Key of Lore (13)', 1399, 1, 2048, 0, 1, 0, 0, 0, -1, -1, 1, 0, 0, 0, 0, 0, 0, 0, 0, 1, 1, 0, 0, 0, 0, 0, 0, 0, 0, 0, 0, 0, 0, 0, 0, 0, 0, 0, 0, 0, 0, 0, 0, 0, 0, 0, 0, 0, 0, 0, 0, 0, 0, 0, 0, 0, 0, 0, 0, 0, 0, 0, 0, 0, 0, -1, 0, -1, 0, 0, 0, 0, -1, 0, -1, 0, 0, 0, 0, -1, 0, -1, 0, 0, 0, 0, -1, 0, -1, 0, 0, 0, 0, -1, 0, -1, 4, '', 0, 0, 0, 0, 0, -1, 0, 0, 0, 0, 0, 0, 0, 0, 0, 0, 0, 0, 0, 0, 0, 0, 0, 0, -1, 0, 0, 0, 0, '', 0, 0, 0, 0, 0, 12340),
(85114, 12, 0, -1, 'Key of Lore (14)', 1399, 1, 2048, 0, 1, 0, 0, 0, -1, -1, 1, 0, 0, 0, 0, 0, 0, 0, 0, 1, 1, 0, 0, 0, 0, 0, 0, 0, 0, 0, 0, 0, 0, 0, 0, 0, 0, 0, 0, 0, 0, 0, 0, 0, 0, 0, 0, 0, 0, 0, 0, 0, 0, 0, 0, 0, 0, 0, 0, 0, 0, 0, 0, 0, 0, -1, 0, -1, 0, 0, 0, 0, -1, 0, -1, 0, 0, 0, 0, -1, 0, -1, 0, 0, 0, 0, -1, 0, -1, 0, 0, 0, 0, -1, 0, -1, 4, '', 0, 0, 0, 0, 0, -1, 0, 0, 0, 0, 0, 0, 0, 0, 0, 0, 0, 0, 0, 0, 0, 0, 0, 0, -1, 0, 0, 0, 0, '', 0, 0, 0, 0, 0, 12340);

DROP TABLE IF EXISTS `custom_events`;

CREATE TABLE `custom_events` (
  `id` tinyint(3) unsigned NOT NULL DEFAULT '1',
  `done` tinyint(3)  unsigned NOT NULL DEFAULT '0',
  `comment` varchar(255) NOT NULL DEFAULT '',
  PRIMARY KEY (`id`)
) ENGINE=InnoDB DEFAULT CHARSET=utf8;

INSERT INTO `custom_events` (`id`, `done`, `comment`) VALUES 
('1', '0', 'Lore Event');

DELETE FROM `trinity_string` WHERE `entry`= 10505;
INSERT INTO `trinity_string` (`entry`, `content_default`, `content_loc1`, `content_loc2`, `content_loc3`, `content_loc4`, `content_loc5`, `content_loc6`, `content_loc7`, `content_loc8`) VALUES 
(10505, 'Gracz: |cffff00ff%s|r |cffffff00ukonczyl event: \'|cffff00ff%s|r|cffffff00\' jako pierwszy! GRATULACJE!|r', NULL, NULL, NULL, NULL, NULL, NULL, NULL, NULL);