SET @NPC:= 3456000;
DELETE FROM creature_template WHERE entry BETWEEN @NPC AND @NPC + 27;
DELETE FROM creature_template WHERE entry BETWEEN @NPC + 50 AND @NPC + 51;
INSERT INTO `creature_template` VALUES 
(@NPC,0,0,0,0,0,2198,0,0,0,'Cloth Vendor','',NULL,0,80,80,2,35,128,1,1.14286,1,0,0,0,0,0,1,2000,0,1,0,0,0,0,0,0,0,0,0,0,0,7,138936390,0,0,0,0,0,0,0,0,0,0,0,0,0,0,0,0,0,0,0,0,0,'',0,3,1,1,1,1,0,0,0,0,0,0,0,0,1,0,0,'',1),
(@NPC + 1,0,0,0,0,0,2198,0,0,0,'Leather Vendor','',NULL,0,80,80,2,35,128,1,1.14286,1,0,0,0,0,0,1,2000,0,1,0,0,0,0,0,0,0,0,0,0,0,7,138936390,0,0,0,0,0,0,0,0,0,0,0,0,0,0,0,0,0,0,0,0,0,'',0,3,1,1,1,1,0,0,0,0,0,0,0,0,1,0,0,'',1),
(@NPC + 2,0,0,0,0,0,2198,0,0,0,'Mail Vendor','',NULL,0,80,80,2,35,128,1,1.14286,1,0,0,0,0,0,1,2000,0,1,0,0,0,0,0,0,0,0,0,0,0,7,138936390,0,0,0,0,0,0,0,0,0,0,0,0,0,0,0,0,0,0,0,0,0,'',0,3,1,1,1,1,0,0,0,0,0,0,0,0,1,0,0,'',1),
(@NPC + 3,0,0,0,0,0,2198,0,0,0,'Plate Vendor','',NULL,0,80,80,2,35,128,1,1.14286,1,0,0,0,0,0,1,2000,0,1,0,0,0,0,0,0,0,0,0,0,0,7,138936390,0,0,0,0,0,0,0,0,0,0,0,0,0,0,0,0,0,0,0,0,0,'',0,3,1,1,1,1,0,0,0,0,0,0,0,0,1,0,0,'',1),
(@NPC + 4,0,0,0,0,0,2198,0,0,0,'Weapon Vendor','',NULL,0,80,80,2,35,128,1,1.14286,1,0,0,0,0,0,1,2000,0,1,0,0,0,0,0,0,0,0,0,0,0,7,138936390,0,0,0,0,0,0,0,0,0,0,0,0,0,0,0,0,0,0,0,0,0,'',0,3,1,1,1,1,0,0,0,0,0,0,0,0,1,0,0,'',1),
(@NPC + 5,0,0,0,0,0,2198,0,0,0,'Misc Vendor','',NULL,0,80,80,2,35,128,1,1.14286,1,0,0,0,0,0,1,2000,0,1,0,0,0,0,0,0,0,0,0,0,0,7,138936390,0,0,0,0,0,0,0,0,0,0,0,0,0,0,0,0,0,0,0,0,0,'',0,3,1,1,1,1,0,0,0,0,0,0,0,0,1,0,0,'',1),
(@NPC + 6,0,0,0,0,0,2198,0,0,0,'Back Vendor','',NULL,0,80,80,2,35,128,1,1.14286,1,0,0,0,0,0,1,2000,0,1,0,0,0,0,0,0,0,0,0,0,0,7,138936390,0,0,0,0,0,0,0,0,0,0,0,0,0,0,0,0,0,0,0,0,0,'',0,3,1,1,1,1,0,0,0,0,0,0,0,0,1,0,0,'',1),
(@NPC + 7,0,0,0,0,0,2198,0,0,0,'Trinket Vendor','',NULL,0,80,80,2,35,128,1,1.14286,1,0,0,0,0,0,1,2000,0,1,0,0,0,0,0,0,0,0,0,0,0,7,138936390,0,0,0,0,0,0,0,0,0,0,0,0,0,0,0,0,0,0,0,0,0,'',0,3,1,1,1,1,0,0,0,0,0,0,0,0,1,0,0,'',1),
(@NPC + 8,0,0,0,0,0,2198,0,0,0,'Gem Vendor','',NULL,0,80,80,2,35,128,1,1.14286,1,0,0,0,0,0,1,2000,0,1,0,0,0,0,0,0,0,0,0,0,0,7,138936390,0,0,0,0,0,0,0,0,0,0,0,0,0,0,0,0,0,0,0,0,0,'',0,3,1,1,1,1,0,0,0,0,0,0,0,0,1,0,0,'',1),
(@NPC + 9,0,0,0,0,0,2198,0,0,0,'Enchanting Vendor','',NULL,0,80,80,2,35,128,1,1.14286,1,0,0,0,0,0,1,2000,0,1,0,0,0,0,0,0,0,0,0,0,0,7,138936390,0,0,0,0,0,0,0,0,0,0,0,0,0,0,0,0,0,0,0,0,0,'',0,3,1,1,1,1,0,0,0,0,0,0,0,0,1,0,0,'',1),
(@NPC + 10,0,0,0,0,0,2198,0,0,0,'Weapon Vendor','',NULL,0,80,80,2,35,128,1,1.14286,1,0,0,0,0,0,1,2000,0,1,0,0,0,0,0,0,0,0,0,0,0,7,138936390,0,0,0,0,0,0,0,0,0,0,0,0,0,0,0,0,0,0,0,0,0,'',0,3,1,1,1,1,0,0,0,0,0,0,0,0,1,0,0,'',1),
(@NPC + 11,0,0,0,0,0,2198,0,0,0,'PVP Cloth Vendor','',NULL,0,80,80,2,35,128,1,1.14286,1,0,0,0,0,0,1,2000,0,1,0,0,0,0,0,0,0,0,0,0,0,7,138936390,0,0,0,0,0,0,0,0,0,0,0,0,0,0,0,0,0,0,0,0,0,'',0,3,1,1,1,1,0,0,0,0,0,0,0,0,1,0,0,'',1),
(@NPC + 12,0,0,0,0,0,2198,0,0,0,'PVP Leather Vendor','',NULL,0,80,80,2,35,128,1,1.14286,1,0,0,0,0,0,1,2000,0,1,0,0,0,0,0,0,0,0,0,0,0,7,138936390,0,0,0,0,0,0,0,0,0,0,0,0,0,0,0,0,0,0,0,0,0,'',0,3,1,1,1,1,0,0,0,0,0,0,0,0,1,0,0,'',1),
(@NPC + 13,0,0,0,0,0,2198,0,0,0,'PVP Mail Vendor','',NULL,0,80,80,2,35,128,1,1.14286,1,0,0,0,0,0,1,2000,0,1,0,0,0,0,0,0,0,0,0,0,0,7,138936390,0,0,0,0,0,0,0,0,0,0,0,0,0,0,0,0,0,0,0,0,0,'',0,3,1,1,1,1,0,0,0,0,0,0,0,0,1,0,0,'',1),
(@NPC + 14,0,0,0,0,0,2198,0,0,0,'PVP Plate Vendor','',NULL,0,80,80,2,35,128,1,1.14286,1,0,0,0,0,0,1,2000,0,1,0,0,0,0,0,0,0,0,0,0,0,7,138936390,0,0,0,0,0,0,0,0,0,0,0,0,0,0,0,0,0,0,0,0,0,'',0,3,1,1,1,1,0,0,0,0,0,0,0,0,1,0,0,'',1),
(@NPC + 15,0,0,0,0,0,2198,0,0,0,'PVP Weapon Vendor','',NULL,0,80,80,2,35,128,1,1.14286,1,0,0,0,0,0,1,2000,0,1,0,0,0,0,0,0,0,0,0,0,0,7,138936390,0,0,0,0,0,0,0,0,0,0,0,0,0,0,0,0,0,0,0,0,0,'',0,3,1,1,1,1,0,0,0,0,0,0,0,0,1,0,0,'',1),
(@NPC + 16,0,0,0,0,0,2198,0,0,0,'PVP Back Vendor','',NULL,0,80,80,2,35,128,1,1.14286,1,0,0,0,0,0,1,2000,0,1,0,0,0,0,0,0,0,0,0,0,0,7,138936390,0,0,0,0,0,0,0,0,0,0,0,0,0,0,0,0,0,0,0,0,0,'',0,3,1,1,1,1,0,0,0,0,0,0,0,0,1,0,0,'',1),
(@NPC + 17,0,0,0,0,0,2198,0,0,0,'PVP Misc Vendor','',NULL,0,80,80,2,35,128,1,1.14286,1,0,0,0,0,0,1,2000,0,1,0,0,0,0,0,0,0,0,0,0,0,7,138936390,0,0,0,0,0,0,0,0,0,0,0,0,0,0,0,0,0,0,0,0,0,'',0,3,1,1,1,1,0,0,0,0,0,0,0,0,1,0,0,'',1),
(@NPC + 18,0,0,0,0,0,2198,0,0,0,'Misc Vendor','',NULL,0,80,80,2,35,128,1,1.14286,1,0,0,0,0,0,1,2000,0,1,0,0,0,0,0,0,0,0,0,0,0,7,138936390,0,0,0,0,0,0,0,0,0,0,0,0,0,0,0,0,0,0,0,0,0,'',0,3,1,1,1,1,0,0,0,0,0,0,0,0,1,0,0,'',1),
(@NPC + 19,0,0,0,0,0,2198,0,0,0,'Glyph Vendor','',NULL,0,80,80,2,35,128,1,1.14286,1,0,0,0,0,0,1,2000,0,1,0,0,0,0,0,0,0,0,0,0,0,7,138936390,0,0,0,0,0,0,0,0,0,0,0,0,0,0,0,0,0,0,0,0,0,'',0,3,1,1,1,1,0,0,0,0,0,0,0,0,1,0,0,'',1),
(@NPC + 20,0,0,0,0,0,2198,0,0,0,'Glyph Vendor','',NULL,0,80,80,2,35,128,1,1.14286,1,0,0,0,0,0,1,2000,0,1,0,0,0,0,0,0,0,0,0,0,0,7,138936390,0,0,0,0,0,0,0,0,0,0,0,0,0,0,0,0,0,0,0,0,0,'',0,3,1,1,1,1,0,0,0,0,0,0,0,0,1,0,0,'',1),
(@NPC + 21,0,0,0,0,0,2198,0,0,0,'Tier 7 Vendor','',NULL,0,80,80,2,35,128,1,1.14286,1,0,0,0,0,0,1,2000,0,1,0,0,0,0,0,0,0,0,0,0,0,7,138936390,0,0,0,0,0,0,0,0,0,0,0,0,0,0,0,0,0,0,0,0,0,'',0,3,1,1,1,1,0,0,0,0,0,0,0,0,1,0,0,'',1),
(@NPC + 22,0,0,0,0,0,2198,0,0,0,'Tier 8 Vendor','',NULL,0,80,80,2,35,128,1,1.14286,1,0,0,0,0,0,1,2000,0,1,0,0,0,0,0,0,0,0,0,0,0,7,138936390,0,0,0,0,0,0,0,0,0,0,0,0,0,0,0,0,0,0,0,0,0,'',0,3,1,1,1,1,0,0,0,0,0,0,0,0,1,0,0,'',1),
(@NPC + 23,0,0,0,0,0,2198,0,0,0,'Tier 9 Vendor','',NULL,0,80,80,2,35,128,1,1.14286,1,0,0,0,0,0,1,2000,0,1,0,0,0,0,0,0,0,0,0,0,0,7,138936390,0,0,0,0,0,0,0,0,0,0,0,0,0,0,0,0,0,0,0,0,0,'',0,3,1,1,1,1,0,0,0,0,0,0,0,0,1,0,0,'',1),
(@NPC + 24,0,0,0,0,0,2198,0,0,0,'Tier 9.5 Vendor','',NULL,0,80,80,2,35,128,1,1.14286,1,0,0,0,0,0,1,2000,0,1,0,0,0,0,0,0,0,0,0,0,0,7,138936390,0,0,0,0,0,0,0,0,0,0,0,0,0,0,0,0,0,0,0,0,0,'',0,3,1,1,1,1,0,0,0,0,0,0,0,0,1,0,0,'',1),
(@NPC + 25,0,0,0,0,0,2198,0,0,0,'Tier 9 Heroic Vendor','',NULL,0,80,80,2,35,128,1,1.14286,1,0,0,0,0,0,1,2000,0,1,0,0,0,0,0,0,0,0,0,0,0,7,138936390,0,0,0,0,0,0,0,0,0,0,0,0,0,0,0,0,0,0,0,0,0,'',0,3,1,1,1,1,0,0,0,0,0,0,0,0,1,0,0,'',1),
(@NPC + 26,0,0,0,0,0,2198,0,0,0,'Heirloom Vendor','',NULL,0,80,80,2,35,128,1,1.14286,1,0,0,0,0,0,1,2000,0,1,0,0,0,0,0,0,0,0,0,0,0,7,138936390,0,0,0,0,0,0,0,0,0,0,0,0,0,0,0,0,0,0,0,0,0,'',0,3,1,1,1,1,0,0,0,0,0,0,0,0,1,0,0,'',1),
(@NPC + 27,0,0,0,0,0,2198,0,0,0,'Glyph Vendor','',NULL,0,80,80,2,35,128,1,1.14286,1,0,0,0,0,0,1,2000,0,1,0,0,0,0,0,0,0,0,0,0,0,7,138936390,0,0,0,0,0,0,0,0,0,0,0,0,0,0,0,0,0,0,0,0,0,'',0,3,1,1,1,1,0,0,0,0,0,0,0,0,1,0,0,'',1),




(@NPC + 50,0,0,0,0,0,19646,0,0,0,'GM Island Teleporter','',NULL,0,80,80,2,35,1,1,1.14286,1,0,0,0,0,0,1,2000,0,1,0,0,0,0,0,0,0,0,0,0,0,7,138936390,0,0,0,0,0,0,0,0,0,0,0,0,0,0,0,0,0,0,0,0,0,'',0,3,1,1,1,1,0,0,0,0,0,0,0,0,1,0,0,'npc_gmisl_teleporter',1),
(@NPC + 51,0,0,0,0,0,19646,0,0,0,'Test Server Npc','',NULL,0,80,80,2,35,1,1,1.14286,1,0,0,0,0,0,1,2000,0,1,0,0,0,0,0,0,0,0,0,0,0,7,138936390,0,0,0,0,0,0,0,0,0,0,0,0,0,0,0,0,0,0,0,0,0,'',0,3,1,1,1,1,0,0,0,0,0,0,0,0,1,0,0,'npc_test_server',1);

UPDATE creature_template SET npcflag = 49, trainer_class = 6 WHERE entry = 33251;
DELETE FROM npc_trainer WHERE entry = 33251;
INSERT INTO npc_trainer(entry, spell) VALUES (33251, -200019);



DELETE FROM npc_vendor WHERE entry = @NPC + 16;
INSERT INTO npc_vendor VALUES (@NPC + 16, 0, 40403, 0, 0, 2),(@NPC + 16, 0, 42055, 0, 0, 2),(@NPC + 16, 0, 42056, 0, 0, 2),(@NPC + 16, 0, 42057, 0, 0, 2),(@NPC + 16, 0, 42058, 0, 0, 2),(@NPC + 16, 0, 42059, 0, 0, 2),(@NPC + 16, 0, 42060, 0, 0, 2),(@NPC + 16, 0, 42061, 0, 0, 2),(@NPC + 16, 0, 42062, 0, 0, 2),(@NPC + 16, 0, 42063, 0, 0, 2),(@NPC + 16, 0, 42064, 0, 0, 2),(@NPC + 16, 0, 42065, 0, 0, 2),(@NPC + 16, 0, 42066, 0, 0, 2),(@NPC + 16, 0, 42067, 0, 0, 2),(@NPC + 16, 0, 42068, 0, 0, 2),(@NPC + 16, 0, 42069, 0, 0, 2),(@NPC + 16, 0, 42070, 0, 0, 2),(@NPC + 16, 0, 42071, 0, 0, 2),(@NPC + 16, 0, 42072, 0, 0, 2),(@NPC + 16, 0, 42073, 0, 0, 2),(@NPC + 16, 0, 42074, 0, 0, 2),(@NPC + 16, 0, 42075, 0, 0, 2),(@NPC + 16, 0, 42076, 0, 0, 2),(@NPC + 16, 0, 42077, 0, 0, 2),(@NPC + 16, 0, 42078, 0, 0, 2),(@NPC + 16, 0, 42079, 0, 0, 2),(@NPC + 16, 0, 42080, 0, 0, 2),(@NPC + 16, 0, 42081, 0, 0, 2),(@NPC + 16, 0, 42082, 0, 0, 2);
DELETE FROM npc_vendor WHERE entry = @NPC + 17;
INSERT INTO npc_vendor VALUES (@NPC + 17, 0, 42020, 0, 0, 2),(@NPC + 17, 0, 42021, 0, 0, 2),(@NPC + 17, 0, 42022, 0, 0, 2),(@NPC + 17, 0, 42023, 0, 0, 2),(@NPC + 17, 0, 42024, 0, 0, 2),(@NPC + 17, 0, 42025, 0, 0, 2),(@NPC + 17, 0, 42026, 0, 0, 2),(@NPC + 17, 0, 42027, 0, 0, 2),(@NPC + 17, 0, 42028, 0, 0, 2),(@NPC + 17, 0, 42029, 0, 0, 2),(@NPC + 17, 0, 42030, 0, 0, 2),(@NPC + 17, 0, 42031, 0, 0, 2),(@NPC + 17, 0, 42032, 0, 0, 2),(@NPC + 17, 0, 42033, 0, 0, 2),(@NPC + 17, 0, 42034, 0, 0, 2),(@NPC + 17, 0, 42035, 0, 0, 2),(@NPC + 17, 0, 42036, 0, 0, 2),(@NPC + 17, 0, 42037, 0, 0, 2),(@NPC + 17, 0, 42038, 0, 0, 2),(@NPC + 17, 0, 42039, 0, 0, 2),(@NPC + 17, 0, 42040, 0, 0, 2),(@NPC + 17, 0, 42041, 0, 0, 2),(@NPC + 17, 0, 42042, 0, 0, 2),(@NPC + 17, 0, 42043, 0, 0, 2),(@NPC + 17, 0, 42044, 0, 0, 2),(@NPC + 17, 0, 42045, 0, 0, 2),(@NPC + 17, 0, 42046, 0, 0, 2),(@NPC + 17, 0, 42047, 0, 0, 2),(@NPC + 17, 0, 42110, 0, 0, 2),(@NPC + 17, 0, 42112, 0, 0, 2),(@NPC + 17, 0, 42114, 0, 0, 2),(@NPC + 17, 0, 42115, 0, 0, 2),(@NPC + 17, 0, 42116, 0, 0, 2),(@NPC + 17, 0, 42117, 0, 0, 2),(@NPC + 17, 0, 42118, 0, 0, 2),(@NPC + 17, 0, 42119, 0, 0, 2),(@NPC + 17, 0, 42123, 0, 0, 2),(@NPC + 17, 0, 42126, 0, 0, 2),(@NPC + 17, 0, 42524, 0, 0, 2),(@NPC + 17, 0, 42525, 0, 0, 2),(@NPC + 17, 0, 42526, 0, 0, 2),(@NPC + 17, 0, 42527, 0, 0, 2),(@NPC + 17, 0, 42530, 0, 0, 2),(@NPC + 17, 0, 42531, 0, 0, 2),(@NPC + 17, 0, 42532, 0, 0, 2),(@NPC + 17, 0, 42533, 0, 0, 2),(@NPC + 17, 0, 42536, 0, 0, 2),(@NPC + 17, 0, 42537, 0, 0, 2),(@NPC + 17, 0, 42538, 0, 0, 2),(@NPC + 17, 0, 42539, 0, 0, 2),(@NPC + 17, 0, 42558, 0, 0, 2),(@NPC + 17, 0, 42559, 0, 0, 2),(@NPC + 17, 0, 42560, 0, 0, 2),(@NPC + 17, 0, 42561, 0, 0, 2),(@NPC + 17, 0, 42563, 0, 0, 2),(@NPC + 17, 0, 42564, 0, 0, 2),(@NPC + 17, 0, 42565, 0, 0, 2),(@NPC + 17, 0, 42566, 0, 0, 2),(@NPC + 17, 0, 42569, 0, 0, 2),(@NPC + 17, 0, 42570, 0, 0, 2),(@NPC + 17, 0, 42571, 0, 0, 2),(@NPC + 17, 0, 42572, 0, 0, 2),(@NPC + 17, 0, 42577, 0, 0, 2),(@NPC + 17, 0, 42578, 0, 0, 2),(@NPC + 17, 0, 42579, 0, 0, 2),(@NPC + 17, 0, 42580, 0, 0, 2),(@NPC + 17, 0, 42582, 0, 0, 2),(@NPC + 17, 0, 42583, 0, 0, 2),(@NPC + 17, 0, 42584, 0, 0, 2),(@NPC + 17, 0, 42585, 0, 0, 2),(@NPC + 17, 0, 42587, 0, 0, 2),(@NPC + 17, 0, 42588, 0, 0, 2),(@NPC + 17, 0, 42589, 0, 0, 2),(@NPC + 17, 0, 42591, 0, 0, 2),(@NPC + 17, 0, 42596, 0, 0, 2),(@NPC + 17, 0, 42597, 0, 0, 2),(@NPC + 17, 0, 42598, 0, 0, 2),(@NPC + 17, 0, 42599, 0, 0, 2),(@NPC + 17, 0, 42601, 0, 0, 2),(@NPC + 17, 0, 42602, 0, 0, 2),(@NPC + 17, 0, 42603, 0, 0, 2),(@NPC + 17, 0, 42604, 0, 0, 2),(@NPC + 17, 0, 42606, 0, 0, 2),(@NPC + 17, 0, 42607, 0, 0, 2),(@NPC + 17, 0, 42608, 0, 0, 2),(@NPC + 17, 0, 42609, 0, 0, 2),(@NPC + 17, 0, 42613, 0, 0, 2),(@NPC + 17, 0, 42614, 0, 0, 2),(@NPC + 17, 0, 42615, 0, 0, 2),(@NPC + 17, 0, 42616, 0, 0, 2),(@NPC + 17, 0, 42619, 0, 0, 2),(@NPC + 17, 0, 42620, 0, 0, 2),(@NPC + 17, 0, 42621, 0, 0, 2),(@NPC + 17, 0, 42622, 0, 0, 2),(@NPC + 17, 0, 42851, 0, 0, 2),(@NPC + 17, 0, 42852, 0, 0, 2),(@NPC + 17, 0, 42853, 0, 0, 2),(@NPC + 17, 0, 42854, 0, 0, 2),(@NPC + 17, 0, 46373, 0, 0, 2),(@NPC + 17, 0, 46374, 0, 0, 2),(@NPC + 17, 0, 47243, 0, 0, 2),(@NPC + 17, 0, 49187, 0, 0, 2);
DELETE FROM npc_vendor WHERE entry = @NPC + 18;
INSERT INTO npc_vendor VALUES (@NPC + 18, 0, 39401, 0, 0, 2),(@NPC + 18, 0, 39407, 0, 0, 2),(@NPC + 18, 0, 39421, 0, 0, 2),(@NPC + 18, 0, 39470, 0, 0, 2),(@NPC + 18, 0, 39472, 0, 0, 2),(@NPC + 18, 0, 39716, 0, 0, 2),(@NPC + 18, 0, 39766, 0, 0, 2),(@NPC + 18, 0, 40064, 0, 0, 2),(@NPC + 18, 0, 40065, 0, 0, 2),(@NPC + 18, 0, 40069, 0, 0, 2),(@NPC + 18, 0, 40071, 0, 0, 2),(@NPC + 18, 0, 40074, 0, 0, 2),(@NPC + 18, 0, 40075, 0, 0, 2),(@NPC + 18, 0, 40080, 0, 0, 2),(@NPC + 18, 0, 40107, 0, 0, 2),(@NPC + 18, 0, 40108, 0, 0, 2),(@NPC + 18, 0, 40192, 0, 0, 2),(@NPC + 18, 0, 40266, 0, 0, 2),(@NPC + 18, 0, 40273, 0, 0, 2),(@NPC + 18, 0, 40350, 0, 0, 2),(@NPC + 18, 0, 40369, 0, 0, 2),(@NPC + 18, 0, 40370, 0, 0, 2),(@NPC + 18, 0, 40374, 0, 0, 2),(@NPC + 18, 0, 40375, 0, 0, 2),(@NPC + 18, 0, 40378, 0, 0, 2),(@NPC + 18, 0, 40387, 0, 0, 2),(@NPC + 18, 0, 40399, 0, 0, 2),(@NPC + 18, 0, 40400, 0, 0, 2),(@NPC + 18, 0, 40401, 0, 0, 2),(@NPC + 18, 0, 40412, 0, 0, 2),(@NPC + 18, 0, 45106, 0, 0, 2),(@NPC + 18, 0, 45112, 0, 0, 2),(@NPC + 18, 0, 45113, 0, 0, 2),(@NPC + 18, 0, 45115, 0, 0, 2),(@NPC + 18, 0, 45116, 0, 0, 2),(@NPC + 18, 0, 45133, 0, 0, 2),(@NPC + 18, 0, 45157, 0, 0, 2),(@NPC + 18, 0, 45168, 0, 0, 2),(@NPC + 18, 0, 45193, 0, 0, 2),(@NPC + 18, 0, 45235, 0, 0, 2),(@NPC + 18, 0, 45236, 0, 0, 2),(@NPC + 18, 0, 45243, 0, 0, 2),(@NPC + 18, 0, 45247, 0, 0, 2),(@NPC + 18, 0, 45250, 0, 0, 2),(@NPC + 18, 0, 45262, 0, 0, 2),(@NPC + 18, 0, 45271, 0, 0, 2),(@NPC + 18, 0, 45285, 0, 0, 2),(@NPC + 18, 0, 45297, 0, 0, 2),(@NPC + 18, 0, 45303, 0, 0, 2),(@NPC + 18, 0, 45314, 0, 0, 2),(@NPC + 18, 0, 45326, 0, 0, 2),(@NPC + 18, 0, 45418, 0, 0, 2),(@NPC + 18, 0, 45438, 0, 0, 2),(@NPC + 18, 0, 45443, 0, 0, 2),(@NPC + 18, 0, 45447, 0, 0, 2),(@NPC + 18, 0, 45450, 0, 0, 2),(@NPC + 18, 0, 45451, 0, 0, 2),(@NPC + 18, 0, 45456, 0, 0, 2),(@NPC + 18, 0, 45459, 0, 0, 2),(@NPC + 18, 0, 45469, 0, 0, 2),(@NPC + 18, 0, 45470, 0, 0, 2),(@NPC + 18, 0, 45471, 0, 0, 2),(@NPC + 18, 0, 45480, 0, 0, 2),(@NPC + 18, 0, 45485, 0, 0, 2),(@NPC + 18, 0, 45495, 0, 0, 2),(@NPC + 18, 0, 45503, 0, 0, 2),(@NPC + 18, 0, 45515, 0, 0, 2),(@NPC + 18, 0, 45517, 0, 0, 2),(@NPC + 18, 0, 45525, 0, 0, 2),(@NPC + 18, 0, 45530, 0, 0, 2),(@NPC + 18, 0, 45534, 0, 0, 2),(@NPC + 18, 0, 45538, 0, 0, 2),(@NPC + 18, 0, 45539, 0, 0, 2),(@NPC + 18, 0, 45540, 0, 0, 2),(@NPC + 18, 0, 45587, 0, 0, 2),(@NPC + 18, 0, 45608, 0, 0, 2),(@NPC + 18, 0, 45614, 0, 0, 2),(@NPC + 18, 0, 45617, 0, 0, 2),(@NPC + 18, 0, 45675, 0, 0, 2),(@NPC + 18, 0, 45682, 0, 0, 2),(@NPC + 18, 0, 45696, 0, 0, 2),(@NPC + 18, 0, 45699, 0, 0, 2),(@NPC + 18, 0, 45702, 0, 0, 2),(@NPC + 18, 0, 45707, 0, 0, 2),(@NPC + 18, 0, 45871, 0, 0, 2),(@NPC + 18, 0, 45874, 0, 0, 2),(@NPC + 18, 0, 45877, 0, 0, 2),(@NPC + 18, 0, 45887, 0, 0, 2),(@NPC + 18, 0, 45933, 0, 0, 2),(@NPC + 18, 0, 45945, 0, 0, 2),(@NPC + 18, 0, 45946, 0, 0, 2),(@NPC + 18, 0, 46008, 0, 0, 2),(@NPC + 18, 0, 46010, 0, 0, 2),(@NPC + 18, 0, 46015, 0, 0, 2),(@NPC + 18, 0, 46022, 0, 0, 2),(@NPC + 18, 0, 46040, 0, 0, 2),(@NPC + 18, 0, 46046, 0, 0, 2),(@NPC + 18, 0, 46047, 0, 0, 2),(@NPC + 18, 0, 46048, 0, 0, 2),(@NPC + 18, 0, 46096, 0, 0, 2),(@NPC + 18, 0, 46322, 0, 0, 2),(@NPC + 18, 0, 46323, 0, 0, 2),(@NPC + 18, 0, 46343, 0, 0, 2),(@NPC + 18, 0, 46959, 0, 0, 2),(@NPC + 18, 0, 46963, 0, 0, 2),(@NPC + 18, 0, 46964, 0, 0, 2),(@NPC + 18, 0, 46966, 0, 0, 2),(@NPC + 18, 0, 47043, 0, 0, 2),(@NPC + 18, 0, 47053, 0, 0, 2),(@NPC + 18, 0, 47054, 0, 0, 2),(@NPC + 18, 0, 47060, 0, 0, 2),(@NPC + 18, 0, 47064, 0, 0, 2),(@NPC + 18, 0, 47070, 0, 0, 2),(@NPC + 18, 0, 47075, 0, 0, 2),(@NPC + 18, 0, 47079, 0, 0, 2),(@NPC + 18, 0, 47085, 0, 0, 2),(@NPC + 18, 0, 47105, 0, 0, 2),(@NPC + 18, 0, 47110, 0, 0, 2),(@NPC + 18, 0, 47116, 0, 0, 2),(@NPC + 18, 0, 47133, 0, 0, 2),(@NPC + 18, 0, 47138, 0, 0, 2),(@NPC + 18, 0, 47139, 0, 0, 2),(@NPC + 18, 0, 47144, 0, 0, 2),(@NPC + 18, 0, 47146, 0, 0, 2),(@NPC + 18, 0, 47149, 0, 0, 2),(@NPC + 18, 0, 47157, 0, 0, 2),(@NPC + 18, 0, 47223, 0, 0, 2),(@NPC + 18, 0, 47224, 0, 0, 2),(@NPC + 18, 0, 47237, 0, 0, 2),(@NPC + 18, 0, 47252, 0, 0, 2),(@NPC + 18, 0, 47260, 0, 0, 2),(@NPC + 18, 0, 47272, 0, 0, 2),(@NPC + 18, 0, 47276, 0, 0, 2),(@NPC + 18, 0, 47278, 0, 0, 2),(@NPC + 18, 0, 47282, 0, 0, 2),(@NPC + 18, 0, 47287, 0, 0, 2),(@NPC + 18, 0, 47297, 0, 0, 2),(@NPC + 18, 0, 47305, 0, 0, 2),(@NPC + 18, 0, 47307, 0, 0, 2),(@NPC + 18, 0, 47309, 0, 0, 2),(@NPC + 18, 0, 47315, 0, 0, 2),(@NPC + 18, 0, 47327, 0, 0, 2),(@NPC + 18, 0, 47413, 0, 0, 2),(@NPC + 18, 0, 47421, 0, 0, 2),(@NPC + 18, 0, 47433, 0, 0, 2),(@NPC + 18, 0, 47437, 0, 0, 2),(@NPC + 18, 0, 47439, 0, 0, 2),(@NPC + 18, 0, 47443, 0, 0, 2),(@NPC + 18, 0, 47448, 0, 0, 2),(@NPC + 18, 0, 47458, 0, 0, 2),(@NPC + 18, 0, 47466, 0, 0, 2),(@NPC + 18, 0, 47468, 0, 0, 2),(@NPC + 18, 0, 47470, 0, 0, 2),(@NPC + 18, 0, 47476, 0, 0, 2),(@NPC + 18, 0, 47489, 0, 0, 2),(@NPC + 18, 0, 47578, 0, 0, 2),(@NPC + 18, 0, 47607, 0, 0, 2),(@NPC + 18, 0, 47618, 0, 0, 2),(@NPC + 18, 0, 47619, 0, 0, 2),(@NPC + 18, 0, 47679, 0, 0, 2),(@NPC + 18, 0, 47700, 0, 0, 2),(@NPC + 18, 0, 47703, 0, 0, 2),(@NPC + 18, 0, 47742, 0, 0, 2),(@NPC + 18, 0, 47747, 0, 0, 2),(@NPC + 18, 0, 47812, 0, 0, 2),(@NPC + 18, 0, 47835, 0, 0, 2),(@NPC + 18, 0, 47849, 0, 0, 2),(@NPC + 18, 0, 47854, 0, 0, 2),(@NPC + 18, 0, 47862, 0, 0, 2),(@NPC + 18, 0, 47864, 0, 0, 2),(@NPC + 18, 0, 47868, 0, 0, 2),(@NPC + 18, 0, 47872, 0, 0, 2),(@NPC + 18, 0, 47888, 0, 0, 2),(@NPC + 18, 0, 47890, 0, 0, 2),(@NPC + 18, 0, 47895, 0, 0, 2),(@NPC + 18, 0, 47910, 0, 0, 2),(@NPC + 18, 0, 47913, 0, 0, 2),(@NPC + 18, 0, 47915, 0, 0, 2),(@NPC + 18, 0, 47920, 0, 0, 2),(@NPC + 18, 0, 47928, 0, 0, 2),(@NPC + 18, 0, 47930, 0, 0, 2),(@NPC + 18, 0, 47934, 0, 0, 2),(@NPC + 18, 0, 47939, 0, 0, 2),(@NPC + 18, 0, 47955, 0, 0, 2),(@NPC + 18, 0, 47957, 0, 0, 2),(@NPC + 18, 0, 47958, 0, 0, 2),(@NPC + 18, 0, 47963, 0, 0, 2),(@NPC + 18, 0, 47978, 0, 0, 2),(@NPC + 18, 0, 47988, 0, 0, 2),(@NPC + 18, 0, 47993, 0, 0, 2),(@NPC + 18, 0, 48001, 0, 0, 2),(@NPC + 18, 0, 48003, 0, 0, 2),(@NPC + 18, 0, 48007, 0, 0, 2),(@NPC + 18, 0, 48011, 0, 0, 2),(@NPC + 18, 0, 48027, 0, 0, 2),(@NPC + 18, 0, 48030, 0, 0, 2),(@NPC + 18, 0, 48032, 0, 0, 2),(@NPC + 18, 0, 48040, 0, 0, 2),(@NPC + 18, 0, 48055, 0, 0, 2);
DELETE FROM npc_vendor WHERE entry = @NPC + 4;
INSERT INTO npc_vendor VALUES (@NPC + 4, 0, 39140, 0, 0, 2),(@NPC + 4, 0, 39200, 0, 0, 2),(@NPC + 4, 0, 39221, 0, 0, 2),(@NPC + 4, 0, 39226, 0, 0, 2),(@NPC + 4, 0, 39245, 0, 0, 2),(@NPC + 4, 0, 39255, 0, 0, 2),(@NPC + 4, 0, 39256, 0, 0, 2),(@NPC + 4, 0, 39270, 0, 0, 2),(@NPC + 4, 0, 39271, 0, 0, 2),(@NPC + 4, 0, 39281, 0, 0, 2),(@NPC + 4, 0, 39291, 0, 0, 2),(@NPC + 4, 0, 39296, 0, 0, 2),(@NPC + 4, 0, 39344, 0, 0, 2),(@NPC + 4, 0, 39393, 0, 0, 2),(@NPC + 4, 0, 39394, 0, 0, 2),(@NPC + 4, 0, 39416, 0, 0, 2),(@NPC + 4, 0, 39417, 0, 0, 2),(@NPC + 4, 0, 39419, 0, 0, 2),(@NPC + 4, 0, 39420, 0, 0, 2),(@NPC + 4, 0, 39422, 0, 0, 2),(@NPC + 4, 0, 39423, 0, 0, 2),(@NPC + 4, 0, 39424, 0, 0, 2),(@NPC + 4, 0, 39426, 0, 0, 2),(@NPC + 4, 0, 39427, 0, 0, 2),(@NPC + 4, 0, 39468, 0, 0, 2),(@NPC + 4, 0, 39473, 0, 0, 2),(@NPC + 4, 0, 39712, 0, 0, 2),(@NPC + 4, 0, 39714, 0, 0, 2),(@NPC + 4, 0, 39730, 0, 0, 2),(@NPC + 4, 0, 39758, 0, 0, 2),(@NPC + 4, 0, 39763, 0, 0, 2),(@NPC + 4, 0, 40189, 0, 0, 2),(@NPC + 4, 0, 40208, 0, 0, 2),(@NPC + 4, 0, 40233, 0, 0, 2),(@NPC + 4, 0, 40239, 0, 0, 2),(@NPC + 4, 0, 40244, 0, 0, 2),(@NPC + 4, 0, 40245, 0, 0, 2),(@NPC + 4, 0, 40264, 0, 0, 2),(@NPC + 4, 0, 40265, 0, 0, 2),(@NPC + 4, 0, 40280, 0, 0, 2),(@NPC + 4, 0, 40281, 0, 0, 2),(@NPC + 4, 0, 40284, 0, 0, 2),(@NPC + 4, 0, 40300, 0, 0, 2),(@NPC + 4, 0, 40335, 0, 0, 2),(@NPC + 4, 0, 40336, 0, 0, 2),(@NPC + 4, 0, 40343, 0, 0, 2),(@NPC + 4, 0, 40345, 0, 0, 2),(@NPC + 4, 0, 40346, 0, 0, 2),(@NPC + 4, 0, 40348, 0, 0, 2),(@NPC + 4, 0, 40368, 0, 0, 2),(@NPC + 4, 0, 40383, 0, 0, 2),(@NPC + 4, 0, 40384, 0, 0, 2),(@NPC + 4, 0, 40385, 0, 0, 2),(@NPC + 4, 0, 40386, 0, 0, 2),(@NPC + 4, 0, 40388, 0, 0, 2),(@NPC + 4, 0, 40395, 0, 0, 2),(@NPC + 4, 0, 40396, 0, 0, 2),(@NPC + 4, 0, 40402, 0, 0, 2),(@NPC + 4, 0, 40406, 0, 0, 2),(@NPC + 4, 0, 40407, 0, 0, 2),(@NPC + 4, 0, 40408, 0, 0, 2),(@NPC + 4, 0, 45110, 0, 0, 2),(@NPC + 4, 0, 45132, 0, 0, 2),(@NPC + 4, 0, 45137, 0, 0, 2),(@NPC + 4, 0, 45142, 0, 0, 2),(@NPC + 4, 0, 45147, 0, 0, 2),(@NPC + 4, 0, 45165, 0, 0, 2),(@NPC + 4, 0, 45170, 0, 0, 2),(@NPC + 4, 0, 45171, 0, 0, 2),(@NPC + 4, 0, 45233, 0, 0, 2),(@NPC + 4, 0, 45234, 0, 0, 2),(@NPC + 4, 0, 45246, 0, 0, 2),(@NPC + 4, 0, 45256, 0, 0, 2),(@NPC + 4, 0, 45257, 0, 0, 2),(@NPC + 4, 0, 45261, 0, 0, 2),(@NPC + 4, 0, 45266, 0, 0, 2),(@NPC + 4, 0, 45282, 0, 0, 2),(@NPC + 4, 0, 45284, 0, 0, 2),(@NPC + 4, 0, 45287, 0, 0, 2),(@NPC + 4, 0, 45294, 0, 0, 2),(@NPC + 4, 0, 45298, 0, 0, 2),(@NPC + 4, 0, 45309, 0, 0, 2),(@NPC + 4, 0, 45315, 0, 0, 2),(@NPC + 4, 0, 45327, 0, 0, 2),(@NPC + 4, 0, 45331, 0, 0, 2),(@NPC + 4, 0, 45332, 0, 0, 2),(@NPC + 4, 0, 45437, 0, 0, 2),(@NPC + 4, 0, 45442, 0, 0, 2),(@NPC + 4, 0, 45448, 0, 0, 2),(@NPC + 4, 0, 45449, 0, 0, 2),(@NPC + 4, 0, 45457, 0, 0, 2),(@NPC + 4, 0, 45458, 0, 0, 2),(@NPC + 4, 0, 45463, 0, 0, 2),(@NPC + 4, 0, 45479, 0, 0, 2),(@NPC + 4, 0, 45484, 0, 0, 2),(@NPC + 4, 0, 45489, 0, 0, 2),(@NPC + 4, 0, 45494, 0, 0, 2),(@NPC + 4, 0, 45498, 0, 0, 2),(@NPC + 4, 0, 45511, 0, 0, 2),(@NPC + 4, 0, 45516, 0, 0, 2);
DELETE FROM npc_vendor WHERE entry = @NPC + 5;
INSERT INTO npc_vendor VALUES (@NPC + 5, 0, 39141, 0, 0, 2),(@NPC + 5, 0, 39146, 0, 0, 2),(@NPC + 5, 0, 39193, 0, 0, 2),(@NPC + 5, 0, 39199, 0, 0, 2),(@NPC + 5, 0, 39231, 0, 0, 2),(@NPC + 5, 0, 39232, 0, 0, 2),(@NPC + 5, 0, 39233, 0, 0, 2),(@NPC + 5, 0, 39244, 0, 0, 2),(@NPC + 5, 0, 39246, 0, 0, 2),(@NPC + 5, 0, 39250, 0, 0, 2),(@NPC + 5, 0, 39276, 0, 0, 2),(@NPC + 5, 0, 39277, 0, 0, 2),(@NPC + 5, 0, 39282, 0, 0, 2),(@NPC + 5, 0, 39311, 0, 0, 2),(@NPC + 5, 0, 39389, 0, 0, 2),(@NPC + 5, 0, 39392, 0, 0, 2),(@NPC + 5, 0, 41599, 0, 0, 2);
DELETE FROM npc_vendor WHERE entry = @NPC + 6;
INSERT INTO npc_vendor VALUES (@NPC + 6, 0, 39225, 0, 0, 2),(@NPC + 6, 0, 39241, 0, 0, 2),(@NPC + 6, 0, 39272, 0, 0, 2),(@NPC + 6, 0, 39297, 0, 0, 2),(@NPC + 6, 0, 39404, 0, 0, 2),(@NPC + 6, 0, 39415, 0, 0, 2),(@NPC + 6, 0, 39425, 0, 0, 2),(@NPC + 6, 0, 40250, 0, 0, 2),(@NPC + 6, 0, 40251, 0, 0, 2),(@NPC + 6, 0, 40252, 0, 0, 2),(@NPC + 6, 0, 40253, 0, 0, 2),(@NPC + 6, 0, 40254, 0, 0, 2),(@NPC + 6, 0, 40405, 0, 0, 2),(@NPC + 6, 0, 40410, 0, 0, 2),(@NPC + 6, 0, 45138, 0, 0, 2),(@NPC + 6, 0, 45224, 0, 0, 2),(@NPC + 6, 0, 45242, 0, 0, 2),(@NPC + 6, 0, 45317, 0, 0, 2),(@NPC + 6, 0, 45318, 0, 0, 2),(@NPC + 6, 0, 45319, 0, 0, 2),(@NPC + 6, 0, 45322, 0, 0, 2),(@NPC + 6, 0, 45461, 0, 0, 2),(@NPC + 6, 0, 45486, 0, 0, 2),(@NPC + 6, 0, 45493, 0, 0, 2),(@NPC + 6, 0, 45496, 0, 0, 2),(@NPC + 6, 0, 45529, 0, 0, 2),(@NPC + 6, 0, 45541, 0, 0, 2),(@NPC + 6, 0, 45588, 0, 0, 2),(@NPC + 6, 0, 45618, 0, 0, 2),(@NPC + 6, 0, 45704, 0, 0, 2),(@NPC + 6, 0, 45873, 0, 0, 2),(@NPC + 6, 0, 45973, 0, 0, 2),(@NPC + 6, 0, 46014, 0, 0, 2),(@NPC + 6, 0, 46032, 0, 0, 2),(@NPC + 6, 0, 46042, 0, 0, 2),(@NPC + 6, 0, 46320, 0, 0, 2),(@NPC + 6, 0, 46321, 0, 0, 2),(@NPC + 6, 0, 46341, 0, 0, 2),(@NPC + 6, 0, 46347, 0, 0, 2),(@NPC + 6, 0, 46970, 0, 0, 2),(@NPC + 6, 0, 46971, 0, 0, 2),(@NPC + 6, 0, 46976, 0, 0, 2),(@NPC + 6, 0, 46977, 0, 0, 2),(@NPC + 6, 0, 47042, 0, 0, 2),(@NPC + 6, 0, 47063, 0, 0, 2),(@NPC + 6, 0, 47089, 0, 0, 2),(@NPC + 6, 0, 47095, 0, 0, 2),(@NPC + 6, 0, 47183, 0, 0, 2),(@NPC + 6, 0, 47192, 0, 0, 2),(@NPC + 6, 0, 47225, 0, 0, 2),(@NPC + 6, 0, 47238, 0, 0, 2),(@NPC + 6, 0, 47256, 0, 0, 2),(@NPC + 6, 0, 47257, 0, 0, 2),(@NPC + 6, 0, 47275, 0, 0, 2),(@NPC + 6, 0, 47291, 0, 0, 2),(@NPC + 6, 0, 47320, 0, 0, 2),(@NPC + 6, 0, 47328, 0, 0, 2),(@NPC + 6, 0, 47417, 0, 0, 2),(@NPC + 6, 0, 47418, 0, 0, 2),(@NPC + 6, 0, 47436, 0, 0, 2),(@NPC + 6, 0, 47452, 0, 0, 2),(@NPC + 6, 0, 47481, 0, 0, 2),(@NPC + 6, 0, 47490, 0, 0, 2),(@NPC + 6, 0, 47545, 0, 0, 2),(@NPC + 6, 0, 47546, 0, 0, 2),(@NPC + 6, 0, 47547, 0, 0, 2),(@NPC + 6, 0, 47548, 0, 0, 2),(@NPC + 6, 0, 47549, 0, 0, 2),(@NPC + 6, 0, 47550, 0, 0, 2),(@NPC + 6, 0, 47551, 0, 0, 2),(@NPC + 6, 0, 47552, 0, 0, 2),(@NPC + 6, 0, 47553, 0, 0, 2),(@NPC + 6, 0, 47554, 0, 0, 2),(@NPC + 6, 0, 48666, 0, 0, 2),(@NPC + 6, 0, 48667, 0, 0, 2),(@NPC + 6, 0, 48668, 0, 0, 2),(@NPC + 6, 0, 48669, 0, 0, 2),(@NPC + 6, 0, 48670, 0, 0, 2),(@NPC + 6, 0, 48671, 0, 0, 2),(@NPC + 6, 0, 48672, 0, 0, 2),(@NPC + 6, 0, 48673, 0, 0, 2),(@NPC + 6, 0, 48674, 0, 0, 2),(@NPC + 6, 0, 48675, 0, 0, 2);
DELETE FROM npc_vendor WHERE entry = @NPC + 7;
INSERT INTO npc_vendor VALUES (@NPC + 7, 0, 37254, 0, 0, 2),(@NPC + 7, 0, 39229, 0, 0, 2),(@NPC + 7, 0, 39257, 0, 0, 2),(@NPC + 7, 0, 39292, 0, 0, 2),(@NPC + 7, 0, 39388, 0, 0, 2),(@NPC + 7, 0, 40255, 0, 0, 2),(@NPC + 7, 0, 40256, 0, 0, 2),(@NPC + 7, 0, 40257, 0, 0, 2),(@NPC + 7, 0, 40258, 0, 0, 2),(@NPC + 7, 0, 40371, 0, 0, 2),(@NPC + 7, 0, 40372, 0, 0, 2),(@NPC + 7, 0, 40373, 0, 0, 2),(@NPC + 7, 0, 40382, 0, 0, 2),(@NPC + 7, 0, 45148, 0, 0, 2),(@NPC + 7, 0, 45158, 0, 0, 2),(@NPC + 7, 0, 45263, 0, 0, 2),(@NPC + 7, 0, 45286, 0, 0, 2),(@NPC + 7, 0, 45292, 0, 0, 2),(@NPC + 7, 0, 45308, 0, 0, 2),(@NPC + 7, 0, 45313, 0, 0, 2),(@NPC + 7, 0, 45466, 0, 0, 2),(@NPC + 7, 0, 45490, 0, 0, 2),(@NPC + 7, 0, 45507, 0, 0, 2),(@NPC + 7, 0, 45518, 0, 0, 2),(@NPC + 7, 0, 45522, 0, 0, 2),(@NPC + 7, 0, 45535, 0, 0, 2),(@NPC + 7, 0, 45609, 0, 0, 2),(@NPC + 7, 0, 45703, 0, 0, 2),(@NPC + 7, 0, 45866, 0, 0, 2),(@NPC + 7, 0, 45929, 0, 0, 2),(@NPC + 7, 0, 45931, 0, 0, 2),(@NPC + 7, 0, 46021, 0, 0, 2),(@NPC + 7, 0, 46038, 0, 0, 2),(@NPC + 7, 0, 46051, 0, 0, 2),(@NPC + 7, 0, 46312, 0, 0, 2),(@NPC + 7, 0, 47041, 0, 0, 2),(@NPC + 7, 0, 47059, 0, 0, 2),(@NPC + 7, 0, 47080, 0, 0, 2),(@NPC + 7, 0, 47088, 0, 0, 2),(@NPC + 7, 0, 47115, 0, 0, 2),(@NPC + 7, 0, 47131, 0, 0, 2),(@NPC + 7, 0, 47182, 0, 0, 2),(@NPC + 7, 0, 47188, 0, 0, 2),(@NPC + 7, 0, 47271, 0, 0, 2),(@NPC + 7, 0, 47290, 0, 0, 2),(@NPC + 7, 0, 47303, 0, 0, 2),(@NPC + 7, 0, 47316, 0, 0, 2),(@NPC + 7, 0, 47432, 0, 0, 2),(@NPC + 7, 0, 47451, 0, 0, 2),(@NPC + 7, 0, 47464, 0, 0, 2),(@NPC + 7, 0, 47477, 0, 0, 2),(@NPC + 7, 0, 47725, 0, 0, 2),(@NPC + 7, 0, 47726, 0, 0, 2),(@NPC + 7, 0, 47727, 0, 0, 2),(@NPC + 7, 0, 47728, 0, 0, 2),(@NPC + 7, 0, 47879, 0, 0, 2),(@NPC + 7, 0, 47880, 0, 0, 2),(@NPC + 7, 0, 47881, 0, 0, 2),(@NPC + 7, 0, 47882, 0, 0, 2),(@NPC + 7, 0, 47946, 0, 0, 2),(@NPC + 7, 0, 47947, 0, 0, 2),(@NPC + 7, 0, 47948, 0, 0, 2),(@NPC + 7, 0, 47949, 0, 0, 2),(@NPC + 7, 0, 48018, 0, 0, 2),(@NPC + 7, 0, 48019, 0, 0, 2),(@NPC + 7, 0, 48020, 0, 0, 2),(@NPC + 7, 0, 48021, 0, 0, 2);
DELETE FROM npc_vendor WHERE entry = @NPC;
INSERT INTO npc_vendor VALUES (@NPC, 0, 39190, 0, 0, 2),(@NPC, 0, 39192, 0, 0, 2),(@NPC, 0, 39216, 0, 0, 2),(@NPC, 0, 39242, 0, 0, 2),(@NPC, 0, 39252, 0, 0, 2),(@NPC, 0, 39254, 0, 0, 2),(@NPC, 0, 39273, 0, 0, 2),(@NPC, 0, 39284, 0, 0, 2),(@NPC, 0, 39285, 0, 0, 2),(@NPC, 0, 39295, 0, 0, 2),(@NPC, 0, 39309, 0, 0, 2),(@NPC, 0, 39310, 0, 0, 2),(@NPC, 0, 39390, 0, 0, 2),(@NPC, 0, 39396, 0, 0, 2),(@NPC, 0, 39408, 0, 0, 2),(@NPC, 0, 39409, 0, 0, 2),(@NPC, 0, 39719, 0, 0, 2),(@NPC, 0, 39720, 0, 0, 2),(@NPC, 0, 39721, 0, 0, 2),(@NPC, 0, 39731, 0, 0, 2),(@NPC, 0, 39732, 0, 0, 2),(@NPC, 0, 39733, 0, 0, 2),(@NPC, 0, 39735, 0, 0, 2),(@NPC, 0, 40060, 0, 0, 2),(@NPC, 0, 40062, 0, 0, 2),(@NPC, 0, 40197, 0, 0, 2),(@NPC, 0, 40198, 0, 0, 2),(@NPC, 0, 40234, 0, 0, 2),(@NPC, 0, 40236, 0, 0, 2),(@NPC, 0, 40246, 0, 0, 2),(@NPC, 0, 40247, 0, 0, 2),(@NPC, 0, 40269, 0, 0, 2),(@NPC, 0, 40271, 0, 0, 2),(@NPC, 0, 40286, 0, 0, 2),(@NPC, 0, 40287, 0, 0, 2),(@NPC, 0, 40289, 0, 0, 2),(@NPC, 0, 40301, 0, 0, 2),(@NPC, 0, 40303, 0, 0, 2),(@NPC, 0, 40325, 0, 0, 2),(@NPC, 0, 40326, 0, 0, 2),(@NPC, 0, 40338, 0, 0, 2),(@NPC, 0, 40339, 0, 0, 2),(@NPC, 0, 40351, 0, 0, 2),(@NPC, 0, 40376, 0, 0, 2),(@NPC, 0, 40380, 0, 0, 2),(@NPC, 0, 40381, 0, 0, 2),(@NPC, 0, 40398, 0, 0, 2),(@NPC, 0, 40602, 0, 0, 2),(@NPC, 0, 45117, 0, 0, 2),(@NPC, 0, 45119, 0, 0, 2),(@NPC, 0, 45135, 0, 0, 2),(@NPC, 0, 45146, 0, 0, 2),(@NPC, 0, 45150, 0, 0, 2),(@NPC, 0, 45186, 0, 0, 2),(@NPC, 0, 45238, 0, 0, 2),(@NPC, 0, 45240, 0, 0, 2),(@NPC, 0, 45253, 0, 0, 2),(@NPC, 0, 45258, 0, 0, 2),(@NPC, 0, 45272, 0, 0, 2),(@NPC, 0, 45273, 0, 0, 2),(@NPC, 0, 45275, 0, 0, 2),(@NPC, 0, 45289, 0, 0, 2),(@NPC, 0, 45291, 0, 0, 2),(@NPC, 0, 45306, 0, 0, 2),(@NPC, 0, 45423, 0, 0, 2),(@NPC, 0, 45435, 0, 0, 2),(@NPC, 0, 45441, 0, 0, 2),(@NPC, 0, 45446, 0, 0, 2),(@NPC, 0, 45464, 0, 0, 2),(@NPC, 0, 45468, 0, 0, 2),(@NPC, 0, 45483, 0, 0, 2),(@NPC, 0, 45488, 0, 0, 2),(@NPC, 0, 45497, 0, 0, 2),(@NPC, 0, 45508, 0, 0, 2),(@NPC, 0, 45514, 0, 0, 2),(@NPC, 0, 45520, 0, 0, 2),(@NPC, 0, 45532, 0, 0, 2),(@NPC, 0, 45537, 0, 0, 2),(@NPC, 0, 45549, 0, 0, 2),(@NPC, 0, 45619, 0, 0, 2),(@NPC, 0, 45665, 0, 0, 2),(@NPC, 0, 45694, 0, 0, 2),(@NPC, 0, 45832, 0, 0, 2),(@NPC, 0, 45865, 0, 0, 2),(@NPC, 0, 45894, 0, 0, 2),(@NPC, 0, 45927, 0, 0, 2),(@NPC, 0, 45976, 0, 0, 2),(@NPC, 0, 46012, 0, 0, 2),(@NPC, 0, 46013, 0, 0, 2),(@NPC, 0, 46030, 0, 0, 2),(@NPC, 0, 46034, 0, 0, 2),(@NPC, 0, 46045, 0, 0, 2),(@NPC, 0, 46050, 0, 0, 2),(@NPC, 0, 46068, 0, 0, 2),(@NPC, 0, 46344, 0, 0, 2),(@NPC, 0, 46972, 0, 0, 2),(@NPC, 0, 46973, 0, 0, 2),(@NPC, 0, 46992, 0, 0, 2),(@NPC, 0, 46993, 0, 0, 2),(@NPC, 0, 47051, 0, 0, 2),(@NPC, 0, 47062, 0, 0, 2),(@NPC, 0, 47081, 0, 0, 2),(@NPC, 0, 47084, 0, 0, 2),(@NPC, 0, 47092, 0, 0, 2),(@NPC, 0, 47097, 0, 0, 2),(@NPC, 0, 47126, 0, 0, 2),(@NPC, 0, 47129, 0, 0, 2),(@NPC, 0, 47141, 0, 0, 2),(@NPC, 0, 47143, 0, 0, 2),(@NPC, 0, 47173, 0, 0, 2),(@NPC, 0, 47187, 0, 0, 2),(@NPC, 0, 47189, 0, 0, 2),(@NPC, 0, 47194, 0, 0, 2),(@NPC, 0, 47203, 0, 0, 2),(@NPC, 0, 47205, 0, 0, 2),(@NPC, 0, 47208, 0, 0, 2),(@NPC, 0, 47235, 0, 0, 2),(@NPC, 0, 47236, 0, 0, 2),(@NPC, 0, 47258, 0, 0, 2),(@NPC, 0, 47264, 0, 0, 2),(@NPC, 0, 47274, 0, 0, 2),(@NPC, 0, 47286, 0, 0, 2),(@NPC, 0, 47293, 0, 0, 2),(@NPC, 0, 47301, 0, 0, 2),(@NPC, 0, 47306, 0, 0, 2),(@NPC, 0, 47317, 0, 0, 2),(@NPC, 0, 47321, 0, 0, 2),(@NPC, 0, 47324, 0, 0, 2),(@NPC, 0, 47326, 0, 0, 2),(@NPC, 0, 47419, 0, 0, 2),(@NPC, 0, 47425, 0, 0, 2),(@NPC, 0, 47435, 0, 0, 2),(@NPC, 0, 47447, 0, 0, 2),(@NPC, 0, 47454, 0, 0, 2),(@NPC, 0, 47462, 0, 0, 2),(@NPC, 0, 47467, 0, 0, 2),(@NPC, 0, 47478, 0, 0, 2),(@NPC, 0, 47482, 0, 0, 2),(@NPC, 0, 47485, 0, 0, 2),(@NPC, 0, 47487, 0, 0, 2),(@NPC, 0, 47617, 0, 0, 2),(@NPC, 0, 47620, 0, 0, 2),(@NPC, 0, 47663, 0, 0, 2),(@NPC, 0, 47721, 0, 0, 2),(@NPC, 0, 47745, 0, 0, 2),(@NPC, 0, 47837, 0, 0, 2),(@NPC, 0, 47838, 0, 0, 2),(@NPC, 0, 47855, 0, 0, 2),(@NPC, 0, 47861, 0, 0, 2),(@NPC, 0, 47865, 0, 0, 2),(@NPC, 0, 47873, 0, 0, 2),(@NPC, 0, 47889, 0, 0, 2),(@NPC, 0, 47906, 0, 0, 2),(@NPC, 0, 47909, 0, 0, 2),(@NPC, 0, 47921, 0, 0, 2),(@NPC, 0, 47927, 0, 0, 2),(@NPC, 0, 47931, 0, 0, 2),(@NPC, 0, 47940, 0, 0, 2),(@NPC, 0, 47956, 0, 0, 2),(@NPC, 0, 47974, 0, 0, 2),(@NPC, 0, 47977, 0, 0, 2),(@NPC, 0, 47994, 0, 0, 2),(@NPC, 0, 48000, 0, 0, 2),(@NPC, 0, 48004, 0, 0, 2),(@NPC, 0, 48012, 0, 0, 2),(@NPC, 0, 48028, 0, 0, 2),(@NPC, 0, 48051, 0, 0, 2),(@NPC, 0, 48054, 0, 0, 2),(@NPC, 0, 49231, 0, 0, 2),(@NPC, 0, 49232, 0, 0, 2),(@NPC, 0, 49233, 0, 0, 2),(@NPC, 0, 49234, 0, 0, 2);
DELETE FROM npc_vendor WHERE entry = @NPC + 1;
INSERT INTO npc_vendor VALUES (@NPC + 1, 0, 39191, 0, 0, 2),(@NPC + 1, 0, 39196, 0, 0, 2),(@NPC + 1, 0, 39215, 0, 0, 2),(@NPC + 1, 0, 39224, 0, 0, 2),(@NPC + 1, 0, 39230, 0, 0, 2),(@NPC + 1, 0, 39237, 0, 0, 2),(@NPC + 1, 0, 39240, 0, 0, 2),(@NPC + 1, 0, 39247, 0, 0, 2),(@NPC + 1, 0, 39259, 0, 0, 2),(@NPC + 1, 0, 39275, 0, 0, 2),(@NPC + 1, 0, 39279, 0, 0, 2),(@NPC + 1, 0, 39283, 0, 0, 2),(@NPC + 1, 0, 39299, 0, 0, 2),(@NPC + 1, 0, 39308, 0, 0, 2),(@NPC + 1, 0, 39386, 0, 0, 2),(@NPC + 1, 0, 39399, 0, 0, 2),(@NPC + 1, 0, 39701, 0, 0, 2),(@NPC + 1, 0, 39722, 0, 0, 2),(@NPC + 1, 0, 39727, 0, 0, 2),(@NPC + 1, 0, 39756, 0, 0, 2),(@NPC + 1, 0, 39761, 0, 0, 2),(@NPC + 1, 0, 39765, 0, 0, 2),(@NPC + 1, 0, 39768, 0, 0, 2),(@NPC + 1, 0, 40063, 0, 0, 2),(@NPC + 1, 0, 40186, 0, 0, 2),(@NPC + 1, 0, 40200, 0, 0, 2),(@NPC + 1, 0, 40205, 0, 0, 2),(@NPC + 1, 0, 40238, 0, 0, 2),(@NPC + 1, 0, 40243, 0, 0, 2),(@NPC + 1, 0, 40249, 0, 0, 2),(@NPC + 1, 0, 40260, 0, 0, 2),(@NPC + 1, 0, 40270, 0, 0, 2),(@NPC + 1, 0, 40277, 0, 0, 2),(@NPC + 1, 0, 40285, 0, 0, 2),(@NPC + 1, 0, 40296, 0, 0, 2),(@NPC + 1, 0, 40304, 0, 0, 2),(@NPC + 1, 0, 40305, 0, 0, 2),(@NPC + 1, 0, 40319, 0, 0, 2),(@NPC + 1, 0, 40323, 0, 0, 2),(@NPC + 1, 0, 40329, 0, 0, 2),(@NPC + 1, 0, 40333, 0, 0, 2),(@NPC + 1, 0, 40341, 0, 0, 2),(@NPC + 1, 0, 40349, 0, 0, 2),(@NPC + 1, 0, 40362, 0, 0, 2),(@NPC + 1, 0, 40379, 0, 0, 2),(@NPC + 1, 0, 40409, 0, 0, 2),(@NPC + 1, 0, 45108, 0, 0, 2),(@NPC + 1, 0, 45136, 0, 0, 2),(@NPC + 1, 0, 45141, 0, 0, 2),(@NPC + 1, 0, 45149, 0, 0, 2),(@NPC + 1, 0, 45162, 0, 0, 2),(@NPC + 1, 0, 45185, 0, 0, 2),(@NPC + 1, 0, 45232, 0, 0, 2),(@NPC + 1, 0, 45237, 0, 0, 2),(@NPC + 1, 0, 45245, 0, 0, 2),(@NPC + 1, 0, 45260, 0, 0, 2),(@NPC + 1, 0, 45265, 0, 0, 2),(@NPC + 1, 0, 45293, 0, 0, 2),(@NPC + 1, 0, 45302, 0, 0, 2),(@NPC + 1, 0, 45312, 0, 0, 2),(@NPC + 1, 0, 45324, 0, 0, 2),(@NPC + 1, 0, 45325, 0, 0, 2),(@NPC + 1, 0, 45378, 0, 0, 2),(@NPC + 1, 0, 45439, 0, 0, 2),(@NPC + 1, 0, 45453, 0, 0, 2),(@NPC + 1, 0, 45455, 0, 0, 2),(@NPC + 1, 0, 45462, 0, 0, 2),(@NPC + 1, 0, 45473, 0, 0, 2),(@NPC + 1, 0, 45482, 0, 0, 2),(@NPC + 1, 0, 45491, 0, 0, 2),(@NPC + 1, 0, 45492, 0, 0, 2),(@NPC + 1, 0, 45512, 0, 0, 2),(@NPC + 1, 0, 45519, 0, 0, 2),(@NPC + 1, 0, 45523, 0, 0, 2),(@NPC + 1, 0, 45536, 0, 0, 2),(@NPC + 1, 0, 45547, 0, 0, 2),(@NPC + 1, 0, 45548, 0, 0, 2),(@NPC + 1, 0, 45611, 0, 0, 2),(@NPC + 1, 0, 45616, 0, 0, 2),(@NPC + 1, 0, 45677, 0, 0, 2),(@NPC + 1, 0, 45686, 0, 0, 2),(@NPC + 1, 0, 45709, 0, 0, 2),(@NPC + 1, 0, 45864, 0, 0, 2),(@NPC + 1, 0, 45869, 0, 0, 2),(@NPC + 1, 0, 45893, 0, 0, 2),(@NPC + 1, 0, 45940, 0, 0, 2),(@NPC + 1, 0, 45974, 0, 0, 2),(@NPC + 1, 0, 45993, 0, 0, 2),(@NPC + 1, 0, 46009, 0, 0, 2),(@NPC + 1, 0, 46043, 0, 0, 2),(@NPC + 1, 0, 46049, 0, 0, 2),(@NPC + 1, 0, 46095, 0, 0, 2),(@NPC + 1, 0, 46974, 0, 0, 2),(@NPC + 1, 0, 46975, 0, 0, 2),(@NPC + 1, 0, 46988, 0, 0, 2),(@NPC + 1, 0, 46989, 0, 0, 2),(@NPC + 1, 0, 47000, 0, 0, 2),(@NPC + 1, 0, 47004, 0, 0, 2),(@NPC + 1, 0, 47055, 0, 0, 2),(@NPC + 1, 0, 47066, 0, 0, 2),(@NPC + 1, 0, 47071, 0, 0, 2),(@NPC + 1, 0, 47077, 0, 0, 2),(@NPC + 1, 0, 47094, 0, 0, 2),(@NPC + 1, 0, 47096, 0, 0, 2),(@NPC + 1, 0, 47107, 0, 0, 2),(@NPC + 1, 0, 47112, 0, 0, 2),(@NPC + 1, 0, 47140, 0, 0, 2),(@NPC + 1, 0, 47145, 0, 0, 2),(@NPC + 1, 0, 47151, 0, 0, 2),(@NPC + 1, 0, 47155, 0, 0, 2),(@NPC + 1, 0, 47170, 0, 0, 2),(@NPC + 1, 0, 47174, 0, 0, 2),(@NPC + 1, 0, 47186, 0, 0, 2),(@NPC + 1, 0, 47190, 0, 0, 2),(@NPC + 1, 0, 47248, 0, 0, 2),(@NPC + 1, 0, 47249, 0, 0, 2),(@NPC + 1, 0, 47259, 0, 0, 2),(@NPC + 1, 0, 47262, 0, 0, 2),(@NPC + 1, 0, 47270, 0, 0, 2),(@NPC + 1, 0, 47277, 0, 0, 2),(@NPC + 1, 0, 47284, 0, 0, 2),(@NPC + 1, 0, 47292, 0, 0, 2),(@NPC + 1, 0, 47299, 0, 0, 2),(@NPC + 1, 0, 47308, 0, 0, 2),(@NPC + 1, 0, 47313, 0, 0, 2),(@NPC + 1, 0, 47318, 0, 0, 2),(@NPC + 1, 0, 47420, 0, 0, 2),(@NPC + 1, 0, 47423, 0, 0, 2),(@NPC + 1, 0, 47431, 0, 0, 2),(@NPC + 1, 0, 47438, 0, 0, 2),(@NPC + 1, 0, 47445, 0, 0, 2),(@NPC + 1, 0, 47453, 0, 0, 2),(@NPC + 1, 0, 47460, 0, 0, 2),(@NPC + 1, 0, 47469, 0, 0, 2),(@NPC + 1, 0, 47474, 0, 0, 2),(@NPC + 1, 0, 47479, 0, 0, 2),(@NPC + 1, 0, 47608, 0, 0, 2),(@NPC + 1, 0, 47613, 0, 0, 2),(@NPC + 1, 0, 47669, 0, 0, 2),(@NPC + 1, 0, 47719, 0, 0, 2),(@NPC + 1, 0, 47739, 0, 0, 2),(@NPC + 1, 0, 47746, 0, 0, 2),(@NPC + 1, 0, 47832, 0, 0, 2),(@NPC + 1, 0, 47853, 0, 0, 2),(@NPC + 1, 0, 47857, 0, 0, 2),(@NPC + 1, 0, 47863, 0, 0, 2),(@NPC + 1, 0, 47878, 0, 0, 2),(@NPC + 1, 0, 47887, 0, 0, 2),(@NPC + 1, 0, 47891, 0, 0, 2),(@NPC + 1, 0, 47904, 0, 0, 2),(@NPC + 1, 0, 47919, 0, 0, 2),(@NPC + 1, 0, 47923, 0, 0, 2),(@NPC + 1, 0, 47929, 0, 0, 2),(@NPC + 1, 0, 47945, 0, 0, 2),(@NPC + 1, 0, 47954, 0, 0, 2),(@NPC + 1, 0, 47959, 0, 0, 2),(@NPC + 1, 0, 47972, 0, 0, 2),(@NPC + 1, 0, 47992, 0, 0, 2),(@NPC + 1, 0, 47996, 0, 0, 2),(@NPC + 1, 0, 48002, 0, 0, 2),(@NPC + 1, 0, 48017, 0, 0, 2),(@NPC + 1, 0, 48026, 0, 0, 2),(@NPC + 1, 0, 48034, 0, 0, 2),(@NPC + 1, 0, 48049, 0, 0, 2);
DELETE FROM npc_vendor WHERE entry = @NPC + 2;
INSERT INTO npc_vendor VALUES (@NPC + 2, 0, 39189, 0, 0, 2),(@NPC + 2, 0, 39194, 0, 0, 2),(@NPC + 2, 0, 39217, 0, 0, 2),(@NPC + 2, 0, 39236, 0, 0, 2),(@NPC + 2, 0, 39243, 0, 0, 2),(@NPC + 2, 0, 39248, 0, 0, 2),(@NPC + 2, 0, 39251, 0, 0, 2),(@NPC + 2, 0, 39274, 0, 0, 2),(@NPC + 2, 0, 39278, 0, 0, 2),(@NPC + 2, 0, 39294, 0, 0, 2),(@NPC + 2, 0, 39307, 0, 0, 2),(@NPC + 2, 0, 39379, 0, 0, 2),(@NPC + 2, 0, 39391, 0, 0, 2),(@NPC + 2, 0, 39397, 0, 0, 2),(@NPC + 2, 0, 39405, 0, 0, 2),(@NPC + 2, 0, 39702, 0, 0, 2),(@NPC + 2, 0, 39718, 0, 0, 2),(@NPC + 2, 0, 39724, 0, 0, 2),(@NPC + 2, 0, 39734, 0, 0, 2),(@NPC + 2, 0, 39762, 0, 0, 2),(@NPC + 2, 0, 40061, 0, 0, 2),(@NPC + 2, 0, 40184, 0, 0, 2),(@NPC + 2, 0, 40193, 0, 0, 2),(@NPC + 2, 0, 40196, 0, 0, 2),(@NPC + 2, 0, 40201, 0, 0, 2),(@NPC + 2, 0, 40209, 0, 0, 2),(@NPC + 2, 0, 40235, 0, 0, 2),(@NPC + 2, 0, 40237, 0, 0, 2),(@NPC + 2, 0, 40242, 0, 0, 2),(@NPC + 2, 0, 40262, 0, 0, 2),(@NPC + 2, 0, 40272, 0, 0, 2),(@NPC + 2, 0, 40275, 0, 0, 2),(@NPC + 2, 0, 40282, 0, 0, 2),(@NPC + 2, 0, 40283, 0, 0, 2),(@NPC + 2, 0, 40288, 0, 0, 2),(@NPC + 2, 0, 40299, 0, 0, 2),(@NPC + 2, 0, 40302, 0, 0, 2),(@NPC + 2, 0, 40315, 0, 0, 2),(@NPC + 2, 0, 40324, 0, 0, 2),(@NPC + 2, 0, 40327, 0, 0, 2),(@NPC + 2, 0, 40331, 0, 0, 2),(@NPC + 2, 0, 40340, 0, 0, 2),(@NPC + 2, 0, 40344, 0, 0, 2),(@NPC + 2, 0, 40352, 0, 0, 2),(@NPC + 2, 0, 40367, 0, 0, 2),(@NPC + 2, 0, 45109, 0, 0, 2),(@NPC + 2, 0, 45118, 0, 0, 2),(@NPC + 2, 0, 45143, 0, 0, 2),(@NPC + 2, 0, 45151, 0, 0, 2),(@NPC + 2, 0, 45164, 0, 0, 2),(@NPC + 2, 0, 45187, 0, 0, 2),(@NPC + 2, 0, 45227, 0, 0, 2),(@NPC + 2, 0, 45239, 0, 0, 2),(@NPC + 2, 0, 45244, 0, 0, 2),(@NPC + 2, 0, 45249, 0, 0, 2),(@NPC + 2, 0, 45259, 0, 0, 2),(@NPC + 2, 0, 45274, 0, 0, 2),(@NPC + 2, 0, 45288, 0, 0, 2),(@NPC + 2, 0, 45300, 0, 0, 2),(@NPC + 2, 0, 45301, 0, 0, 2),(@NPC + 2, 0, 45307, 0, 0, 2),(@NPC + 2, 0, 45316, 0, 0, 2),(@NPC + 2, 0, 45329, 0, 0, 2),(@NPC + 2, 0, 45333, 0, 0, 2),(@NPC + 2, 0, 45440, 0, 0, 2),(@NPC + 2, 0, 45444, 0, 0, 2),(@NPC + 2, 0, 45454, 0, 0, 2),(@NPC + 2, 0, 45460, 0, 0, 2),(@NPC + 2, 0, 45467, 0, 0, 2),(@NPC + 2, 0, 45474, 0, 0, 2),(@NPC + 2, 0, 45504, 0, 0, 2),(@NPC + 2, 0, 45513, 0, 0, 2),(@NPC + 2, 0, 45524, 0, 0, 2),(@NPC + 2, 0, 45531, 0, 0, 2),(@NPC + 2, 0, 45543, 0, 0, 2),(@NPC + 2, 0, 45544, 0, 0, 2),(@NPC + 2, 0, 45610, 0, 0, 2),(@NPC + 2, 0, 45615, 0, 0, 2),(@NPC + 2, 0, 45679, 0, 0, 2),(@NPC + 2, 0, 45687, 0, 0, 2),(@NPC + 2, 0, 45701, 0, 0, 2),(@NPC + 2, 0, 45711, 0, 0, 2),(@NPC + 2, 0, 45867, 0, 0, 2),(@NPC + 2, 0, 45895, 0, 0, 2),(@NPC + 2, 0, 45941, 0, 0, 2),(@NPC + 2, 0, 45943, 0, 0, 2),(@NPC + 2, 0, 45989, 0, 0, 2),(@NPC + 2, 0, 46019, 0, 0, 2),(@NPC + 2, 0, 46044, 0, 0, 2),(@NPC + 2, 0, 46346, 0, 0, 2),(@NPC + 2, 0, 46960, 0, 0, 2),(@NPC + 2, 0, 46965, 0, 0, 2),(@NPC + 2, 0, 46990, 0, 0, 2),(@NPC + 2, 0, 46991, 0, 0, 2),(@NPC + 2, 0, 47056, 0, 0, 2),(@NPC + 2, 0, 47068, 0, 0, 2),(@NPC + 2, 0, 47073, 0, 0, 2),(@NPC + 2, 0, 47074, 0, 0, 2),(@NPC + 2, 0, 47083, 0, 0, 2),(@NPC + 2, 0, 47087, 0, 0, 2),(@NPC + 2, 0, 47090, 0, 0, 2),(@NPC + 2, 0, 47099, 0, 0, 2),(@NPC + 2, 0, 47106, 0, 0, 2),(@NPC + 2, 0, 47109, 0, 0, 2),(@NPC + 2, 0, 47152, 0, 0, 2),(@NPC + 2, 0, 47153, 0, 0, 2),(@NPC + 2, 0, 47175, 0, 0, 2),(@NPC + 2, 0, 47184, 0, 0, 2),(@NPC + 2, 0, 47191, 0, 0, 2),(@NPC + 2, 0, 47204, 0, 0, 2),(@NPC + 2, 0, 47209, 0, 0, 2),(@NPC + 2, 0, 47244, 0, 0, 2),(@NPC + 2, 0, 47250, 0, 0, 2),(@NPC + 2, 0, 47251, 0, 0, 2),(@NPC + 2, 0, 47265, 0, 0, 2),(@NPC + 2, 0, 47280, 0, 0, 2),(@NPC + 2, 0, 47281, 0, 0, 2),(@NPC + 2, 0, 47289, 0, 0, 2),(@NPC + 2, 0, 47295, 0, 0, 2),(@NPC + 2, 0, 47296, 0, 0, 2),(@NPC + 2, 0, 47311, 0, 0, 2),(@NPC + 2, 0, 47319, 0, 0, 2),(@NPC + 2, 0, 47325, 0, 0, 2),(@NPC + 2, 0, 47412, 0, 0, 2),(@NPC + 2, 0, 47426, 0, 0, 2),(@NPC + 2, 0, 47441, 0, 0, 2),(@NPC + 2, 0, 47442, 0, 0, 2),(@NPC + 2, 0, 47450, 0, 0, 2),(@NPC + 2, 0, 47456, 0, 0, 2),(@NPC + 2, 0, 47457, 0, 0, 2),(@NPC + 2, 0, 47472, 0, 0, 2),(@NPC + 2, 0, 47480, 0, 0, 2),(@NPC + 2, 0, 47486, 0, 0, 2),(@NPC + 2, 0, 47610, 0, 0, 2),(@NPC + 2, 0, 47616, 0, 0, 2),(@NPC + 2, 0, 47621, 0, 0, 2),(@NPC + 2, 0, 47683, 0, 0, 2),(@NPC + 2, 0, 47718, 0, 0, 2),(@NPC + 2, 0, 47744, 0, 0, 2),(@NPC + 2, 0, 47813, 0, 0, 2),(@NPC + 2, 0, 47829, 0, 0, 2),(@NPC + 2, 0, 47850, 0, 0, 2),(@NPC + 2, 0, 47860, 0, 0, 2),(@NPC + 2, 0, 47866, 0, 0, 2),(@NPC + 2, 0, 47867, 0, 0, 2),(@NPC + 2, 0, 47875, 0, 0, 2),(@NPC + 2, 0, 47893, 0, 0, 2),(@NPC + 2, 0, 47897, 0, 0, 2),(@NPC + 2, 0, 47901, 0, 0, 2),(@NPC + 2, 0, 47916, 0, 0, 2),(@NPC + 2, 0, 47926, 0, 0, 2),(@NPC + 2, 0, 47932, 0, 0, 2),(@NPC + 2, 0, 47933, 0, 0, 2),(@NPC + 2, 0, 47942, 0, 0, 2),(@NPC + 2, 0, 47961, 0, 0, 2),(@NPC + 2, 0, 47965, 0, 0, 2),(@NPC + 2, 0, 47969, 0, 0, 2),(@NPC + 2, 0, 47989, 0, 0, 2),(@NPC + 2, 0, 47999, 0, 0, 2),(@NPC + 2, 0, 48005, 0, 0, 2),(@NPC + 2, 0, 48006, 0, 0, 2),(@NPC + 2, 0, 48014, 0, 0, 2),(@NPC + 2, 0, 48038, 0, 0, 2),(@NPC + 2, 0, 48042, 0, 0, 2),(@NPC + 2, 0, 48046, 0, 0, 2),(@NPC + 2, 0, 49235, 0, 0, 2),(@NPC + 2, 0, 49236, 0, 0, 2),(@NPC + 2, 0, 49237, 0, 0, 2),(@NPC + 2, 0, 49238, 0, 0, 2);
DELETE FROM npc_vendor WHERE entry = @NPC + 3;
INSERT INTO npc_vendor VALUES (@NPC + 3, 0, 39139, 0, 0, 2),(@NPC + 3, 0, 39188, 0, 0, 2),(@NPC + 3, 0, 39195, 0, 0, 2),(@NPC + 3, 0, 39197, 0, 0, 2),(@NPC + 3, 0, 39198, 0, 0, 2),(@NPC + 3, 0, 39228, 0, 0, 2),(@NPC + 3, 0, 39234, 0, 0, 2),(@NPC + 3, 0, 39235, 0, 0, 2),(@NPC + 3, 0, 39239, 0, 0, 2),(@NPC + 3, 0, 39249, 0, 0, 2),(@NPC + 3, 0, 39258, 0, 0, 2),(@NPC + 3, 0, 39260, 0, 0, 2),(@NPC + 3, 0, 39261, 0, 0, 2),(@NPC + 3, 0, 39262, 0, 0, 2),(@NPC + 3, 0, 39267, 0, 0, 2),(@NPC + 3, 0, 39280, 0, 0, 2),(@NPC + 3, 0, 39293, 0, 0, 2),(@NPC + 3, 0, 39298, 0, 0, 2),(@NPC + 3, 0, 39306, 0, 0, 2),(@NPC + 3, 0, 39345, 0, 0, 2),(@NPC + 3, 0, 39369, 0, 0, 2),(@NPC + 3, 0, 39395, 0, 0, 2),(@NPC + 3, 0, 39398, 0, 0, 2),(@NPC + 3, 0, 39403, 0, 0, 2),(@NPC + 3, 0, 39467, 0, 0, 2),(@NPC + 3, 0, 39703, 0, 0, 2),(@NPC + 3, 0, 39704, 0, 0, 2),(@NPC + 3, 0, 39706, 0, 0, 2),(@NPC + 3, 0, 39717, 0, 0, 2),(@NPC + 3, 0, 39723, 0, 0, 2),(@NPC + 3, 0, 39725, 0, 0, 2),(@NPC + 3, 0, 39726, 0, 0, 2),(@NPC + 3, 0, 39729, 0, 0, 2),(@NPC + 3, 0, 39759, 0, 0, 2),(@NPC + 3, 0, 39760, 0, 0, 2),(@NPC + 3, 0, 39764, 0, 0, 2),(@NPC + 3, 0, 39767, 0, 0, 2),(@NPC + 3, 0, 40185, 0, 0, 2),(@NPC + 3, 0, 40187, 0, 0, 2),(@NPC + 3, 0, 40188, 0, 0, 2),(@NPC + 3, 0, 40203, 0, 0, 2),(@NPC + 3, 0, 40204, 0, 0, 2),(@NPC + 3, 0, 40206, 0, 0, 2),(@NPC + 3, 0, 40210, 0, 0, 2),(@NPC + 3, 0, 40240, 0, 0, 2),(@NPC + 3, 0, 40241, 0, 0, 2),(@NPC + 3, 0, 40259, 0, 0, 2),(@NPC + 3, 0, 40261, 0, 0, 2),(@NPC + 3, 0, 40263, 0, 0, 2),(@NPC + 3, 0, 40274, 0, 0, 2),(@NPC + 3, 0, 40278, 0, 0, 2),(@NPC + 3, 0, 40279, 0, 0, 2),(@NPC + 3, 0, 40294, 0, 0, 2),(@NPC + 3, 0, 40297, 0, 0, 2),(@NPC + 3, 0, 40298, 0, 0, 2),(@NPC + 3, 0, 40306, 0, 0, 2),(@NPC + 3, 0, 40316, 0, 0, 2),(@NPC + 3, 0, 40317, 0, 0, 2),(@NPC + 3, 0, 40318, 0, 0, 2),(@NPC + 3, 0, 40320, 0, 0, 2),(@NPC + 3, 0, 40328, 0, 0, 2),(@NPC + 3, 0, 40330, 0, 0, 2),(@NPC + 3, 0, 40332, 0, 0, 2),(@NPC + 3, 0, 40334, 0, 0, 2),(@NPC + 3, 0, 40347, 0, 0, 2),(@NPC + 3, 0, 40363, 0, 0, 2),(@NPC + 3, 0, 40365, 0, 0, 2),(@NPC + 3, 0, 40366, 0, 0, 2),(@NPC + 3, 0, 40377, 0, 0, 2),(@NPC + 3, 0, 40414, 0, 0, 2),(@NPC + 3, 0, 45107, 0, 0, 2),(@NPC + 3, 0, 45111, 0, 0, 2),(@NPC + 3, 0, 45134, 0, 0, 2),(@NPC + 3, 0, 45139, 0, 0, 2),(@NPC + 3, 0, 45140, 0, 0, 2),(@NPC + 3, 0, 45161, 0, 0, 2),(@NPC + 3, 0, 45166, 0, 0, 2),(@NPC + 3, 0, 45167, 0, 0, 2),(@NPC + 3, 0, 45225, 0, 0, 2),(@NPC + 3, 0, 45226, 0, 0, 2),(@NPC + 3, 0, 45228, 0, 0, 2),(@NPC + 3, 0, 45241, 0, 0, 2),(@NPC + 3, 0, 45248, 0, 0, 2),(@NPC + 3, 0, 45251, 0, 0, 2),(@NPC + 3, 0, 45252, 0, 0, 2),(@NPC + 3, 0, 45264, 0, 0, 2),(@NPC + 3, 0, 45267, 0, 0, 2),(@NPC + 3, 0, 45268, 0, 0, 2),(@NPC + 3, 0, 45269, 0, 0, 2),(@NPC + 3, 0, 45283, 0, 0, 2),(@NPC + 3, 0, 45295, 0, 0, 2),(@NPC + 3, 0, 45299, 0, 0, 2),(@NPC + 3, 0, 45304, 0, 0, 2),(@NPC + 3, 0, 45305, 0, 0, 2),(@NPC + 3, 0, 45310, 0, 0, 2),(@NPC + 3, 0, 45320, 0, 0, 2),(@NPC + 3, 0, 45321, 0, 0, 2),(@NPC + 3, 0, 45330, 0, 0, 2),(@NPC + 3, 0, 45334, 0, 0, 2),(@NPC + 3, 0, 45434, 0, 0, 2),(@NPC + 3, 0, 45445, 0, 0, 2),(@NPC + 3, 0, 45452, 0, 0, 2),(@NPC + 3, 0, 45472, 0, 0, 2),(@NPC + 3, 0, 45481, 0, 0, 2),(@NPC + 3, 0, 45487, 0, 0, 2),(@NPC + 3, 0, 45501, 0, 0, 2),(@NPC + 3, 0, 45502, 0, 0, 2),(@NPC + 3, 0, 45505, 0, 0, 2),(@NPC + 3, 0, 45542, 0, 0, 2),(@NPC + 3, 0, 45594, 0, 0, 2),(@NPC + 3, 0, 45599, 0, 0, 2),(@NPC + 3, 0, 45663, 0, 0, 2),(@NPC + 3, 0, 45676, 0, 0, 2),(@NPC + 3, 0, 45680, 0, 0, 2),(@NPC + 3, 0, 45697, 0, 0, 2),(@NPC + 3, 0, 45698, 0, 0, 2),(@NPC + 3, 0, 45708, 0, 0, 2),(@NPC + 3, 0, 45712, 0, 0, 2),(@NPC + 3, 0, 45888, 0, 0, 2),(@NPC + 3, 0, 45928, 0, 0, 2),(@NPC + 3, 0, 45935, 0, 0, 2),(@NPC + 3, 0, 45936, 0, 0, 2),(@NPC + 3, 0, 45975, 0, 0, 2),(@NPC + 3, 0, 45982, 0, 0, 2),(@NPC + 3, 0, 45988, 0, 0, 2),(@NPC + 3, 0, 45997, 0, 0, 2),(@NPC + 3, 0, 46028, 0, 0, 2),(@NPC + 3, 0, 46037, 0, 0, 2),(@NPC + 3, 0, 46039, 0, 0, 2),(@NPC + 3, 0, 46041, 0, 0, 2),(@NPC + 3, 0, 46340, 0, 0, 2),(@NPC + 3, 0, 46345, 0, 0, 2),(@NPC + 3, 0, 46961, 0, 0, 2),(@NPC + 3, 0, 46962, 0, 0, 2),(@NPC + 3, 0, 46967, 0, 0, 2),(@NPC + 3, 0, 46968, 0, 0, 2),(@NPC + 3, 0, 46985, 0, 0, 2),(@NPC + 3, 0, 46986, 0, 0, 2),(@NPC + 3, 0, 46997, 0, 0, 2),(@NPC + 3, 0, 46999, 0, 0, 2),(@NPC + 3, 0, 47002, 0, 0, 2),(@NPC + 3, 0, 47003, 0, 0, 2),(@NPC + 3, 0, 47052, 0, 0, 2),(@NPC + 3, 0, 47057, 0, 0, 2),(@NPC + 3, 0, 47061, 0, 0, 2),(@NPC + 3, 0, 47067, 0, 0, 2),(@NPC + 3, 0, 47072, 0, 0, 2),(@NPC + 3, 0, 47076, 0, 0, 2),(@NPC + 3, 0, 47082, 0, 0, 2),(@NPC + 3, 0, 47086, 0, 0, 2),(@NPC + 3, 0, 47093, 0, 0, 2),(@NPC + 3, 0, 47098, 0, 0, 2),(@NPC + 3, 0, 47108, 0, 0, 2),(@NPC + 3, 0, 47111, 0, 0, 2),(@NPC + 3, 0, 47121, 0, 0, 2),(@NPC + 3, 0, 47132, 0, 0, 2),(@NPC + 3, 0, 47142, 0, 0, 2),(@NPC + 3, 0, 47147, 0, 0, 2),(@NPC + 3, 0, 47150, 0, 0, 2),(@NPC + 3, 0, 47154, 0, 0, 2),(@NPC + 3, 0, 47171, 0, 0, 2),(@NPC + 3, 0, 47172, 0, 0, 2),(@NPC + 3, 0, 47195, 0, 0, 2),(@NPC + 3, 0, 47207, 0, 0, 2),(@NPC + 3, 0, 47234, 0, 0, 2),(@NPC + 3, 0, 47240, 0, 0, 2),(@NPC + 3, 0, 47253, 0, 0, 2),(@NPC + 3, 0, 47254, 0, 0, 2),(@NPC + 3, 0, 47263, 0, 0, 2),(@NPC + 3, 0, 47268, 0, 0, 2),(@NPC + 3, 0, 47269, 0, 0, 2),(@NPC + 3, 0, 47273, 0, 0, 2),(@NPC + 3, 0, 47279, 0, 0, 2),(@NPC + 3, 0, 47283, 0, 0, 2),(@NPC + 3, 0, 47288, 0, 0, 2),(@NPC + 3, 0, 47294, 0, 0, 2),(@NPC + 3, 0, 47298, 0, 0, 2),(@NPC + 3, 0, 47304, 0, 0, 2),(@NPC + 3, 0, 47310, 0, 0, 2),(@NPC + 3, 0, 47312, 0, 0, 2),(@NPC + 3, 0, 47323, 0, 0, 2),(@NPC + 3, 0, 47330, 0, 0, 2),(@NPC + 3, 0, 47414, 0, 0, 2),(@NPC + 3, 0, 47415, 0, 0, 2),(@NPC + 3, 0, 47424, 0, 0, 2),(@NPC + 3, 0, 47429, 0, 0, 2),(@NPC + 3, 0, 47430, 0, 0, 2),(@NPC + 3, 0, 47434, 0, 0, 2),(@NPC + 3, 0, 47440, 0, 0, 2),(@NPC + 3, 0, 47444, 0, 0, 2),(@NPC + 3, 0, 47449, 0, 0, 2),(@NPC + 3, 0, 47455, 0, 0, 2),(@NPC + 3, 0, 47459, 0, 0, 2),(@NPC + 3, 0, 47465, 0, 0, 2),(@NPC + 3, 0, 47471, 0, 0, 2),(@NPC + 3, 0, 47473, 0, 0, 2),(@NPC + 3, 0, 47484, 0, 0, 2),(@NPC + 3, 0, 47492, 0, 0, 2),(@NPC + 3, 0, 47609, 0, 0, 2),(@NPC + 3, 0, 47611, 0, 0, 2),(@NPC + 3, 0, 47614, 0, 0, 2),(@NPC + 3, 0, 47615, 0, 0, 2),(@NPC + 3, 0, 47680, 0, 0, 2),(@NPC + 3, 0, 47711, 0, 0, 2),(@NPC + 3, 0, 47717, 0, 0, 2),(@NPC + 3, 0, 47720, 0, 0, 2),(@NPC + 3, 0, 47738, 0, 0, 2),(@NPC + 3, 0, 47811, 0, 0, 2),(@NPC + 3, 0, 47830, 0, 0, 2),(@NPC + 3, 0, 47836, 0, 0, 2),(@NPC + 3, 0, 47851, 0, 0, 2),(@NPC + 3, 0, 47852, 0, 0, 2),(@NPC + 3, 0, 47858, 0, 0, 2),(@NPC + 3, 0, 47859, 0, 0, 2),(@NPC + 3, 0, 47869, 0, 0, 2),(@NPC + 3, 0, 47870, 0, 0, 2),(@NPC + 3, 0, 47876, 0, 0, 2),(@NPC + 3, 0, 47877, 0, 0, 2),(@NPC + 3, 0, 47885, 0, 0, 2),(@NPC + 3, 0, 47896, 0, 0, 2),(@NPC + 3, 0, 47902, 0, 0, 2),(@NPC + 3, 0, 47908, 0, 0, 2),(@NPC + 3, 0, 47917, 0, 0, 2),(@NPC + 3, 0, 47918, 0, 0, 2),(@NPC + 3, 0, 47924, 0, 0, 2),(@NPC + 3, 0, 47925, 0, 0, 2),(@NPC + 3, 0, 47935, 0, 0, 2),(@NPC + 3, 0, 47937, 0, 0, 2),(@NPC + 3, 0, 47943, 0, 0, 2),(@NPC + 3, 0, 47944, 0, 0, 2),(@NPC + 3, 0, 47952, 0, 0, 2),(@NPC + 3, 0, 47964, 0, 0, 2),(@NPC + 3, 0, 47970, 0, 0, 2),(@NPC + 3, 0, 47976, 0, 0, 2),(@NPC + 3, 0, 47990, 0, 0, 2),(@NPC + 3, 0, 47991, 0, 0, 2),(@NPC + 3, 0, 47997, 0, 0, 2),(@NPC + 3, 0, 47998, 0, 0, 2),(@NPC + 3, 0, 48008, 0, 0, 2),(@NPC + 3, 0, 48009, 0, 0, 2),(@NPC + 3, 0, 48015, 0, 0, 2),(@NPC + 3, 0, 48016, 0, 0, 2),(@NPC + 3, 0, 48024, 0, 0, 2),(@NPC + 3, 0, 48041, 0, 0, 2),(@NPC + 3, 0, 48047, 0, 0, 2),(@NPC + 3, 0, 48053, 0, 0, 2);
DELETE FROM npc_vendor WHERE entry = @NPC + 12;
INSERT INTO npc_vendor VALUES (@NPC + 12, 0, 41273, 0, 0, 2),(@NPC + 12, 0, 41274, 0, 0, 2),(@NPC + 12, 0, 41275, 0, 0, 2),(@NPC + 12, 0, 41276, 0, 0, 2),(@NPC + 12, 0, 41279, 0, 0, 2),(@NPC + 12, 0, 41280, 0, 0, 2),(@NPC + 12, 0, 41281, 0, 0, 2),(@NPC + 12, 0, 41282, 0, 0, 2),(@NPC + 12, 0, 41284, 0, 0, 2),(@NPC + 12, 0, 41286, 0, 0, 2),(@NPC + 12, 0, 41287, 0, 0, 2),(@NPC + 12, 0, 41288, 0, 0, 2),(@NPC + 12, 0, 41291, 0, 0, 2),(@NPC + 12, 0, 41292, 0, 0, 2),(@NPC + 12, 0, 41293, 0, 0, 2),(@NPC + 12, 0, 41294, 0, 0, 2),(@NPC + 12, 0, 41296, 0, 0, 2),(@NPC + 12, 0, 41297, 0, 0, 2),(@NPC + 12, 0, 41298, 0, 0, 2),(@NPC + 12, 0, 41299, 0, 0, 2),(@NPC + 12, 0, 41302, 0, 0, 2),(@NPC + 12, 0, 41303, 0, 0, 2),(@NPC + 12, 0, 41304, 0, 0, 2),(@NPC + 12, 0, 41305, 0, 0, 2),(@NPC + 12, 0, 41308, 0, 0, 2),(@NPC + 12, 0, 41309, 0, 0, 2),(@NPC + 12, 0, 41310, 0, 0, 2),(@NPC + 12, 0, 41311, 0, 0, 2),(@NPC + 12, 0, 41314, 0, 0, 2),(@NPC + 12, 0, 41315, 0, 0, 2),(@NPC + 12, 0, 41316, 0, 0, 2),(@NPC + 12, 0, 41317, 0, 0, 2),(@NPC + 12, 0, 41319, 0, 0, 2),(@NPC + 12, 0, 41320, 0, 0, 2),(@NPC + 12, 0, 41321, 0, 0, 2),(@NPC + 12, 0, 41322, 0, 0, 2),(@NPC + 12, 0, 41325, 0, 0, 2),(@NPC + 12, 0, 41326, 0, 0, 2),(@NPC + 12, 0, 41327, 0, 0, 2),(@NPC + 12, 0, 41328, 0, 0, 2),(@NPC + 12, 0, 41330, 0, 0, 2),(@NPC + 12, 0, 41331, 0, 0, 2),(@NPC + 12, 0, 41332, 0, 0, 2),(@NPC + 12, 0, 41616, 0, 0, 2),(@NPC + 12, 0, 41617, 0, 0, 2),(@NPC + 12, 0, 41618, 0, 0, 2),(@NPC + 12, 0, 41620, 0, 0, 2),(@NPC + 12, 0, 41621, 0, 0, 2),(@NPC + 12, 0, 41622, 0, 0, 2),(@NPC + 12, 0, 41624, 0, 0, 2),(@NPC + 12, 0, 41625, 0, 0, 2),(@NPC + 12, 0, 41626, 0, 0, 2),(@NPC + 12, 0, 41628, 0, 0, 2),(@NPC + 12, 0, 41629, 0, 0, 2),(@NPC + 12, 0, 41630, 0, 0, 2),(@NPC + 12, 0, 41631, 0, 0, 2),(@NPC + 12, 0, 41633, 0, 0, 2),(@NPC + 12, 0, 41634, 0, 0, 2),(@NPC + 12, 0, 41635, 0, 0, 2),(@NPC + 12, 0, 41636, 0, 0, 2),(@NPC + 12, 0, 41638, 0, 0, 2),(@NPC + 12, 0, 41639, 0, 0, 2),(@NPC + 12, 0, 41640, 0, 0, 2),(@NPC + 12, 0, 41641, 0, 0, 2),(@NPC + 12, 0, 41648, 0, 0, 2),(@NPC + 12, 0, 41649, 0, 0, 2),(@NPC + 12, 0, 41650, 0, 0, 2),(@NPC + 12, 0, 41651, 0, 0, 2),(@NPC + 12, 0, 41653, 0, 0, 2),(@NPC + 12, 0, 41654, 0, 0, 2),(@NPC + 12, 0, 41655, 0, 0, 2),(@NPC + 12, 0, 41656, 0, 0, 2),(@NPC + 12, 0, 41659, 0, 0, 2),(@NPC + 12, 0, 41660, 0, 0, 2),(@NPC + 12, 0, 41661, 0, 0, 2),(@NPC + 12, 0, 41662, 0, 0, 2),(@NPC + 12, 0, 41665, 0, 0, 2),(@NPC + 12, 0, 41666, 0, 0, 2),(@NPC + 12, 0, 41667, 0, 0, 2),(@NPC + 12, 0, 41668, 0, 0, 2),(@NPC + 12, 0, 41670, 0, 0, 2),(@NPC + 12, 0, 41671, 0, 0, 2),(@NPC + 12, 0, 41672, 0, 0, 2),(@NPC + 12, 0, 41673, 0, 0, 2),(@NPC + 12, 0, 41676, 0, 0, 2),(@NPC + 12, 0, 41677, 0, 0, 2),(@NPC + 12, 0, 41678, 0, 0, 2),(@NPC + 12, 0, 41679, 0, 0, 2),(@NPC + 12, 0, 41681, 0, 0, 2),(@NPC + 12, 0, 41682, 0, 0, 2),(@NPC + 12, 0, 41683, 0, 0, 2),(@NPC + 12, 0, 41684, 0, 0, 2),(@NPC + 12, 0, 41713, 0, 0, 2),(@NPC + 12, 0, 41714, 0, 0, 2),(@NPC + 12, 0, 41715, 0, 0, 2),(@NPC + 12, 0, 41716, 0, 0, 2),(@NPC + 12, 0, 41765, 0, 0, 2),(@NPC + 12, 0, 41766, 0, 0, 2),(@NPC + 12, 0, 41767, 0, 0, 2),(@NPC + 12, 0, 41768, 0, 0, 2),(@NPC + 12, 0, 41771, 0, 0, 2),(@NPC + 12, 0, 41772, 0, 0, 2),(@NPC + 12, 0, 41773, 0, 0, 2),(@NPC + 12, 0, 41774, 0, 0, 2),(@NPC + 12, 0, 41827, 0, 0, 2),(@NPC + 12, 0, 41828, 0, 0, 2),(@NPC + 12, 0, 41830, 0, 0, 2),(@NPC + 12, 0, 41831, 0, 0, 2),(@NPC + 12, 0, 41832, 0, 0, 2),(@NPC + 12, 0, 41833, 0, 0, 2),(@NPC + 12, 0, 41835, 0, 0, 2),(@NPC + 12, 0, 41836, 0, 0, 2),(@NPC + 12, 0, 41837, 0, 0, 2),(@NPC + 12, 0, 41839, 0, 0, 2),(@NPC + 12, 0, 41840, 0, 0, 2),(@NPC + 12, 0, 41841, 0, 0, 2);
DELETE FROM npc_vendor WHERE entry = @NPC + 13;
INSERT INTO npc_vendor VALUES (@NPC + 13, 0, 40988, 0, 0, 2),(@NPC + 13, 0, 40989, 0, 0, 2),(@NPC + 13, 0, 40990, 0, 0, 2),(@NPC + 13, 0, 40991, 0, 0, 2),(@NPC + 13, 0, 40992, 0, 0, 2),(@NPC + 13, 0, 40993, 0, 0, 2),(@NPC + 13, 0, 40994, 0, 0, 2),(@NPC + 13, 0, 40995, 0, 0, 2),(@NPC + 13, 0, 40999, 0, 0, 2),(@NPC + 13, 0, 41000, 0, 0, 2),(@NPC + 13, 0, 41001, 0, 0, 2),(@NPC + 13, 0, 41002, 0, 0, 2),(@NPC + 13, 0, 41005, 0, 0, 2),(@NPC + 13, 0, 41006, 0, 0, 2),(@NPC + 13, 0, 41007, 0, 0, 2),(@NPC + 13, 0, 41008, 0, 0, 2),(@NPC + 13, 0, 41011, 0, 0, 2),(@NPC + 13, 0, 41012, 0, 0, 2),(@NPC + 13, 0, 41013, 0, 0, 2),(@NPC + 13, 0, 41014, 0, 0, 2),(@NPC + 13, 0, 41017, 0, 0, 2),(@NPC + 13, 0, 41018, 0, 0, 2),(@NPC + 13, 0, 41019, 0, 0, 2),(@NPC + 13, 0, 41020, 0, 0, 2),(@NPC + 13, 0, 41025, 0, 0, 2),(@NPC + 13, 0, 41026, 0, 0, 2),(@NPC + 13, 0, 41027, 0, 0, 2),(@NPC + 13, 0, 41028, 0, 0, 2),(@NPC + 13, 0, 41031, 0, 0, 2),(@NPC + 13, 0, 41032, 0, 0, 2),(@NPC + 13, 0, 41033, 0, 0, 2),(@NPC + 13, 0, 41034, 0, 0, 2),(@NPC + 13, 0, 41036, 0, 0, 2),(@NPC + 13, 0, 41037, 0, 0, 2),(@NPC + 13, 0, 41038, 0, 0, 2),(@NPC + 13, 0, 41039, 0, 0, 2),(@NPC + 13, 0, 41042, 0, 0, 2),(@NPC + 13, 0, 41043, 0, 0, 2),(@NPC + 13, 0, 41044, 0, 0, 2),(@NPC + 13, 0, 41045, 0, 0, 2),(@NPC + 13, 0, 41047, 0, 0, 2),(@NPC + 13, 0, 41048, 0, 0, 2),(@NPC + 13, 0, 41049, 0, 0, 2),(@NPC + 13, 0, 41050, 0, 0, 2),(@NPC + 13, 0, 41051, 0, 0, 2),(@NPC + 13, 0, 41052, 0, 0, 2),(@NPC + 13, 0, 41054, 0, 0, 2),(@NPC + 13, 0, 41055, 0, 0, 2),(@NPC + 13, 0, 41056, 0, 0, 2),(@NPC + 13, 0, 41059, 0, 0, 2),(@NPC + 13, 0, 41060, 0, 0, 2),(@NPC + 13, 0, 41061, 0, 0, 2),(@NPC + 13, 0, 41063, 0, 0, 2),(@NPC + 13, 0, 41064, 0, 0, 2),(@NPC + 13, 0, 41065, 0, 0, 2),(@NPC + 13, 0, 41066, 0, 0, 2),(@NPC + 13, 0, 41068, 0, 0, 2),(@NPC + 13, 0, 41069, 0, 0, 2),(@NPC + 13, 0, 41070, 0, 0, 2),(@NPC + 13, 0, 41071, 0, 0, 2),(@NPC + 13, 0, 41073, 0, 0, 2),(@NPC + 13, 0, 41074, 0, 0, 2),(@NPC + 13, 0, 41075, 0, 0, 2),(@NPC + 13, 0, 41076, 0, 0, 2),(@NPC + 13, 0, 41079, 0, 0, 2),(@NPC + 13, 0, 41080, 0, 0, 2),(@NPC + 13, 0, 41081, 0, 0, 2),(@NPC + 13, 0, 41082, 0, 0, 2),(@NPC + 13, 0, 41085, 0, 0, 2),(@NPC + 13, 0, 41086, 0, 0, 2),(@NPC + 13, 0, 41087, 0, 0, 2),(@NPC + 13, 0, 41088, 0, 0, 2),(@NPC + 13, 0, 41135, 0, 0, 2),(@NPC + 13, 0, 41136, 0, 0, 2),(@NPC + 13, 0, 41137, 0, 0, 2),(@NPC + 13, 0, 41138, 0, 0, 2),(@NPC + 13, 0, 41141, 0, 0, 2),(@NPC + 13, 0, 41142, 0, 0, 2),(@NPC + 13, 0, 41143, 0, 0, 2),(@NPC + 13, 0, 41144, 0, 0, 2),(@NPC + 13, 0, 41149, 0, 0, 2),(@NPC + 13, 0, 41150, 0, 0, 2),(@NPC + 13, 0, 41151, 0, 0, 2),(@NPC + 13, 0, 41152, 0, 0, 2),(@NPC + 13, 0, 41155, 0, 0, 2),(@NPC + 13, 0, 41156, 0, 0, 2),(@NPC + 13, 0, 41157, 0, 0, 2),(@NPC + 13, 0, 41158, 0, 0, 2),(@NPC + 13, 0, 41162, 0, 0, 2),(@NPC + 13, 0, 41198, 0, 0, 2),(@NPC + 13, 0, 41199, 0, 0, 2),(@NPC + 13, 0, 41200, 0, 0, 2),(@NPC + 13, 0, 41203, 0, 0, 2),(@NPC + 13, 0, 41204, 0, 0, 2),(@NPC + 13, 0, 41205, 0, 0, 2),(@NPC + 13, 0, 41206, 0, 0, 2),(@NPC + 13, 0, 41209, 0, 0, 2),(@NPC + 13, 0, 41210, 0, 0, 2),(@NPC + 13, 0, 41211, 0, 0, 2),(@NPC + 13, 0, 41212, 0, 0, 2),(@NPC + 13, 0, 41215, 0, 0, 2),(@NPC + 13, 0, 41216, 0, 0, 2),(@NPC + 13, 0, 41217, 0, 0, 2),(@NPC + 13, 0, 41218, 0, 0, 2),(@NPC + 13, 0, 41223, 0, 0, 2),(@NPC + 13, 0, 41224, 0, 0, 2),(@NPC + 13, 0, 41225, 0, 0, 2),(@NPC + 13, 0, 41226, 0, 0, 2),(@NPC + 13, 0, 41228, 0, 0, 2),(@NPC + 13, 0, 41229, 0, 0, 2),(@NPC + 13, 0, 41230, 0, 0, 2),(@NPC + 13, 0, 41231, 0, 0, 2),(@NPC + 13, 0, 41233, 0, 0, 2),(@NPC + 13, 0, 41234, 0, 0, 2),(@NPC + 13, 0, 41235, 0, 0, 2),(@NPC + 13, 0, 41236, 0, 0, 2);
DELETE FROM npc_vendor WHERE entry = @NPC + 14;
INSERT INTO npc_vendor VALUES (@NPC + 14, 0, 40781, 0, 0, 2),(@NPC + 14, 0, 40782, 0, 0, 2),(@NPC + 14, 0, 40783, 0, 0, 2),(@NPC + 14, 0, 40784, 0, 0, 2),(@NPC + 14, 0, 40785, 0, 0, 2),(@NPC + 14, 0, 40786, 0, 0, 2),(@NPC + 14, 0, 40787, 0, 0, 2),(@NPC + 14, 0, 40788, 0, 0, 2),(@NPC + 14, 0, 40789, 0, 0, 2),(@NPC + 14, 0, 40790, 0, 0, 2),(@NPC + 14, 0, 40791, 0, 0, 2),(@NPC + 14, 0, 40792, 0, 0, 2),(@NPC + 14, 0, 40801, 0, 0, 2),(@NPC + 14, 0, 40802, 0, 0, 2),(@NPC + 14, 0, 40803, 0, 0, 2),(@NPC + 14, 0, 40804, 0, 0, 2),(@NPC + 14, 0, 40805, 0, 0, 2),(@NPC + 14, 0, 40806, 0, 0, 2),(@NPC + 14, 0, 40807, 0, 0, 2),(@NPC + 14, 0, 40808, 0, 0, 2),(@NPC + 14, 0, 40809, 0, 0, 2),(@NPC + 14, 0, 40810, 0, 0, 2),(@NPC + 14, 0, 40811, 0, 0, 2),(@NPC + 14, 0, 40812, 0, 0, 2),(@NPC + 14, 0, 40819, 0, 0, 2),(@NPC + 14, 0, 40820, 0, 0, 2),(@NPC + 14, 0, 40821, 0, 0, 2),(@NPC + 14, 0, 40823, 0, 0, 2),(@NPC + 14, 0, 40824, 0, 0, 2),(@NPC + 14, 0, 40825, 0, 0, 2),(@NPC + 14, 0, 40826, 0, 0, 2),(@NPC + 14, 0, 40827, 0, 0, 2),(@NPC + 14, 0, 40828, 0, 0, 2),(@NPC + 14, 0, 40829, 0, 0, 2),(@NPC + 14, 0, 40830, 0, 0, 2),(@NPC + 14, 0, 40831, 0, 0, 2),(@NPC + 14, 0, 40840, 0, 0, 2),(@NPC + 14, 0, 40841, 0, 0, 2),(@NPC + 14, 0, 40842, 0, 0, 2),(@NPC + 14, 0, 40844, 0, 0, 2),(@NPC + 14, 0, 40845, 0, 0, 2),(@NPC + 14, 0, 40846, 0, 0, 2),(@NPC + 14, 0, 40847, 0, 0, 2),(@NPC + 14, 0, 40848, 0, 0, 2),(@NPC + 14, 0, 40849, 0, 0, 2),(@NPC + 14, 0, 40850, 0, 0, 2),(@NPC + 14, 0, 40851, 0, 0, 2),(@NPC + 14, 0, 40852, 0, 0, 2),(@NPC + 14, 0, 40859, 0, 0, 2),(@NPC + 14, 0, 40860, 0, 0, 2),(@NPC + 14, 0, 40861, 0, 0, 2),(@NPC + 14, 0, 40862, 0, 0, 2),(@NPC + 14, 0, 40863, 0, 0, 2),(@NPC + 14, 0, 40864, 0, 0, 2),(@NPC + 14, 0, 40866, 0, 0, 2),(@NPC + 14, 0, 40868, 0, 0, 2),(@NPC + 14, 0, 40869, 0, 0, 2),(@NPC + 14, 0, 40870, 0, 0, 2),(@NPC + 14, 0, 40871, 0, 0, 2),(@NPC + 14, 0, 40872, 0, 0, 2),(@NPC + 14, 0, 40877, 0, 0, 2),(@NPC + 14, 0, 40878, 0, 0, 2),(@NPC + 14, 0, 40879, 0, 0, 2),(@NPC + 14, 0, 40880, 0, 0, 2),(@NPC + 14, 0, 40881, 0, 0, 2),(@NPC + 14, 0, 40882, 0, 0, 2),(@NPC + 14, 0, 40883, 0, 0, 2),(@NPC + 14, 0, 40884, 0, 0, 2),(@NPC + 14, 0, 40887, 0, 0, 2),(@NPC + 14, 0, 40888, 0, 0, 2),(@NPC + 14, 0, 40889, 0, 0, 2),(@NPC + 14, 0, 40890, 0, 0, 2),(@NPC + 14, 0, 40904, 0, 0, 2),(@NPC + 14, 0, 40905, 0, 0, 2),(@NPC + 14, 0, 40907, 0, 0, 2),(@NPC + 14, 0, 40910, 0, 0, 2),(@NPC + 14, 0, 40925, 0, 0, 2),(@NPC + 14, 0, 40926, 0, 0, 2),(@NPC + 14, 0, 40927, 0, 0, 2),(@NPC + 14, 0, 40928, 0, 0, 2),(@NPC + 14, 0, 40931, 0, 0, 2),(@NPC + 14, 0, 40932, 0, 0, 2),(@NPC + 14, 0, 40933, 0, 0, 2),(@NPC + 14, 0, 40934, 0, 0, 2),(@NPC + 14, 0, 40937, 0, 0, 2),(@NPC + 14, 0, 40938, 0, 0, 2),(@NPC + 14, 0, 40939, 0, 0, 2),(@NPC + 14, 0, 40940, 0, 0, 2),(@NPC + 14, 0, 40961, 0, 0, 2),(@NPC + 14, 0, 40962, 0, 0, 2),(@NPC + 14, 0, 40963, 0, 0, 2),(@NPC + 14, 0, 40964, 0, 0, 2),(@NPC + 14, 0, 40966, 0, 0, 2),(@NPC + 14, 0, 40972, 0, 0, 2),(@NPC + 14, 0, 40973, 0, 0, 2),(@NPC + 14, 0, 40974, 0, 0, 2),(@NPC + 14, 0, 40975, 0, 0, 2),(@NPC + 14, 0, 40976, 0, 0, 2),(@NPC + 14, 0, 40977, 0, 0, 2),(@NPC + 14, 0, 40978, 0, 0, 2),(@NPC + 14, 0, 40979, 0, 0, 2),(@NPC + 14, 0, 40982, 0, 0, 2),(@NPC + 14, 0, 40983, 0, 0, 2),(@NPC + 14, 0, 40984, 0, 0, 2),(@NPC + 14, 0, 42654, 0, 0, 2),(@NPC + 14, 0, 42655, 0, 0, 2),(@NPC + 14, 0, 42656, 0, 0, 2),(@NPC + 14, 0, 42657, 0, 0, 2),(@NPC + 14, 0, 42658, 0, 0, 2);
DELETE FROM npc_vendor WHERE entry = @NPC + 15;
INSERT INTO npc_vendor VALUES (@NPC + 15, 0, 42207, 0, 0, 2),(@NPC + 15, 0, 42208, 0, 0, 2),(@NPC + 15, 0, 42209, 0, 0, 2),(@NPC + 15, 0, 42210, 0, 0, 2),(@NPC + 15, 0, 42226, 0, 0, 2),(@NPC + 15, 0, 42227, 0, 0, 2),(@NPC + 15, 0, 42228, 0, 0, 2),(@NPC + 15, 0, 42229, 0, 0, 2),(@NPC + 15, 0, 42231, 0, 0, 2),(@NPC + 15, 0, 42232, 0, 0, 2),(@NPC + 15, 0, 42233, 0, 0, 2),(@NPC + 15, 0, 42234, 0, 0, 2),(@NPC + 15, 0, 42236, 0, 0, 2),(@NPC + 15, 0, 42237, 0, 0, 2),(@NPC + 15, 0, 42238, 0, 0, 2),(@NPC + 15, 0, 42241, 0, 0, 2),(@NPC + 15, 0, 42242, 0, 0, 2),(@NPC + 15, 0, 42243, 0, 0, 2),(@NPC + 15, 0, 42244, 0, 0, 2),(@NPC + 15, 0, 42247, 0, 0, 2),(@NPC + 15, 0, 42248, 0, 0, 2),(@NPC + 15, 0, 42249, 0, 0, 2),(@NPC + 15, 0, 42250, 0, 0, 2),(@NPC + 15, 0, 42254, 0, 0, 2),(@NPC + 15, 0, 42255, 0, 0, 2),(@NPC + 15, 0, 42256, 0, 0, 2),(@NPC + 15, 0, 42257, 0, 0, 2),(@NPC + 15, 0, 42259, 0, 0, 2),(@NPC + 15, 0, 42260, 0, 0, 2),(@NPC + 15, 0, 42261, 0, 0, 2),(@NPC + 15, 0, 42262, 0, 0, 2),(@NPC + 15, 0, 42264, 0, 0, 2),(@NPC + 15, 0, 42265, 0, 0, 2),(@NPC + 15, 0, 42266, 0, 0, 2),(@NPC + 15, 0, 42267, 0, 0, 2),(@NPC + 15, 0, 42269, 0, 0, 2),(@NPC + 15, 0, 42270, 0, 0, 2),(@NPC + 15, 0, 42271, 0, 0, 2),(@NPC + 15, 0, 42272, 0, 0, 2),(@NPC + 15, 0, 42274, 0, 0, 2),(@NPC + 15, 0, 42275, 0, 0, 2),(@NPC + 15, 0, 42276, 0, 0, 2),(@NPC + 15, 0, 42277, 0, 0, 2),(@NPC + 15, 0, 42279, 0, 0, 2),(@NPC + 15, 0, 42280, 0, 0, 2),(@NPC + 15, 0, 42281, 0, 0, 2),(@NPC + 15, 0, 42282, 0, 0, 2),(@NPC + 15, 0, 42284, 0, 0, 2),(@NPC + 15, 0, 42285, 0, 0, 2),(@NPC + 15, 0, 42286, 0, 0, 2),(@NPC + 15, 0, 42287, 0, 0, 2),(@NPC + 15, 0, 42289, 0, 0, 2),(@NPC + 15, 0, 42290, 0, 0, 2),(@NPC + 15, 0, 42291, 0, 0, 2),(@NPC + 15, 0, 42292, 0, 0, 2),(@NPC + 15, 0, 42316, 0, 0, 2),(@NPC + 15, 0, 42317, 0, 0, 2),(@NPC + 15, 0, 42318, 0, 0, 2),(@NPC + 15, 0, 42319, 0, 0, 2),(@NPC + 15, 0, 42321, 0, 0, 2),(@NPC + 15, 0, 42322, 0, 0, 2),(@NPC + 15, 0, 42323, 0, 0, 2),(@NPC + 15, 0, 42324, 0, 0, 2),(@NPC + 15, 0, 42326, 0, 0, 2),(@NPC + 15, 0, 42327, 0, 0, 2),(@NPC + 15, 0, 42328, 0, 0, 2),(@NPC + 15, 0, 42329, 0, 0, 2),(@NPC + 15, 0, 42331, 0, 0, 2),(@NPC + 15, 0, 42332, 0, 0, 2),(@NPC + 15, 0, 42333, 0, 0, 2),(@NPC + 15, 0, 42334, 0, 0, 2),(@NPC + 15, 0, 42345, 0, 0, 2),(@NPC + 15, 0, 42346, 0, 0, 2),(@NPC + 15, 0, 42347, 0, 0, 2),(@NPC + 15, 0, 42348, 0, 0, 2),(@NPC + 15, 0, 42351, 0, 0, 2),(@NPC + 15, 0, 42352, 0, 0, 2),(@NPC + 15, 0, 42353, 0, 0, 2),(@NPC + 15, 0, 42354, 0, 0, 2),(@NPC + 15, 0, 42359, 0, 0, 2),(@NPC + 15, 0, 42362, 0, 0, 2),(@NPC + 15, 0, 42364, 0, 0, 2),(@NPC + 15, 0, 42366, 0, 0, 2),(@NPC + 15, 0, 42383, 0, 0, 2),(@NPC + 15, 0, 42384, 0, 0, 2),(@NPC + 15, 0, 42385, 0, 0, 2),(@NPC + 15, 0, 42386, 0, 0, 2),(@NPC + 15, 0, 42389, 0, 0, 2),(@NPC + 15, 0, 42390, 0, 0, 2),(@NPC + 15, 0, 42391, 0, 0, 2),(@NPC + 15, 0, 42392, 0, 0, 2),(@NPC + 15, 0, 42449, 0, 0, 2),(@NPC + 15, 0, 42450, 0, 0, 2),(@NPC + 15, 0, 42451, 0, 0, 2),(@NPC + 15, 0, 42483, 0, 0, 2),(@NPC + 15, 0, 42484, 0, 0, 2),(@NPC + 15, 0, 42485, 0, 0, 2),(@NPC + 15, 0, 42486, 0, 0, 2),(@NPC + 15, 0, 42487, 0, 0, 2),(@NPC + 15, 0, 42489, 0, 0, 2),(@NPC + 15, 0, 42490, 0, 0, 2),(@NPC + 15, 0, 42491, 0, 0, 2),(@NPC + 15, 0, 42492, 0, 0, 2),(@NPC + 15, 0, 42494, 0, 0, 2),(@NPC + 15, 0, 42495, 0, 0, 2),(@NPC + 15, 0, 42496, 0, 0, 2),(@NPC + 15, 0, 42498, 0, 0, 2),(@NPC + 15, 0, 42501, 0, 0, 2),(@NPC + 15, 0, 42502, 0, 0, 2),(@NPC + 15, 0, 42503, 0, 0, 2),(@NPC + 15, 0, 42504, 0, 0, 2),(@NPC + 15, 0, 42512, 0, 0, 2),(@NPC + 15, 0, 42513, 0, 0, 2),(@NPC + 15, 0, 42514, 0, 0, 2),(@NPC + 15, 0, 42515, 0, 0, 2),(@NPC + 15, 0, 42518, 0, 0, 2),(@NPC + 15, 0, 42519, 0, 0, 2),(@NPC + 15, 0, 42520, 0, 0, 2),(@NPC + 15, 0, 42521, 0, 0, 2),(@NPC + 15, 0, 44417, 0, 0, 2),(@NPC + 15, 0, 44418, 0, 0, 2),(@NPC + 15, 0, 44419, 0, 0, 2),(@NPC + 15, 0, 44420, 0, 0, 2),(@NPC + 15, 0, 44421, 0, 0, 2),(@NPC + 15, 0, 44422, 0, 0, 2),(@NPC + 15, 0, 44423, 0, 0, 2),(@NPC + 15, 0, 44424, 0, 0, 2),(@NPC + 15, 0, 45311, 0, 0, 2),(@NPC + 15, 0, 45937, 0, 0, 2),(@NPC + 15, 0, 45938, 0, 0, 2),(@NPC + 15, 0, 45939, 0, 0, 2),(@NPC + 15, 0, 45948, 0, 0, 2),(@NPC + 15, 0, 45949, 0, 0, 2),(@NPC + 15, 0, 45950, 0, 0, 2),(@NPC + 15, 0, 45951, 0, 0, 2),(@NPC + 15, 0, 45952, 0, 0, 2),(@NPC + 15, 0, 45953, 0, 0, 2),(@NPC + 15, 0, 45954, 0, 0, 2),(@NPC + 15, 0, 45955, 0, 0, 2),(@NPC + 15, 0, 45956, 0, 0, 2),(@NPC + 15, 0, 45957, 0, 0, 2),(@NPC + 15, 0, 45958, 0, 0, 2),(@NPC + 15, 0, 45959, 0, 0, 2),(@NPC + 15, 0, 45960, 0, 0, 2),(@NPC + 15, 0, 45961, 0, 0, 2),(@NPC + 15, 0, 45962, 0, 0, 2),(@NPC + 15, 0, 45963, 0, 0, 2),(@NPC + 15, 0, 45964, 0, 0, 2),(@NPC + 15, 0, 45965, 0, 0, 2),(@NPC + 15, 0, 45966, 0, 0, 2),(@NPC + 15, 0, 45967, 0, 0, 2),(@NPC + 15, 0, 45968, 0, 0, 2),(@NPC + 15, 0, 45969, 0, 0, 2),(@NPC + 15, 0, 45970, 0, 0, 2),(@NPC + 15, 0, 45971, 0, 0, 2),(@NPC + 15, 0, 48402, 0, 0, 2),(@NPC + 15, 0, 48404, 0, 0, 2),(@NPC + 15, 0, 48406, 0, 0, 2),(@NPC + 15, 0, 48408, 0, 0, 2),(@NPC + 15, 0, 48410, 0, 0, 2),(@NPC + 15, 0, 48412, 0, 0, 2),(@NPC + 15, 0, 48414, 0, 0, 2),(@NPC + 15, 0, 48420, 0, 0, 2),(@NPC + 15, 0, 48422, 0, 0, 2),(@NPC + 15, 0, 48424, 0, 0, 2),(@NPC + 15, 0, 48426, 0, 0, 2),(@NPC + 15, 0, 48428, 0, 0, 2),(@NPC + 15, 0, 48432, 0, 0, 2),(@NPC + 15, 0, 48435, 0, 0, 2),(@NPC + 15, 0, 48438, 0, 0, 2),(@NPC + 15, 0, 48440, 0, 0, 2),(@NPC + 15, 0, 48442, 0, 0, 2),(@NPC + 15, 0, 48444, 0, 0, 2),(@NPC + 15, 0, 48507, 0, 0, 2),(@NPC + 15, 0, 48509, 0, 0, 2),(@NPC + 15, 0, 48511, 0, 0, 2),(@NPC + 15, 0, 48513, 0, 0, 2),(@NPC + 15, 0, 48515, 0, 0, 2),(@NPC + 15, 0, 48517, 0, 0, 2),(@NPC + 15, 0, 48519, 0, 0, 2),(@NPC + 15, 0, 48521, 0, 0, 2),(@NPC + 15, 0, 48523, 0, 0, 2),(@NPC + 15, 0, 49185, 0, 0, 2),(@NPC + 15, 0, 49189, 0, 0, 2),(@NPC + 15, 0, 49191, 0, 0, 2);
DELETE FROM npc_vendor WHERE entry = @NPC + 8;
INSERT INTO npc_vendor VALUES (@NPC + 8, 0, 40111, 0, 0, 2),(@NPC + 8, 0, 40112, 0, 0, 2),(@NPC + 8, 0, 40113, 0, 0, 2),(@NPC + 8, 0, 40114, 0, 0, 2),(@NPC + 8, 0, 40115, 0, 0, 2),(@NPC + 8, 0, 40116, 0, 0, 2),(@NPC + 8, 0, 40117, 0, 0, 2),(@NPC + 8, 0, 40118, 0, 0, 2),(@NPC + 8, 0, 40119, 0, 0, 2),(@NPC + 8, 0, 40120, 0, 0, 2),(@NPC + 8, 0, 40121, 0, 0, 2),(@NPC + 8, 0, 40122, 0, 0, 2),(@NPC + 8, 0, 40123, 0, 0, 2),(@NPC + 8, 0, 40124, 0, 0, 2),(@NPC + 8, 0, 40125, 0, 0, 2),(@NPC + 8, 0, 40126, 0, 0, 2),(@NPC + 8, 0, 40127, 0, 0, 2),(@NPC + 8, 0, 40128, 0, 0, 2),(@NPC + 8, 0, 40129, 0, 0, 2),(@NPC + 8, 0, 40130, 0, 0, 2),(@NPC + 8, 0, 40131, 0, 0, 2),(@NPC + 8, 0, 40132, 0, 0, 2),(@NPC + 8, 0, 40133, 0, 0, 2),(@NPC + 8, 0, 40134, 0, 0, 2),(@NPC + 8, 0, 40135, 0, 0, 2),(@NPC + 8, 0, 40136, 0, 0, 2),(@NPC + 8, 0, 40137, 0, 0, 2),(@NPC + 8, 0, 40138, 0, 0, 2),(@NPC + 8, 0, 40139, 0, 0, 2),(@NPC + 8, 0, 40140, 0, 0, 2),(@NPC + 8, 0, 40141, 0, 0, 2),(@NPC + 8, 0, 40142, 0, 0, 2),(@NPC + 8, 0, 40143, 0, 0, 2),(@NPC + 8, 0, 40144, 0, 0, 2),(@NPC + 8, 0, 40145, 0, 0, 2),(@NPC + 8, 0, 40146, 0, 0, 2),(@NPC + 8, 0, 40147, 0, 0, 2),(@NPC + 8, 0, 40148, 0, 0, 2),(@NPC + 8, 0, 40149, 0, 0, 2),(@NPC + 8, 0, 40150, 0, 0, 2),(@NPC + 8, 0, 40151, 0, 0, 2),(@NPC + 8, 0, 40152, 0, 0, 2),(@NPC + 8, 0, 40153, 0, 0, 2),(@NPC + 8, 0, 40154, 0, 0, 2),(@NPC + 8, 0, 40155, 0, 0, 2),(@NPC + 8, 0, 40156, 0, 0, 2),(@NPC + 8, 0, 40157, 0, 0, 2),(@NPC + 8, 0, 40158, 0, 0, 2),(@NPC + 8, 0, 40159, 0, 0, 2),(@NPC + 8, 0, 40160, 0, 0, 2),(@NPC + 8, 0, 40161, 0, 0, 2),(@NPC + 8, 0, 40162, 0, 0, 2),(@NPC + 8, 0, 40163, 0, 0, 2),(@NPC + 8, 0, 40164, 0, 0, 2),(@NPC + 8, 0, 40165, 0, 0, 2),(@NPC + 8, 0, 40166, 0, 0, 2),(@NPC + 8, 0, 40167, 0, 0, 2),(@NPC + 8, 0, 40168, 0, 0, 2),(@NPC + 8, 0, 40169, 0, 0, 2),(@NPC + 8, 0, 40170, 0, 0, 2),(@NPC + 8, 0, 40171, 0, 0, 2),(@NPC + 8, 0, 40172, 0, 0, 2),(@NPC + 8, 0, 40173, 0, 0, 2),(@NPC + 8, 0, 40174, 0, 0, 2),(@NPC + 8, 0, 40175, 0, 0, 2),(@NPC + 8, 0, 40176, 0, 0, 2),(@NPC + 8, 0, 40177, 0, 0, 2),(@NPC + 8, 0, 40178, 0, 0, 2),(@NPC + 8, 0, 40179, 0, 0, 2),(@NPC + 8, 0, 40180, 0, 0, 2),(@NPC + 8, 0, 40181, 0, 0, 2),(@NPC + 8, 0, 40182, 0, 0, 2),(@NPC + 8, 0, 41266, 0, 0, 2),(@NPC + 8, 0, 41285, 0, 0, 2),(@NPC + 8, 0, 41307, 0, 0, 2),(@NPC + 8, 0, 41333, 0, 0, 2),(@NPC + 8, 0, 41334, 0, 0, 2),(@NPC + 8, 0, 41335, 0, 0, 2),(@NPC + 8, 0, 41339, 0, 0, 2),(@NPC + 8, 0, 41375, 0, 0, 2),(@NPC + 8, 0, 41376, 0, 0, 2),(@NPC + 8, 0, 41377, 0, 0, 2),(@NPC + 8, 0, 41378, 0, 0, 2),(@NPC + 8, 0, 41379, 0, 0, 2),(@NPC + 8, 0, 41380, 0, 0, 2),(@NPC + 8, 0, 41381, 0, 0, 2),(@NPC + 8, 0, 41382, 0, 0, 2),(@NPC + 8, 0, 41385, 0, 0, 2),(@NPC + 8, 0, 41389, 0, 0, 2),(@NPC + 8, 0, 41395, 0, 0, 2),(@NPC + 8, 0, 41396, 0, 0, 2),(@NPC + 8, 0, 41397, 0, 0, 2),(@NPC + 8, 0, 41398, 0, 0, 2),(@NPC + 8, 0, 41400, 0, 0, 2),(@NPC + 8, 0, 41401, 0, 0, 2),(@NPC + 8, 0, 42701, 0, 0, 2),(@NPC + 8, 0, 42702, 0, 0, 2),(@NPC + 8, 0, 44066, 0, 0, 2),(@NPC + 8, 0, 44076, 0, 0, 2),(@NPC + 8, 0, 44078, 0, 0, 2),(@NPC + 8, 0, 44081, 0, 0, 2),(@NPC + 8, 0, 44082, 0, 0, 2),(@NPC + 8, 0, 44084, 0, 0, 2),(@NPC + 8, 0, 44087, 0, 0, 2),(@NPC + 8, 0, 44088, 0, 0, 2),(@NPC + 8, 0, 44089, 0, 0, 2),(@NPC + 8, 0, 45862, 0, 0, 2),(@NPC + 8, 0, 45879, 0, 0, 2),(@NPC + 8, 0, 45880, 0, 0, 2),(@NPC + 8, 0, 45881, 0, 0, 2),(@NPC + 8, 0, 45882, 0, 0, 2),(@NPC + 8, 0, 45883, 0, 0, 2),(@NPC + 8, 0, 45987, 0, 0, 2),(@NPC + 8, 0, 49110, 0, 0, 2);
DELETE FROM npc_vendor WHERE entry = @NPC + 9;
INSERT INTO npc_vendor VALUES (@NPC + 9, 0, 44134, 0, 0, 2),(@NPC + 9, 0, 44135, 0, 0, 2),(@NPC + 9, 0, 44136, 0, 0, 2),(@NPC + 9, 0, 44871, 0, 0, 2),(@NPC + 9, 0, 44150, 0, 0, 2),(@NPC + 9, 0, 44149, 0, 0, 2),(@NPC + 9, 0, 44152, 0, 0, 2),(@NPC + 9, 0, 44159, 0, 0, 2),(@NPC + 9, 0, 38925, 0, 0, 2),(@NPC + 9, 0, 38374, 0, 0, 2),(@NPC + 9, 0, 38926, 0, 0, 2),(@NPC + 9, 0, 38927, 0, 0, 2),(@NPC + 9, 0, 38928, 0, 0, 2),(@NPC + 9, 0, 38929, 0, 0, 2),(@NPC + 9, 0, 38930, 0, 0, 2),(@NPC + 9, 0, 38931, 0, 0, 2),(@NPC + 9, 0, 38932, 0, 0, 2),(@NPC + 9, 0, 38933, 0, 0, 2),(@NPC + 9, 0, 38934, 0, 0, 2),(@NPC + 9, 0, 38935, 0, 0, 2),(@NPC + 9, 0, 38936, 0, 0, 2),(@NPC + 9, 0, 38937, 0, 0, 2),(@NPC + 9, 0, 38938, 0, 0, 2),(@NPC + 9, 0, 38939, 0, 0, 2),(@NPC + 9, 0, 38940, 0, 0, 2),(@NPC + 9, 0, 38941, 0, 0, 2),(@NPC + 9, 0, 38942, 0, 0, 2),(@NPC + 9, 0, 38943, 0, 0, 2),(@NPC + 9, 0, 38944, 0, 0, 2),(@NPC + 9, 0, 38945, 0, 0, 2),(@NPC + 9, 0, 38946, 0, 0, 2),(@NPC + 9, 0, 38947, 0, 0, 2),(@NPC + 9, 0, 38948, 0, 0, 2),(@NPC + 9, 0, 38949, 0, 0, 2),(@NPC + 9, 0, 38950, 0, 0, 2),(@NPC + 9, 0, 38951, 0, 0, 2),(@NPC + 9, 0, 38953, 0, 0, 2),(@NPC + 9, 0, 38954, 0, 0, 2),(@NPC + 9, 0, 38955, 0, 0, 2),(@NPC + 9, 0, 38956, 0, 0, 2),(@NPC + 9, 0, 38959, 0, 0, 2),(@NPC + 9, 0, 38960, 0, 0, 2),(@NPC + 9, 0, 38961, 0, 0, 2),(@NPC + 9, 0, 38962, 0, 0, 2),(@NPC + 9, 0, 38963, 0, 0, 2),(@NPC + 9, 0, 38964, 0, 0, 2),(@NPC + 9, 0, 38965, 0, 0, 2),(@NPC + 9, 0, 38966, 0, 0, 2),(@NPC + 9, 0, 38967, 0, 0, 2),(@NPC + 9, 0, 38968, 0, 0, 2),(@NPC + 9, 0, 38969, 0, 0, 2),(@NPC + 9, 0, 38971, 0, 0, 2),(@NPC + 9, 0, 38972, 0, 0, 2),(@NPC + 9, 0, 38973, 0, 0, 2),(@NPC + 9, 0, 38974, 0, 0, 2),(@NPC + 9, 0, 38975, 0, 0, 2),(@NPC + 9, 0, 38976, 0, 0, 2),(@NPC + 9, 0, 38977, 0, 0, 2),(@NPC + 9, 0, 38978, 0, 0, 2),(@NPC + 9, 0, 38979, 0, 0, 2),(@NPC + 9, 0, 38980, 0, 0, 2),(@NPC + 9, 0, 38981, 0, 0, 2),(@NPC + 9, 0, 38982, 0, 0, 2),(@NPC + 9, 0, 38984, 0, 0, 2),(@NPC + 9, 0, 38985, 0, 0, 2),(@NPC + 9, 0, 38986, 0, 0, 2),(@NPC + 9, 0, 38987, 0, 0, 2),(@NPC + 9, 0, 38988, 0, 0, 2),(@NPC + 9, 0, 38989, 0, 0, 2),(@NPC + 9, 0, 38990, 0, 0, 2),(@NPC + 9, 0, 38991, 0, 0, 2),(@NPC + 9, 0, 38992, 0, 0, 2),(@NPC + 9, 0, 38993, 0, 0, 2),(@NPC + 9, 0, 38995, 0, 0, 2),(@NPC + 9, 0, 38997, 0, 0, 2),(@NPC + 9, 0, 38998, 0, 0, 2),(@NPC + 9, 0, 38999, 0, 0, 2),(@NPC + 9, 0, 39000, 0, 0, 2),(@NPC + 9, 0, 39001, 0, 0, 2),(@NPC + 9, 0, 39002, 0, 0, 2),(@NPC + 9, 0, 39003, 0, 0, 2),(@NPC + 9, 0, 39004, 0, 0, 2),(@NPC + 9, 0, 39005, 0, 0, 2),(@NPC + 9, 0, 39006, 0, 0, 2),(@NPC + 9, 0, 41601, 0, 0, 2),(@NPC + 9, 0, 41602, 0, 0, 2),(@NPC + 9, 0, 41603, 0, 0, 2),(@NPC + 9, 0, 41604, 0, 0, 2),(@NPC + 9, 0, 41611, 0, 0, 2),(@NPC + 9, 0, 41976, 0, 0, 2),(@NPC + 9, 0, 42500, 0, 0, 2),(@NPC + 9, 0, 43987, 0, 0, 2),(@NPC + 9, 0, 44449, 0, 0, 2),(@NPC + 9, 0, 44453, 0, 0, 2),(@NPC + 9, 0, 44455, 0, 0, 2),(@NPC + 9, 0, 44456, 0, 0, 2),(@NPC + 9, 0, 44457, 0, 0, 2),(@NPC + 9, 0, 44458, 0, 0, 2),(@NPC + 9, 0, 44463, 0, 0, 2),(@NPC + 9, 0, 44465, 0, 0, 2),(@NPC + 9, 0, 44466, 0, 0, 2),(@NPC + 9, 0, 44467, 0, 0, 2),(@NPC + 9, 0, 44469, 0, 0, 2),(@NPC + 9, 0, 44470, 0, 0, 2),(@NPC + 9, 0, 44493, 0, 0, 2),(@NPC + 9, 0, 44497, 0, 0, 2),(@NPC + 9, 0, 44815, 0, 0, 2),(@NPC + 9, 0, 44963, 0, 0, 2),(@NPC + 9, 0, 44936, 0, 0, 2),(@NPC + 9, 0, 44947, 0, 0, 2),(@NPC + 9, 0, 45056, 0, 0, 2),(@NPC + 9, 0, 45060, 0, 0, 2),(@NPC + 9, 0, 45628, 0, 0, 2),(@NPC + 9, 0, 46026, 0, 0, 2),(@NPC + 9, 0, 46098, 0, 0, 2),(@NPC + 9, 0, 50816, 0, 0, 2),(@NPC + 9, 0, 44946, 0, 0, 2),(@NPC + 9, 0, 38957, 0, 0, 2),(@NPC + 9, 0, 38958, 0, 0, 2),(@NPC + 9, 0, 38970, 0, 0, 2),(@NPC + 9, 0, 38983, 0, 0, 2),(@NPC + 9, 0, 38994, 0, 0, 2),(@NPC + 9, 0, 38996, 0, 0, 2),(@NPC + 9, 0, 43097, 0, 0, 2);
DELETE FROM npc_vendor WHERE entry = @NPC + 10;
INSERT INTO npc_vendor VALUES (@NPC + 10, 0, 45521, 0, 0, 2),(@NPC + 10, 0, 45527, 0, 0, 2),(@NPC + 10, 0, 45533, 0, 0, 2),(@NPC + 10, 0, 45570, 0, 0, 2),(@NPC + 10, 0, 45605, 0, 0, 2),(@NPC + 10, 0, 45607, 0, 0, 2),(@NPC + 10, 0, 45612, 0, 0, 2),(@NPC + 10, 0, 45613, 0, 0, 2),(@NPC + 10, 0, 45620, 0, 0, 2),(@NPC + 10, 0, 45685, 0, 0, 2),(@NPC + 10, 0, 45695, 0, 0, 2),(@NPC + 10, 0, 45700, 0, 0, 2),(@NPC + 10, 0, 45713, 0, 0, 2),(@NPC + 10, 0, 45868, 0, 0, 2),(@NPC + 10, 0, 45870, 0, 0, 2),(@NPC + 10, 0, 45872, 0, 0, 2),(@NPC + 10, 0, 45876, 0, 0, 2),(@NPC + 10, 0, 45886, 0, 0, 2),(@NPC + 10, 0, 45892, 0, 0, 2),(@NPC + 10, 0, 45930, 0, 0, 2),(@NPC + 10, 0, 45934, 0, 0, 2),(@NPC + 10, 0, 45947, 0, 0, 2),(@NPC + 10, 0, 45972, 0, 0, 2),(@NPC + 10, 0, 45990, 0, 0, 2),(@NPC + 10, 0, 45996, 0, 0, 2),(@NPC + 10, 0, 46011, 0, 0, 2),(@NPC + 10, 0, 46016, 0, 0, 2),(@NPC + 10, 0, 46017, 0, 0, 2),(@NPC + 10, 0, 46018, 0, 0, 2),(@NPC + 10, 0, 46024, 0, 0, 2),(@NPC + 10, 0, 46025, 0, 0, 2),(@NPC + 10, 0, 46031, 0, 0, 2),(@NPC + 10, 0, 46033, 0, 0, 2),(@NPC + 10, 0, 46035, 0, 0, 2),(@NPC + 10, 0, 46036, 0, 0, 2),(@NPC + 10, 0, 46067, 0, 0, 2),(@NPC + 10, 0, 46097, 0, 0, 2),(@NPC + 10, 0, 46339, 0, 0, 2),(@NPC + 10, 0, 46342, 0, 0, 2),(@NPC + 10, 0, 46350, 0, 0, 2),(@NPC + 10, 0, 46351, 0, 0, 2),(@NPC + 10, 0, 46958, 0, 0, 2),(@NPC + 10, 0, 46969, 0, 0, 2),(@NPC + 10, 0, 46979, 0, 0, 2),(@NPC + 10, 0, 46980, 0, 0, 2),(@NPC + 10, 0, 46994, 0, 0, 2),(@NPC + 10, 0, 46995, 0, 0, 2),(@NPC + 10, 0, 46996, 0, 0, 2),(@NPC + 10, 0, 47001, 0, 0, 2),(@NPC + 10, 0, 47069, 0, 0, 2),(@NPC + 10, 0, 47078, 0, 0, 2),(@NPC + 10, 0, 47104, 0, 0, 2),(@NPC + 10, 0, 47113, 0, 0, 2),(@NPC + 10, 0, 47114, 0, 0, 2),(@NPC + 10, 0, 47130, 0, 0, 2),(@NPC + 10, 0, 47148, 0, 0, 2),(@NPC + 10, 0, 47156, 0, 0, 2),(@NPC + 10, 0, 47193, 0, 0, 2),(@NPC + 10, 0, 47206, 0, 0, 2),(@NPC + 10, 0, 47233, 0, 0, 2),(@NPC + 10, 0, 47239, 0, 0, 2),(@NPC + 10, 0, 47255, 0, 0, 2),(@NPC + 10, 0, 47261, 0, 0, 2),(@NPC + 10, 0, 47266, 0, 0, 2),(@NPC + 10, 0, 47267, 0, 0, 2),(@NPC + 10, 0, 47285, 0, 0, 2),(@NPC + 10, 0, 47300, 0, 0, 2),(@NPC + 10, 0, 47302, 0, 0, 2),(@NPC + 10, 0, 47314, 0, 0, 2),(@NPC + 10, 0, 47322, 0, 0, 2),(@NPC + 10, 0, 47329, 0, 0, 2),(@NPC + 10, 0, 47416, 0, 0, 2),(@NPC + 10, 0, 47422, 0, 0, 2),(@NPC + 10, 0, 47427, 0, 0, 2),(@NPC + 10, 0, 47428, 0, 0, 2),(@NPC + 10, 0, 47446, 0, 0, 2),(@NPC + 10, 0, 47461, 0, 0, 2),(@NPC + 10, 0, 47463, 0, 0, 2),(@NPC + 10, 0, 47475, 0, 0, 2),(@NPC + 10, 0, 47483, 0, 0, 2),(@NPC + 10, 0, 47491, 0, 0, 2),(@NPC + 10, 0, 47493, 0, 0, 2),(@NPC + 10, 0, 47506, 0, 0, 2),(@NPC + 10, 0, 47513, 0, 0, 2),(@NPC + 10, 0, 47515, 0, 0, 2),(@NPC + 10, 0, 47516, 0, 0, 2),(@NPC + 10, 0, 47517, 0, 0, 2),(@NPC + 10, 0, 47518, 0, 0, 2),(@NPC + 10, 0, 47519, 0, 0, 2),(@NPC + 10, 0, 47520, 0, 0, 2),(@NPC + 10, 0, 47521, 0, 0, 2),(@NPC + 10, 0, 47523, 0, 0, 2),(@NPC + 10, 0, 47524, 0, 0, 2),(@NPC + 10, 0, 47525, 0, 0, 2),(@NPC + 10, 0, 47526, 0, 0, 2),(@NPC + 10, 0, 47528, 0, 0, 2),(@NPC + 10, 0, 47612, 0, 0, 2),(@NPC + 10, 0, 47676, 0, 0, 2),(@NPC + 10, 0, 47724, 0, 0, 2),(@NPC + 10, 0, 47736, 0, 0, 2),(@NPC + 10, 0, 47737, 0, 0, 2),(@NPC + 10, 0, 47740, 0, 0, 2),(@NPC + 10, 0, 47741, 0, 0, 2),(@NPC + 10, 0, 47743, 0, 0, 2),(@NPC + 10, 0, 47808, 0, 0, 2),(@NPC + 10, 0, 47809, 0, 0, 2),(@NPC + 10, 0, 47810, 0, 0, 2),(@NPC + 10, 0, 47814, 0, 0, 2),(@NPC + 10, 0, 47815, 0, 0, 2),(@NPC + 10, 0, 47816, 0, 0, 2),(@NPC + 10, 0, 47834, 0, 0, 2),(@NPC + 10, 0, 47856, 0, 0, 2),(@NPC + 10, 0, 47871, 0, 0, 2),(@NPC + 10, 0, 47874, 0, 0, 2),(@NPC + 10, 0, 47883, 0, 0, 2),(@NPC + 10, 0, 47884, 0, 0, 2),(@NPC + 10, 0, 47886, 0, 0, 2),(@NPC + 10, 0, 47892, 0, 0, 2),(@NPC + 10, 0, 47894, 0, 0, 2),(@NPC + 10, 0, 47898, 0, 0, 2),(@NPC + 10, 0, 47899, 0, 0, 2),(@NPC + 10, 0, 47900, 0, 0, 2),(@NPC + 10, 0, 47903, 0, 0, 2),(@NPC + 10, 0, 47905, 0, 0, 2),(@NPC + 10, 0, 47907, 0, 0, 2),(@NPC + 10, 0, 47911, 0, 0, 2),(@NPC + 10, 0, 47922, 0, 0, 2),(@NPC + 10, 0, 47938, 0, 0, 2),(@NPC + 10, 0, 47941, 0, 0, 2),(@NPC + 10, 0, 47950, 0, 0, 2),(@NPC + 10, 0, 47951, 0, 0, 2),(@NPC + 10, 0, 47953, 0, 0, 2),(@NPC + 10, 0, 47960, 0, 0, 2),(@NPC + 10, 0, 47962, 0, 0, 2),(@NPC + 10, 0, 47966, 0, 0, 2),(@NPC + 10, 0, 47967, 0, 0, 2),(@NPC + 10, 0, 47968, 0, 0, 2),(@NPC + 10, 0, 47971, 0, 0, 2),(@NPC + 10, 0, 47973, 0, 0, 2),(@NPC + 10, 0, 47975, 0, 0, 2),(@NPC + 10, 0, 47979, 0, 0, 2),(@NPC + 10, 0, 47995, 0, 0, 2),(@NPC + 10, 0, 48010, 0, 0, 2),(@NPC + 10, 0, 48013, 0, 0, 2),(@NPC + 10, 0, 48022, 0, 0, 2),(@NPC + 10, 0, 48023, 0, 0, 2),(@NPC + 10, 0, 48025, 0, 0, 2),(@NPC + 10, 0, 48036, 0, 0, 2),(@NPC + 10, 0, 48039, 0, 0, 2),(@NPC + 10, 0, 48043, 0, 0, 2),(@NPC + 10, 0, 48044, 0, 0, 2),(@NPC + 10, 0, 48045, 0, 0, 2),(@NPC + 10, 0, 48048, 0, 0, 2),(@NPC + 10, 0, 48050, 0, 0, 2),(@NPC + 10, 0, 48052, 0, 0, 2),(@NPC + 10, 0, 48056, 0, 0, 2),(@NPC + 10, 0, 48693, 0, 0, 2),(@NPC + 10, 0, 48695, 0, 0, 2),(@NPC + 10, 0, 48697, 0, 0, 2),(@NPC + 10, 0, 48699, 0, 0, 2),(@NPC + 10, 0, 48701, 0, 0, 2),(@NPC + 10, 0, 48703, 0, 0, 2),(@NPC + 10, 0, 48705, 0, 0, 2),(@NPC + 10, 0, 48708, 0, 0, 2),(@NPC + 10, 0, 48709, 0, 0, 2),(@NPC + 10, 0, 48710, 0, 0, 2),(@NPC + 10, 0, 48711, 0, 0, 2),(@NPC + 10, 0, 48712, 0, 0, 2),(@NPC + 10, 0, 48713, 0, 0, 2),(@NPC + 10, 0, 48714, 0, 0, 2);
DELETE FROM npc_vendor WHERE entry = @NPC + 11;
INSERT INTO npc_vendor VALUES (@NPC + 11, 0, 41852, 0, 0, 2),(@NPC + 11, 0, 41853, 0, 0, 2),(@NPC + 11, 0, 41854, 0, 0, 2),(@NPC + 11, 0, 41855, 0, 0, 2),(@NPC + 11, 0, 41857, 0, 0, 2),(@NPC + 11, 0, 41858, 0, 0, 2),(@NPC + 11, 0, 41859, 0, 0, 2),(@NPC + 11, 0, 41860, 0, 0, 2),(@NPC + 11, 0, 41862, 0, 0, 2),(@NPC + 11, 0, 41863, 0, 0, 2),(@NPC + 11, 0, 41864, 0, 0, 2),(@NPC + 11, 0, 41865, 0, 0, 2),(@NPC + 11, 0, 41867, 0, 0, 2),(@NPC + 11, 0, 41868, 0, 0, 2),(@NPC + 11, 0, 41869, 0, 0, 2),(@NPC + 11, 0, 41870, 0, 0, 2),(@NPC + 11, 0, 41872, 0, 0, 2),(@NPC + 11, 0, 41873, 0, 0, 2),(@NPC + 11, 0, 41874, 0, 0, 2),(@NPC + 11, 0, 41875, 0, 0, 2),(@NPC + 11, 0, 41877, 0, 0, 2),(@NPC + 11, 0, 41878, 0, 0, 2),(@NPC + 11, 0, 41879, 0, 0, 2),(@NPC + 11, 0, 41880, 0, 0, 2),(@NPC + 11, 0, 41881, 0, 0, 2),(@NPC + 11, 0, 41882, 0, 0, 2),(@NPC + 11, 0, 41884, 0, 0, 2),(@NPC + 11, 0, 41885, 0, 0, 2),(@NPC + 11, 0, 41886, 0, 0, 2),(@NPC + 11, 0, 41892, 0, 0, 2),(@NPC + 11, 0, 41893, 0, 0, 2),(@NPC + 11, 0, 41894, 0, 0, 2),(@NPC + 11, 0, 41896, 0, 0, 2),(@NPC + 11, 0, 41897, 0, 0, 2),(@NPC + 11, 0, 41898, 0, 0, 2),(@NPC + 11, 0, 41899, 0, 0, 2),(@NPC + 11, 0, 41901, 0, 0, 2),(@NPC + 11, 0, 41902, 0, 0, 2),(@NPC + 11, 0, 41903, 0, 0, 2),(@NPC + 11, 0, 41904, 0, 0, 2),(@NPC + 11, 0, 41907, 0, 0, 2),(@NPC + 11, 0, 41908, 0, 0, 2),(@NPC + 11, 0, 41909, 0, 0, 2),(@NPC + 11, 0, 41910, 0, 0, 2),(@NPC + 11, 0, 41913, 0, 0, 2),(@NPC + 11, 0, 41914, 0, 0, 2),(@NPC + 11, 0, 41915, 0, 0, 2),(@NPC + 11, 0, 41916, 0, 0, 2),(@NPC + 11, 0, 41919, 0, 0, 2),(@NPC + 11, 0, 41920, 0, 0, 2),(@NPC + 11, 0, 41921, 0, 0, 2),(@NPC + 11, 0, 41922, 0, 0, 2),(@NPC + 11, 0, 41925, 0, 0, 2),(@NPC + 11, 0, 41926, 0, 0, 2),(@NPC + 11, 0, 41927, 0, 0, 2),(@NPC + 11, 0, 41928, 0, 0, 2),(@NPC + 11, 0, 41931, 0, 0, 2),(@NPC + 11, 0, 41933, 0, 0, 2),(@NPC + 11, 0, 41934, 0, 0, 2),(@NPC + 11, 0, 41935, 0, 0, 2),(@NPC + 11, 0, 41938, 0, 0, 2),(@NPC + 11, 0, 41939, 0, 0, 2),(@NPC + 11, 0, 41940, 0, 0, 2),(@NPC + 11, 0, 41941, 0, 0, 2),(@NPC + 11, 0, 41944, 0, 0, 2),(@NPC + 11, 0, 41945, 0, 0, 2),(@NPC + 11, 0, 41946, 0, 0, 2),(@NPC + 11, 0, 41947, 0, 0, 2),(@NPC + 11, 0, 41950, 0, 0, 2),(@NPC + 11, 0, 41951, 0, 0, 2),(@NPC + 11, 0, 41953, 0, 0, 2),(@NPC + 11, 0, 41954, 0, 0, 2),(@NPC + 11, 0, 41957, 0, 0, 2),(@NPC + 11, 0, 41958, 0, 0, 2),(@NPC + 11, 0, 41959, 0, 0, 2),(@NPC + 11, 0, 41960, 0, 0, 2),(@NPC + 11, 0, 41963, 0, 0, 2),(@NPC + 11, 0, 41964, 0, 0, 2),(@NPC + 11, 0, 41965, 0, 0, 2),(@NPC + 11, 0, 41966, 0, 0, 2),(@NPC + 11, 0, 41969, 0, 0, 2),(@NPC + 11, 0, 41970, 0, 0, 2),(@NPC + 11, 0, 41971, 0, 0, 2),(@NPC + 11, 0, 41972, 0, 0, 2),(@NPC + 11, 0, 41991, 0, 0, 2),(@NPC + 11, 0, 41992, 0, 0, 2),(@NPC + 11, 0, 41993, 0, 0, 2),(@NPC + 11, 0, 41994, 0, 0, 2),(@NPC + 11, 0, 41997, 0, 0, 2),(@NPC + 11, 0, 41998, 0, 0, 2),(@NPC + 11, 0, 41999, 0, 0, 2),(@NPC + 11, 0, 42001, 0, 0, 2),(@NPC + 11, 0, 42003, 0, 0, 2),(@NPC + 11, 0, 42004, 0, 0, 2),(@NPC + 11, 0, 42005, 0, 0, 2),(@NPC + 11, 0, 42006, 0, 0, 2),(@NPC + 11, 0, 42009, 0, 0, 2),(@NPC + 11, 0, 42010, 0, 0, 2),(@NPC + 11, 0, 42011, 0, 0, 2),(@NPC + 11, 0, 42012, 0, 0, 2),(@NPC + 11, 0, 42015, 0, 0, 2),(@NPC + 11, 0, 42016, 0, 0, 2),(@NPC + 11, 0, 42017, 0, 0, 2),(@NPC + 11, 0, 42018, 0, 0, 2),(@NPC + 11, 0, 49179, 0, 0, 2),(@NPC + 11, 0, 49181, 0, 0, 2),(@NPC + 11, 0, 49183, 0, 0, 2);
DELETE FROM npc_vendor WHERE entry = @NPC + 19;
INSERT INTO npc_vendor VALUES (@NPC + 19, 0, 40896,0,0,2),(@NPC + 19, 0, 40897,0,0,2),(@NPC + 19, 0, 40899,0,0,2),(@NPC + 19, 0, 40900,0,0,2),(@NPC + 19, 0, 40901,0,0,2),(@NPC + 19, 0, 40902,0,0,2),(@NPC + 19, 0, 40903,0,0,2),(@NPC + 19, 0, 40906,0,0,2),(@NPC + 19, 0, 40908,0,0,2),(@NPC + 19, 0, 40909,0,0,2),(@NPC + 19, 0, 40912,0,0,2),(@NPC + 19, 0, 40913,0,0,2),(@NPC + 19, 0, 40914,0,0,2),(@NPC + 19, 0, 40915,0,0,2),(@NPC + 19, 0, 40916,0,0,2),(@NPC + 19, 0, 40919,0,0,2),(@NPC + 19, 0, 40920,0,0,2),(@NPC + 19, 0, 40921,0,0,2),(@NPC + 19, 0, 40922,0,0,2),(@NPC + 19, 0, 40923,0,0,2),(@NPC + 19, 0, 40924,0,0,2),(@NPC + 19, 0, 41092,0,0,2),(@NPC + 19, 0, 41094,0,0,2),(@NPC + 19, 0, 41095,0,0,2),(@NPC + 19, 0, 41096,0,0,2),(@NPC + 19, 0, 41097,0,0,2),(@NPC + 19, 0, 41098,0,0,2),(@NPC + 19, 0, 41099,0,0,2),(@NPC + 19, 0, 41100,0,0,2),(@NPC + 19, 0, 41101,0,0,2),(@NPC + 19, 0, 41102,0,0,2),(@NPC + 19, 0, 41103,0,0,2),(@NPC + 19, 0, 41104,0,0,2),(@NPC + 19, 0, 41105,0,0,2),(@NPC + 19, 0, 41106,0,0,2),(@NPC + 19, 0, 41107,0,0,2),(@NPC + 19, 0, 41108,0,0,2),(@NPC + 19, 0, 41109,0,0,2),(@NPC + 19, 0, 41110,0,0,2),(@NPC + 19, 0, 41517,0,0,2),(@NPC + 19, 0, 41518,0,0,2),(@NPC + 19, 0, 41524,0,0,2),(@NPC + 19, 0, 41526,0,0,2),(@NPC + 19, 0, 41527,0,0,2),(@NPC + 19, 0, 41529,0,0,2),(@NPC + 19, 0, 41530,0,0,2),(@NPC + 19, 0, 41531,0,0,2),(@NPC + 19, 0, 41532,0,0,2),(@NPC + 19, 0, 41533,0,0,2),(@NPC + 19, 0, 41534,0,0,2),(@NPC + 19, 0, 41535,0,0,2),(@NPC + 19, 0, 41536,0,0,2),(@NPC + 19, 0, 41537,0,0,2),(@NPC + 19, 0, 41538,0,0,2),(@NPC + 19, 0, 41539,0,0,2),(@NPC + 19, 0, 41540,0,0,2),(@NPC + 19, 0, 41541,0,0,2),(@NPC + 19, 0, 41542,0,0,2),(@NPC + 19, 0, 41547,0,0,2),(@NPC + 19, 0, 41552,0,0,2),(@NPC + 19, 0, 42396,0,0,2),(@NPC + 19, 0, 42397,0,0,2),(@NPC + 19, 0, 42398,0,0,2),(@NPC + 19, 0, 42399,0,0,2),(@NPC + 19, 0, 42400,0,0,2),(@NPC + 19, 0, 42401,0,0,2),(@NPC + 19, 0, 42402,0,0,2),(@NPC + 19, 0, 42403,0,0,2),(@NPC + 19, 0, 42404,0,0,2),(@NPC + 19, 0, 42405,0,0,2),(@NPC + 19, 0, 42406,0,0,2),(@NPC + 19, 0, 42407,0,0,2),(@NPC + 19, 0, 42408,0,0,2),(@NPC + 19, 0, 42409,0,0,2),(@NPC + 19, 0, 42410,0,0,2),(@NPC + 19, 0, 42411,0,0,2),(@NPC + 19, 0, 42412,0,0,2),(@NPC + 19, 0, 42414,0,0,2),(@NPC + 19, 0, 42415,0,0,2),(@NPC + 19, 0, 42416,0,0,2),(@NPC + 19, 0, 42417,0,0,2),(@NPC + 19, 0, 42453,0,0,2),(@NPC + 19, 0, 42454,0,0,2),(@NPC + 19, 0, 42455,0,0,2),(@NPC + 19, 0, 42456,0,0,2),(@NPC + 19, 0, 42457,0,0,2),(@NPC + 19, 0, 42458,0,0,2),(@NPC + 19, 0, 42459,0,0,2),(@NPC + 19, 0, 42460,0,0,2),(@NPC + 19, 0, 42461,0,0,2),(@NPC + 19, 0, 42462,0,0,2),(@NPC + 19, 0, 42463,0,0,2),(@NPC + 19, 0, 42464,0,0,2),(@NPC + 19, 0, 42465,0,0,2),(@NPC + 19, 0, 42466,0,0,2),(@NPC + 19, 0, 42467,0,0,2),(@NPC + 19, 0, 42468,0,0,2),(@NPC + 19, 0, 42469,0,0,2),(@NPC + 19, 0, 42470,0,0,2),(@NPC + 19, 0, 42471,0,0,2),(@NPC + 19, 0, 42472,0,0,2),(@NPC + 19, 0, 42473,0,0,2),(@NPC + 19, 0, 42734,0,0,2),(@NPC + 19, 0, 42735,0,0,2),(@NPC + 19, 0, 42736,0,0,2),(@NPC + 19, 0, 42737,0,0,2),(@NPC + 19, 0, 42738,0,0,2),(@NPC + 19, 0, 42739,0,0,2),(@NPC + 19, 0, 42740,0,0,2),(@NPC + 19, 0, 42741,0,0,2),(@NPC + 19, 0, 42742,0,0,2),(@NPC + 19, 0, 42743,0,0,2),(@NPC + 19, 0, 42744,0,0,2),(@NPC + 19, 0, 42745,0,0,2),(@NPC + 19, 0, 42746,0,0,2),(@NPC + 19, 0, 42747,0,0,2),(@NPC + 19, 0, 42748,0,0,2),(@NPC + 19, 0, 42749,0,0,2),(@NPC + 19, 0, 42750,0,0,2),(@NPC + 19, 0, 42751,0,0,2),(@NPC + 19, 0, 42752,0,0,2),(@NPC + 19, 0, 42753,0,0,2),(@NPC + 19, 0, 42754,0,0,2),(@NPC + 19, 0, 42897,0,0,2),(@NPC + 19, 0, 42898,0,0,2),(@NPC + 19, 0, 42899,0,0,2),(@NPC + 19, 0, 42900,0,0,2),(@NPC + 19, 0, 42901,0,0,2),(@NPC + 19, 0, 42902,0,0,2);
DELETE FROM npc_vendor WHERE entry = @NPC + 20;
INSERT INTO npc_vendor VALUES (@NPC + 20, 0, 42903,0,0,2),(@NPC + 20, 0, 42904,0,0,2),(@NPC + 20, 0, 42905,0,0,2),(@NPC + 20, 0, 42906,0,0,2),(@NPC + 20, 0, 42907,0,0,2),(@NPC + 20, 0, 42908,0,0,2),(@NPC + 20, 0, 42909,0,0,2),(@NPC + 20, 0, 42910,0,0,2),(@NPC + 20, 0, 42911,0,0,2),(@NPC + 20, 0, 42912,0,0,2),(@NPC + 20, 0, 42913,0,0,2),(@NPC + 20, 0, 42914,0,0,2),(@NPC + 20, 0, 42915,0,0,2),(@NPC + 20, 0, 42916,0,0,2),(@NPC + 20, 0, 42917,0,0,2),(@NPC + 20, 0, 42954,0,0,2),(@NPC + 20, 0, 42955,0,0,2),(@NPC + 20, 0, 42956,0,0,2),(@NPC + 20, 0, 42957,0,0,2),(@NPC + 20, 0, 42958,0,0,2),(@NPC + 20, 0, 42959,0,0,2),(@NPC + 20, 0, 42960,0,0,2),(@NPC + 20, 0, 42961,0,0,2),(@NPC + 20, 0, 42962,0,0,2),(@NPC + 20, 0, 42963,0,0,2),(@NPC + 20, 0, 42964,0,0,2),(@NPC + 20, 0, 42965,0,0,2),(@NPC + 20, 0, 42966,0,0,2),(@NPC + 20, 0, 42967,0,0,2),(@NPC + 20, 0, 42968,0,0,2),(@NPC + 20, 0, 42969,0,0,2),(@NPC + 20, 0, 42970,0,0,2),(@NPC + 20, 0, 42971,0,0,2),(@NPC + 20, 0, 42972,0,0,2),(@NPC + 20, 0, 42973,0,0,2),(@NPC + 20, 0, 42974,0,0,2),(@NPC + 20, 0, 43316,0,0,2),(@NPC + 20, 0, 43331,0,0,2),(@NPC + 20, 0, 43332,0,0,2),(@NPC + 20, 0, 43334,0,0,2),(@NPC + 20, 0, 43335,0,0,2),(@NPC + 20, 0, 43338,0,0,2),(@NPC + 20, 0, 43339,0,0,2),(@NPC + 20, 0, 43340,0,0,2),(@NPC + 20, 0, 43342,0,0,2),(@NPC + 20, 0, 43343,0,0,2),(@NPC + 20, 0, 43344,0,0,2),(@NPC + 20, 0, 43350,0,0,2),(@NPC + 20, 0, 43351,0,0,2),(@NPC + 20, 0, 43354,0,0,2),(@NPC + 20, 0, 43355,0,0,2),(@NPC + 20, 0, 43356,0,0,2),(@NPC + 20, 0, 43357,0,0,2),(@NPC + 20, 0, 43359,0,0,2),(@NPC + 20, 0, 43360,0,0,2),(@NPC + 20, 0, 43361,0,0,2),(@NPC + 20, 0, 43364,0,0,2),(@NPC + 20, 0, 43365,0,0,2),(@NPC + 20, 0, 43366,0,0,2),(@NPC + 20, 0, 43367,0,0,2),(@NPC + 20, 0, 43368,0,0,2),(@NPC + 20, 0, 43369,0,0,2),(@NPC + 20, 0, 43370,0,0,2),(@NPC + 20, 0, 43371,0,0,2),(@NPC + 20, 0, 43372,0,0,2),(@NPC + 20, 0, 43373,0,0,2),(@NPC + 20, 0, 43374,0,0,2),(@NPC + 20, 0, 43376,0,0,2),(@NPC + 20, 0, 43377,0,0,2),(@NPC + 20, 0, 43378,0,0,2),(@NPC + 20, 0, 43379,0,0,2),(@NPC + 20, 0, 43380,0,0,2),(@NPC + 20, 0, 43381,0,0,2),(@NPC + 20, 0, 43385,0,0,2),(@NPC + 20, 0, 43386,0,0,2),(@NPC + 20, 0, 43388,0,0,2),(@NPC + 20, 0, 43389,0,0,2),(@NPC + 20, 0, 43390,0,0,2),(@NPC + 20, 0, 43391,0,0,2),(@NPC + 20, 0, 43392,0,0,2),(@NPC + 20, 0, 43393,0,0,2),(@NPC + 20, 0, 43394,0,0,2),(@NPC + 20, 0, 43395,0,0,2),(@NPC + 20, 0, 43396,0,0,2),(@NPC + 20, 0, 43397,0,0,2),(@NPC + 20, 0, 43398,0,0,2),(@NPC + 20, 0, 43399,0,0,2),(@NPC + 20, 0, 43400,0,0,2),(@NPC + 20, 0, 43412,0,0,2),(@NPC + 20, 0, 43413,0,0,2),(@NPC + 20, 0, 43414,0,0,2),(@NPC + 20, 0, 43415,0,0,2),(@NPC + 20, 0, 43416,0,0,2),(@NPC + 20, 0, 43417,0,0,2),(@NPC + 20, 0, 43418,0,0,2),(@NPC + 20, 0, 43419,0,0,2),(@NPC + 20, 0, 43420,0,0,2),(@NPC + 20, 0, 43421,0,0,2),(@NPC + 20, 0, 43422,0,0,2),(@NPC + 20, 0, 43423,0,0,2),(@NPC + 20, 0, 43424,0,0,2),(@NPC + 20, 0, 43425,0,0,2),(@NPC + 20, 0, 43426,0,0,2),(@NPC + 20, 0, 43427,0,0,2),(@NPC + 20, 0, 43428,0,0,2),(@NPC + 20, 0, 43429,0,0,2),(@NPC + 20, 0, 43430,0,0,2),(@NPC + 20, 0, 43431,0,0,2),(@NPC + 20, 0, 43432,0,0,2),(@NPC + 20, 0, 43533,0,0,2),(@NPC + 20, 0, 43534,0,0,2),(@NPC + 20, 0, 43535,0,0,2),(@NPC + 20, 0, 43536,0,0,2),(@NPC + 20, 0, 43537,0,0,2),(@NPC + 20, 0, 43538,0,0,2),(@NPC + 20, 0, 43539,0,0,2),(@NPC + 20, 0, 43541,0,0,2),(@NPC + 20, 0, 43542,0,0,2),(@NPC + 20, 0, 43543,0,0,2),(@NPC + 20, 0, 43544,0,0,2),(@NPC + 20, 0, 43545,0,0,2),(@NPC + 20, 0, 43546,0,0,2),(@NPC + 20, 0, 43547,0,0,2),(@NPC + 20, 0, 43548,0,0,2),(@NPC + 20, 0, 43549,0,0,2),(@NPC + 20, 0, 43550,0,0,2),(@NPC + 20, 0, 43551,0,0,2),(@NPC + 20, 0, 43552,0,0,2),(@NPC + 20, 0, 43553,0,0,2),(@NPC + 20, 0, 43554,0,0,2);
DELETE FROM npc_vendor WHERE entry = @NPC + 21;
INSERT INTO npc_vendor VALUES (@NPC + 21, 0, 39558,0,0,2),(@NPC + 21, 0, 39560,0,0,2),(@NPC + 21, 0, 39561,0,0,2),(@NPC + 21, 0, 39564,0,0,2),(@NPC + 21, 0, 39565,0,0,2),(@NPC + 21, 0, 39582,0,0,2),(@NPC + 21, 0, 39578,0,0,2),(@NPC + 21, 0, 39580,0,0,2),(@NPC + 21, 0, 39581,0,0,2),(@NPC + 21, 0, 39579,0,0,2),(@NPC + 21, 0, 39606,0,0,2),(@NPC + 21, 0, 39605,0,0,2),(@NPC + 21, 0, 39607,0,0,2),(@NPC + 21, 0, 39609,0,0,2),(@NPC + 21, 0, 39608,0,0,2),(@NPC + 21, 0, 39611,0,0,2),(@NPC + 21, 0, 39610,0,0,2),(@NPC + 21, 0, 39622,0,0,2),(@NPC + 21, 0, 39612,0,0,2),(@NPC + 21, 0, 39613,0,0,2),(@NPC + 21, 0, 39557,0,0,2),(@NPC + 21, 0, 39553,0,0,2),(@NPC + 21, 0, 39555,0,0,2),(@NPC + 21, 0, 39554,0,0,2),(@NPC + 21, 0, 39556,0,0,2),(@NPC + 21, 0, 39545,0,0,2),(@NPC + 21, 0, 39544,0,0,2),(@NPC + 21, 0, 39548,0,0,2),(@NPC + 21, 0, 39546,0,0,2),(@NPC + 21, 0, 39547,0,0,2),(@NPC + 21, 0, 39543,0,0,2),(@NPC + 21, 0, 39531,0,0,2),(@NPC + 21, 0, 39539,0,0,2),(@NPC + 21, 0, 39542,0,0,2),(@NPC + 21, 0, 39538,0,0,2),(@NPC + 21, 0, 39597,0,0,2),(@NPC + 21, 0, 39602,0,0,2),(@NPC + 21, 0, 39601,0,0,2),(@NPC + 21, 0, 39604,0,0,2),(@NPC + 21, 0, 39603,0,0,2),(@NPC + 21, 0, 39593,0,0,2),(@NPC + 21, 0, 39592,0,0,2),(@NPC + 21, 0, 39594,0,0,2),(@NPC + 21, 0, 39595,0,0,2),(@NPC + 21, 0, 39596,0,0,2),(@NPC + 21, 0, 39591,0,0,2),(@NPC + 21, 0, 39583,0,0,2),(@NPC + 21, 0, 39589,0,0,2),(@NPC + 21, 0, 39590,0,0,2),(@NPC + 21, 0, 39588,0,0,2),(@NPC + 21, 0, 39491,0,0,2),(@NPC + 21, 0, 39495,0,0,2),(@NPC + 21, 0, 39493,0,0,2),(@NPC + 21, 0, 39492,0,0,2),(@NPC + 21, 0, 39494,0,0,2),(@NPC + 21, 0, 39521,0,0,2),(@NPC + 21, 0, 39530,0,0,2),(@NPC + 21, 0, 39529,0,0,2),(@NPC + 21, 0, 39528,0,0,2),(@NPC + 21, 0, 39523,0,0,2),(@NPC + 21, 0, 39496,0,0,2),(@NPC + 21, 0, 39500,0,0,2),(@NPC + 21, 0, 39498,0,0,2),(@NPC + 21, 0, 39497,0,0,2),(@NPC + 21, 0, 39499,0,0,2),(@NPC + 21, 0, 39633,0,0,2),(@NPC + 21, 0, 39634,0,0,2),(@NPC + 21, 0, 39635,0,0,2),(@NPC + 21, 0, 39636,0,0,2),(@NPC + 21, 0, 39637,0,0,2),(@NPC + 21, 0, 39638,0,0,2),(@NPC + 21, 0, 39640,0,0,2),(@NPC + 21, 0, 39639,0,0,2),(@NPC + 21, 0, 39641,0,0,2),(@NPC + 21, 0, 39642,0,0,2),(@NPC + 21, 0, 39632,0,0,2),(@NPC + 21, 0, 39630,0,0,2),(@NPC + 21, 0, 39628,0,0,2),(@NPC + 21, 0, 39631,0,0,2),(@NPC + 21, 0, 39629,0,0,2),(@NPC + 21, 0, 39514,0,0,2),(@NPC + 21, 0, 39519,0,0,2),(@NPC + 21, 0, 39517,0,0,2),(@NPC + 21, 0, 39515,0,0,2),(@NPC + 21, 0, 39518,0,0,2),(@NPC + 21, 0, 39617,0,0,2),(@NPC + 21, 0, 39618,0,0,2),(@NPC + 21, 0, 39619,0,0,2),(@NPC + 21, 0, 39620,0,0,2),(@NPC + 21, 0, 39621,0,0,2),(@NPC + 21, 0, 39623,0,0,2),(@NPC + 21, 0, 39625,0,0,2),(@NPC + 21, 0, 39624,0,0,2),(@NPC + 21, 0, 39626,0,0,2),(@NPC + 21, 0, 39627,0,0,2),(@NPC + 21, 0, 40495,0,0,2),(@NPC + 21, 0, 40496,0,0,2),(@NPC + 21, 0, 40499,0,0,2),(@NPC + 21, 0, 40500,0,0,2),(@NPC + 21, 0, 40502,0,0,2),(@NPC + 21, 0, 40504,0,0,2),(@NPC + 21, 0, 40505,0,0,2),(@NPC + 21, 0, 40506,0,0,2),(@NPC + 21, 0, 40507,0,0,2),(@NPC + 21, 0, 40503,0,0,2),(@NPC + 21, 0, 40525,0,0,2),(@NPC + 21, 0, 40528,0,0,2),(@NPC + 21, 0, 40529,0,0,2),(@NPC + 21, 0, 40527,0,0,2),(@NPC + 21, 0, 40530,0,0,2),(@NPC + 21, 0, 40544,0,0,2),(@NPC + 21, 0, 40546,0,0,2),(@NPC + 21, 0, 40545,0,0,2),(@NPC + 21, 0, 40547,0,0,2),(@NPC + 21, 0, 40548,0,0,2),(@NPC + 21, 0, 40472,0,0,2),(@NPC + 21, 0, 40473,0,0,2),(@NPC + 21, 0, 40493,0,0,2),(@NPC + 21, 0, 40471,0,0,2),(@NPC + 21, 0, 40494,0,0,2),(@NPC + 21, 0, 40467,0,0,2),(@NPC + 21, 0, 40466,0,0,2),(@NPC + 21, 0, 40470,0,0,2),(@NPC + 21, 0, 40468,0,0,2),(@NPC + 21, 0, 40469,0,0,2),(@NPC + 21, 0, 40460,0,0,2),(@NPC + 21, 0, 40461,0,0,2),(@NPC + 21, 0, 40462,0,0,2),(@NPC + 21, 0, 40465,0,0,2),(@NPC + 21, 0, 40463,0,0,2),(@NPC + 21, 0, 40523,0,0,2),(@NPC + 21, 0, 40521,0,0,2),(@NPC + 21, 0, 40520,0,0,2),(@NPC + 21, 0, 40524,0,0,2),(@NPC + 21, 0, 40522,0,0,2),(@NPC + 21, 0, 40515,0,0,2),(@NPC + 21, 0, 40514,0,0,2),(@NPC + 21, 0, 40516,0,0,2),(@NPC + 21, 0, 40517,0,0,2),(@NPC + 21, 0, 40518,0,0,2),(@NPC + 21, 0, 40509,0,0,2),(@NPC + 21, 0, 40510,0,0,2),(@NPC + 21, 0, 40512,0,0,2),(@NPC + 21, 0, 40513,0,0,2),(@NPC + 21, 0, 40508,0,0,2),(@NPC + 21, 0, 40416,0,0,2),(@NPC + 21, 0, 40415,0,0,2),(@NPC + 21, 0, 40417,0,0,2),(@NPC + 21, 0, 40418,0,0,2),(@NPC + 21, 0, 40419,0,0,2),(@NPC + 21, 0, 40456,0,0,2),(@NPC + 21, 0, 40454,0,0,2),(@NPC + 21, 0, 40459,0,0,2),(@NPC + 21, 0, 40457,0,0,2),(@NPC + 21, 0, 40458,0,0,2),(@NPC + 21, 0, 40421,0,0,2),(@NPC + 21, 0, 40420,0,0,2),(@NPC + 21, 0, 40422,0,0,2),(@NPC + 21, 0, 40423,0,0,2),(@NPC + 21, 0, 40424,0,0,2),(@NPC + 21, 0, 40574,0,0,2),(@NPC + 21, 0, 40575,0,0,2),(@NPC + 21, 0, 40576,0,0,2),(@NPC + 21, 0, 40577,0,0,2),(@NPC + 21, 0, 40578,0,0,2),(@NPC + 21, 0, 40579,0,0,2),(@NPC + 21, 0, 40581,0,0,2),(@NPC + 21, 0, 40580,0,0,2),(@NPC + 21, 0, 40583,0,0,2),(@NPC + 21, 0, 40584,0,0,2),(@NPC + 21, 0, 40570,0,0,2),(@NPC + 21, 0, 40572,0,0,2),(@NPC + 21, 0, 40571,0,0,2),(@NPC + 21, 0, 40573,0,0,2),(@NPC + 21, 0, 40569,0,0,2),(@NPC + 21, 0, 40447,0,0,2),(@NPC + 21, 0, 40445,0,0,2),(@NPC + 21, 0, 40448,0,0,2),(@NPC + 21, 0, 40449,0,0,2),(@NPC + 21, 0, 40450,0,0,2),(@NPC + 21, 0, 40550,0,0,2),(@NPC + 21, 0, 40552,0,0,2),(@NPC + 21, 0, 40554,0,0,2),(@NPC + 21, 0, 40556,0,0,2),(@NPC + 21, 0, 40557,0,0,2),(@NPC + 21, 0, 40559,0,0,2),(@NPC + 21, 0, 40565,0,0,2),(@NPC + 21, 0, 40563,0,0,2),(@NPC + 21, 0, 40567,0,0,2),(@NPC + 21, 0, 40568,0,0,2);
DELETE FROM npc_vendor WHERE entry = @NPC + 22;
INSERT INTO npc_vendor VALUES (@NPC + 22, 0, 46154,0,0,2),(@NPC + 22, 0, 46155,0,0,2),(@NPC + 22, 0, 46156,0,0,2),(@NPC + 22, 0, 46153,0,0,2),(@NPC + 22, 0, 46152,0,0,2),(@NPC + 22, 0, 46173,0,0,2),(@NPC + 22, 0, 46175,0,0,2),(@NPC + 22, 0, 46174,0,0,2),(@NPC + 22, 0, 46176,0,0,2),(@NPC + 22, 0, 46177,0,0,2),(@NPC + 22, 0, 46179,0,0,2),(@NPC + 22, 0, 46181,0,0,2),(@NPC + 22, 0, 46180,0,0,2),(@NPC + 22, 0, 46182,0,0,2),(@NPC + 22, 0, 46178,0,0,2),(@NPC + 22, 0, 46111,0,0,2),(@NPC + 22, 0, 46113,0,0,2),(@NPC + 22, 0, 46115,0,0,2),(@NPC + 22, 0, 46116,0,0,2),(@NPC + 22, 0, 46117,0,0,2),(@NPC + 22, 0, 46118,0,0,2),(@NPC + 22, 0, 46120,0,0,2),(@NPC + 22, 0, 46119,0,0,2),(@NPC + 22, 0, 46121,0,0,2),(@NPC + 22, 0, 46122,0,0,2),(@NPC + 22, 0, 46135,0,0,2),(@NPC + 22, 0, 46140,0,0,2),(@NPC + 22, 0, 46139,0,0,2),(@NPC + 22, 0, 46137,0,0,2),(@NPC + 22, 0, 46136,0,0,2),(@NPC + 22, 0, 46132,0,0,2),(@NPC + 22, 0, 46129,0,0,2),(@NPC + 22, 0, 46133,0,0,2),(@NPC + 22, 0, 46134,0,0,2),(@NPC + 22, 0, 46130,0,0,2),(@NPC + 22, 0, 46158,0,0,2),(@NPC + 22, 0, 46161,0,0,2),(@NPC + 22, 0, 46160,0,0,2),(@NPC + 22, 0, 46159,0,0,2),(@NPC + 22, 0, 46157,0,0,2),(@NPC + 22, 0, 46191,0,0,2),(@NPC + 22, 0, 46189,0,0,2),(@NPC + 22, 0, 46196,0,0,2),(@NPC + 22, 0, 46192,0,0,2),(@NPC + 22, 0, 46194,0,0,2),(@NPC + 22, 0, 46183,0,0,2),(@NPC + 22, 0, 46184,0,0,2),(@NPC + 22, 0, 46185,0,0,2),(@NPC + 22, 0, 46186,0,0,2),(@NPC + 22, 0, 46187,0,0,2),(@NPC + 22, 0, 46172,0,0,2),(@NPC + 22, 0, 46163,0,0,2),(@NPC + 22, 0, 46165,0,0,2),(@NPC + 22, 0, 46170,0,0,2),(@NPC + 22, 0, 46168,0,0,2),(@NPC + 22, 0, 46197,0,0,2),(@NPC + 22, 0, 46188,0,0,2),(@NPC + 22, 0, 46195,0,0,2),(@NPC + 22, 0, 46193,0,0,2),(@NPC + 22, 0, 46190,0,0,2),(@NPC + 22, 0, 46142,0,0,2),(@NPC + 22, 0, 46143,0,0,2),(@NPC + 22, 0, 46144,0,0,2),(@NPC + 22, 0, 46145,0,0,2),(@NPC + 22, 0, 46141,0,0,2),(@NPC + 22, 0, 46146,0,0,2),(@NPC + 22, 0, 46148,0,0,2),(@NPC + 22, 0, 46151,0,0,2),(@NPC + 22, 0, 46150,0,0,2),(@NPC + 22, 0, 46149,0,0,2),(@NPC + 22, 0, 46162,0,0,2),(@NPC + 22, 0, 46166,0,0,2),(@NPC + 22, 0, 46164,0,0,2),(@NPC + 22, 0, 46169,0,0,2),(@NPC + 22, 0, 46167,0,0,2),(@NPC + 22, 0, 46123,0,0,2),(@NPC + 22, 0, 46124,0,0,2),(@NPC + 22, 0, 46125,0,0,2),(@NPC + 22, 0, 46126,0,0,2),(@NPC + 22, 0, 46127,0,0,2),(@NPC + 22, 0, 46205,0,0,2),(@NPC + 22, 0, 46212,0,0,2),(@NPC + 22, 0, 46200,0,0,2),(@NPC + 22, 0, 46203,0,0,2),(@NPC + 22, 0, 46208,0,0,2),(@NPC + 22, 0, 46207,0,0,2),(@NPC + 22, 0, 46206,0,0,2),(@NPC + 22, 0, 46209,0,0,2),(@NPC + 22, 0, 46210,0,0,2),(@NPC + 22, 0, 46211,0,0,2),(@NPC + 22, 0, 46199,0,0,2),(@NPC + 22, 0, 46201,0,0,2),(@NPC + 22, 0, 46202,0,0,2),(@NPC + 22, 0, 46204,0,0,2),(@NPC + 22, 0, 46198,0,0,2),(@NPC + 22, 0, 45375,0,0,2),(@NPC + 22, 0, 45376,0,0,2),(@NPC + 22, 0, 45377,0,0,2),(@NPC + 22, 0, 45379,0,0,2),(@NPC + 22, 0, 45380,0,0,2),(@NPC + 22, 0, 45381,0,0,2),(@NPC + 22, 0, 45382,0,0,2),(@NPC + 22, 0, 45383,0,0,2),(@NPC + 22, 0, 45384,0,0,2),(@NPC + 22, 0, 45385,0,0,2),(@NPC + 22, 0, 45370,0,0,2),(@NPC + 22, 0, 45371,0,0,2),(@NPC + 22, 0, 45372,0,0,2),(@NPC + 22, 0, 45373,0,0,2),(@NPC + 22, 0, 45374,0,0,2),(@NPC + 22, 0, 45340,0,0,2),(@NPC + 22, 0, 45341,0,0,2),(@NPC + 22, 0, 45342,0,0,2),(@NPC + 22, 0, 45343,0,0,2),(@NPC + 22, 0, 45344,0,0,2),(@NPC + 22, 0, 45335,0,0,2),(@NPC + 22, 0, 45336,0,0,2),(@NPC + 22, 0, 45337,0,0,2),(@NPC + 22, 0, 45338,0,0,2),(@NPC + 22, 0, 45339,0,0,2),(@NPC + 22, 0, 46131,0,0,2),(@NPC + 22, 0, 45365,0,0,2),(@NPC + 22, 0, 45367,0,0,2),(@NPC + 22, 0, 45369,0,0,2),(@NPC + 22, 0, 45368,0,0,2),(@NPC + 22, 0, 45355,0,0,2),(@NPC + 22, 0, 45356,0,0,2),(@NPC + 22, 0, 45357,0,0,2),(@NPC + 22, 0, 45358,0,0,2),(@NPC + 22, 0, 45359,0,0,2),(@NPC + 22, 0, 46313,0,0,2),(@NPC + 22, 0, 45351,0,0,2),(@NPC + 22, 0, 45352,0,0,2),(@NPC + 22, 0, 45353,0,0,2),(@NPC + 22, 0, 45354,0,0,2),(@NPC + 22, 0, 45345,0,0,2),(@NPC + 22, 0, 45346,0,0,2),(@NPC + 22, 0, 45347,0,0,2),(@NPC + 22, 0, 45348,0,0,2),(@NPC + 22, 0, 45349,0,0,2),(@NPC + 22, 0, 45391,0,0,2),(@NPC + 22, 0, 45392,0,0,2),(@NPC + 22, 0, 45393,0,0,2),(@NPC + 22, 0, 45394,0,0,2),(@NPC + 22, 0, 45395,0,0,2),(@NPC + 22, 0, 45386,0,0,2),(@NPC + 22, 0, 45387,0,0,2),(@NPC + 22, 0, 45388,0,0,2),(@NPC + 22, 0, 45389,0,0,2),(@NPC + 22, 0, 45390,0,0,2),(@NPC + 22, 0, 45429,0,0,2),(@NPC + 22, 0, 45430,0,0,2),(@NPC + 22, 0, 45431,0,0,2),(@NPC + 22, 0, 45432,0,0,2),(@NPC + 22, 0, 45433,0,0,2),(@NPC + 22, 0, 45424,0,0,2),(@NPC + 22, 0, 45425,0,0,2),(@NPC + 22, 0, 45426,0,0,2),(@NPC + 22, 0, 45427,0,0,2),(@NPC + 22, 0, 45428,0,0,2),(@NPC + 22, 0, 45396,0,0,2),(@NPC + 22, 0, 45397,0,0,2),(@NPC + 22, 0, 45398,0,0,2),(@NPC + 22, 0, 45399,0,0,2),(@NPC + 22, 0, 45400,0,0,2),(@NPC + 22, 0, 45413,0,0,2),(@NPC + 22, 0, 45412,0,0,2),(@NPC + 22, 0, 45414,0,0,2),(@NPC + 22, 0, 45415,0,0,2),(@NPC + 22, 0, 45416,0,0,2),(@NPC + 22, 0, 45406,0,0,2),(@NPC + 22, 0, 45411,0,0,2),(@NPC + 22, 0, 45408,0,0,2),(@NPC + 22, 0, 45409,0,0,2),(@NPC + 22, 0, 45410,0,0,2),(@NPC + 22, 0, 45401,0,0,2),(@NPC + 22, 0, 45402,0,0,2),(@NPC + 22, 0, 45403,0,0,2),(@NPC + 22, 0, 45404,0,0,2),(@NPC + 22, 0, 45405,0,0,2);
DELETE FROM npc_vendor WHERE entry = @NPC + 23;
INSERT INTO npc_vendor VALUES (@NPC + 23, 0, 48243,0,0,2),(@NPC + 23, 0, 48244,0,0,2),(@NPC + 23, 0, 48245,0,0,2),(@NPC + 23, 0, 48246,0,0,2),(@NPC + 23, 0, 48247,0,0,2),(@NPC + 23, 0, 47802,0,0,2),(@NPC + 23, 0, 47801,0,0,2),(@NPC + 23, 0, 47800,0,0,2),(@NPC + 23, 0, 47799,0,0,2),(@NPC + 23, 0, 47798,0,0,2),(@NPC + 23, 0, 48386,0,0,2),(@NPC + 23, 0, 48387,0,0,2),(@NPC + 23, 0, 48388,0,0,2),(@NPC + 23, 0, 48389,0,0,2),(@NPC + 23, 0, 48390,0,0,2),(@NPC + 23, 0, 48456,0,0,2),(@NPC + 23, 0, 48458,0,0,2),(@NPC + 23, 0, 48457,0,0,2),(@NPC + 23, 0, 48459,0,0,2),(@NPC + 23, 0, 48460,0,0,2),(@NPC + 23, 0, 47783,0,0,2),(@NPC + 23, 0, 47784,0,0,2),(@NPC + 23, 0, 47785,0,0,2),(@NPC + 23, 0, 47786,0,0,2),(@NPC + 23, 0, 47787,0,0,2),(@NPC + 23, 0, 47752,0,0,2),(@NPC + 23, 0, 47748,0,0,2),(@NPC + 23, 0, 47750,0,0,2),(@NPC + 23, 0, 47749,0,0,2),(@NPC + 23, 0, 47751,0,0,2),(@NPC + 23, 0, 48501,0,0,2),(@NPC + 23, 0, 48502,0,0,2),(@NPC + 23, 0, 48503,0,0,2),(@NPC + 23, 0, 48504,0,0,2),(@NPC + 23, 0, 48505,0,0,2),(@NPC + 23, 0, 48558,0,0,2),(@NPC + 23, 0, 48560,0,0,2),(@NPC + 23, 0, 48559,0,0,2),(@NPC + 23, 0, 48561,0,0,2),(@NPC + 23, 0, 48562,0,0,2),(@NPC + 23, 0, 48631,0,0,2),(@NPC + 23, 0, 48630,0,0,2),(@NPC + 23, 0, 48629,0,0,2),(@NPC + 23, 0, 48628,0,0,2),(@NPC + 23, 0, 48627,0,0,2),(@NPC + 23, 0, 48598,0,0,2),(@NPC + 23, 0, 48596,0,0,2),(@NPC + 23, 0, 48597,0,0,2),(@NPC + 23, 0, 48595,0,0,2),(@NPC + 23, 0, 48599,0,0,2),(@NPC + 23, 0, 48652,0,0,2),(@NPC + 23, 0, 48654,0,0,2),(@NPC + 23, 0, 48653,0,0,2),(@NPC + 23, 0, 48655,0,0,2),(@NPC + 23, 0, 48656,0,0,2),(@NPC + 23, 0, 48213,0,0,2),(@NPC + 23, 0, 48214,0,0,2),(@NPC + 23, 0, 48215,0,0,2),(@NPC + 23, 0, 48216,0,0,2),(@NPC + 23, 0, 48217,0,0,2),(@NPC + 23, 0, 48132,0,0,2),(@NPC + 23, 0, 48102,0,0,2),(@NPC + 23, 0, 48130,0,0,2),(@NPC + 23, 0, 48129,0,0,2),(@NPC + 23, 0, 48131,0,0,2),(@NPC + 23, 0, 48158,0,0,2),(@NPC + 23, 0, 48162,0,0,2),(@NPC + 23, 0, 48161,0,0,2),(@NPC + 23, 0, 48160,0,0,2),(@NPC + 23, 0, 48159,0,0,2),(@NPC + 23, 0, 48341,0,0,2),(@NPC + 23, 0, 48343,0,0,2),(@NPC + 23, 0, 48342,0,0,2),(@NPC + 23, 0, 48345,0,0,2),(@NPC + 23, 0, 48344,0,0,2),(@NPC + 23, 0, 48284,0,0,2),(@NPC + 23, 0, 48280,0,0,2),(@NPC + 23, 0, 48282,0,0,2),(@NPC + 23, 0, 48283,0,0,2),(@NPC + 23, 0, 48281,0,0,2),(@NPC + 23, 0, 48312,0,0,2),(@NPC + 23, 0, 48310,0,0,2),(@NPC + 23, 0, 48313,0,0,2),(@NPC + 23, 0, 48314,0,0,2),(@NPC + 23, 0, 48315,0,0,2),(@NPC + 23, 0, 48192,0,0,2),(@NPC + 23, 0, 48188,0,0,2),(@NPC + 23, 0, 48190,0,0,2),(@NPC + 23, 0, 48189,0,0,2),(@NPC + 23, 0, 48191,0,0,2),(@NPC + 23, 0, 48153,0,0,2),(@NPC + 23, 0, 48154,0,0,2),(@NPC + 23, 0, 48155,0,0,2),(@NPC + 23, 0, 48156,0,0,2),(@NPC + 23, 0, 48157,0,0,2),(@NPC + 23, 0, 48184,0,0,2),(@NPC + 23, 0, 48183,0,0,2),(@NPC + 23, 0, 48187,0,0,2),(@NPC + 23, 0, 48185,0,0,2),(@NPC + 23, 0, 48186,0,0,2),(@NPC + 23, 0, 47773,0,0,2),(@NPC + 23, 0, 47774,0,0,2),(@NPC + 23, 0, 47775,0,0,2),(@NPC + 23, 0, 47776,0,0,2),(@NPC + 23, 0, 47777,0,0,2),(@NPC + 23, 0, 48474,0,0,2),(@NPC + 23, 0, 48480,0,0,2),(@NPC + 23, 0, 48472,0,0,2),(@NPC + 23, 0, 48476,0,0,2),(@NPC + 23, 0, 48478,0,0,2),(@NPC + 23, 0, 48531,0,0,2),(@NPC + 23, 0, 48529,0,0,2),(@NPC + 23, 0, 48537,0,0,2),(@NPC + 23, 0, 48533,0,0,2),(@NPC + 23, 0, 48535,0,0,2),(@NPC + 23, 0, 48370,0,0,2),(@NPC + 23, 0, 48369,0,0,2),(@NPC + 23, 0, 48368,0,0,2),(@NPC + 23, 0, 48367,0,0,2),(@NPC + 23, 0, 48366,0,0,2),(@NPC + 23, 0, 48296,0,0,2),(@NPC + 23, 0, 48297,0,0,2),(@NPC + 23, 0, 48298,0,0,2),(@NPC + 23, 0, 48299,0,0,2),(@NPC + 23, 0, 48295,0,0,2),(@NPC + 23, 0, 48337,0,0,2),(@NPC + 23, 0, 48336,0,0,2),(@NPC + 23, 0, 48338,0,0,2),(@NPC + 23, 0, 48339,0,0,2),(@NPC + 23, 0, 48340,0,0,2),(@NPC + 23, 0, 48602,0,0,2),(@NPC + 23, 0, 48603,0,0,2),(@NPC + 23, 0, 48604,0,0,2),(@NPC + 23, 0, 48605,0,0,2),(@NPC + 23, 0, 48606,0,0,2),(@NPC + 23, 0, 48574,0,0,2),(@NPC + 23, 0, 48568,0,0,2),(@NPC + 23, 0, 48564,0,0,2),(@NPC + 23, 0, 48572,0,0,2),(@NPC + 23, 0, 48566,0,0,2),(@NPC + 23, 0, 48632,0,0,2),(@NPC + 23, 0, 48634,0,0,2),(@NPC + 23, 0, 48633,0,0,2),(@NPC + 23, 0, 48635,0,0,2),(@NPC + 23, 0, 48636,0,0,2),(@NPC + 23, 0, 48219,0,0,2),(@NPC + 23, 0, 48222,0,0,2),(@NPC + 23, 0, 48218,0,0,2),(@NPC + 23, 0, 48220,0,0,2),(@NPC + 23, 0, 48221,0,0,2),(@NPC + 23, 0, 47914,0,0,2),(@NPC + 23, 0, 47982,0,0,2),(@NPC + 23, 0, 47980,0,0,2),(@NPC + 23, 0, 47936,0,0,2),(@NPC + 23, 0, 47981,0,0,2),(@NPC + 23, 0, 48073,0,0,2),(@NPC + 23, 0, 48072,0,0,2),(@NPC + 23, 0, 48076,0,0,2),(@NPC + 23, 0, 48074,0,0,2),(@NPC + 23, 0, 48075,0,0,2),(@NPC + 23, 0, 48254,0,0,2),(@NPC + 23, 0, 48250,0,0,2),(@NPC + 23, 0, 48252,0,0,2),(@NPC + 23, 0, 48253,0,0,2),(@NPC + 23, 0, 48251,0,0,2),(@NPC + 23, 0, 48276,0,0,2),(@NPC + 23, 0, 48277,0,0,2),(@NPC + 23, 0, 48278,0,0,2),(@NPC + 23, 0, 48279,0,0,2),(@NPC + 23, 0, 48275,0,0,2),(@NPC + 23, 0, 48372,0,0,2),(@NPC + 23, 0, 48375,0,0,2),(@NPC + 23, 0, 48371,0,0,2),(@NPC + 23, 0, 48373,0,0,2),(@NPC + 23, 0, 48374,0,0,2),(@NPC + 23, 0, 48436,0,0,2),(@NPC + 23, 0, 48429,0,0,2),(@NPC + 23, 0, 48449,0,0,2),(@NPC + 23, 0, 48445,0,0,2),(@NPC + 23, 0, 48448,0,0,2),(@NPC + 23, 0, 48068,0,0,2),(@NPC + 23, 0, 48067,0,0,2),(@NPC + 23, 0, 48069,0,0,2),(@NPC + 23, 0, 48070,0,0,2),(@NPC + 23, 0, 48071,0,0,2),(@NPC + 23, 0, 48098,0,0,2),(@NPC + 23, 0, 48097,0,0,2),(@NPC + 23, 0, 48101,0,0,2),(@NPC + 23, 0, 48099,0,0,2),(@NPC + 23, 0, 48100,0,0,2);
DELETE FROM npc_vendor WHERE entry = @NPC + 24;
INSERT INTO npc_vendor VALUES (@NPC + 24, 0, 48242,0,0,2),(@NPC + 24, 0, 48241,0,0,2),(@NPC + 24, 0, 48240,0,0,2),(@NPC + 24, 0, 48239,0,0,2),(@NPC + 24, 0, 48238,0,0,2),(@NPC + 24, 0, 47803,0,0,2),(@NPC + 24, 0, 47804,0,0,2),(@NPC + 24, 0, 47805,0,0,2),(@NPC + 24, 0, 47806,0,0,2),(@NPC + 24, 0, 47807,0,0,2),(@NPC + 24, 0, 48391,0,0,2),(@NPC + 24, 0, 48392,0,0,2),(@NPC + 24, 0, 48393,0,0,2),(@NPC + 24, 0, 48394,0,0,2),(@NPC + 24, 0, 48395,0,0,2),(@NPC + 24, 0, 48461,0,0,2),(@NPC + 24, 0, 48463,0,0,2),(@NPC + 24, 0, 48462,0,0,2),(@NPC + 24, 0, 48464,0,0,2),(@NPC + 24, 0, 48465,0,0,2),(@NPC + 24, 0, 47782,0,0,2),(@NPC + 24, 0, 47778,0,0,2),(@NPC + 24, 0, 47780,0,0,2),(@NPC + 24, 0, 47779,0,0,2),(@NPC + 24, 0, 47781,0,0,2),(@NPC + 24, 0, 47753,0,0,2),(@NPC + 24, 0, 47754,0,0,2),(@NPC + 24, 0, 47755,0,0,2),(@NPC + 24, 0, 47756,0,0,2),(@NPC + 24, 0, 47757,0,0,2),(@NPC + 24, 0, 48500,0,0,2),(@NPC + 24, 0, 48499,0,0,2),(@NPC + 24, 0, 48498,0,0,2),(@NPC + 24, 0, 48497,0,0,2),(@NPC + 24, 0, 48496,0,0,2),(@NPC + 24, 0, 48557,0,0,2),(@NPC + 24, 0, 48555,0,0,2),(@NPC + 24, 0, 48556,0,0,2),(@NPC + 24, 0, 48554,0,0,2),(@NPC + 24, 0, 48553,0,0,2),(@NPC + 24, 0, 48626,0,0,2),(@NPC + 24, 0, 48625,0,0,2),(@NPC + 24, 0, 48624,0,0,2),(@NPC + 24, 0, 48623,0,0,2),(@NPC + 24, 0, 48622,0,0,2),(@NPC + 24, 0, 48593,0,0,2),(@NPC + 24, 0, 48591,0,0,2),(@NPC + 24, 0, 48592,0,0,2),(@NPC + 24, 0, 48590,0,0,2),(@NPC + 24, 0, 48594,0,0,2),(@NPC + 24, 0, 48657,0,0,2),(@NPC + 24, 0, 48659,0,0,2),(@NPC + 24, 0, 48658,0,0,2),(@NPC + 24, 0, 48660,0,0,2),(@NPC + 24, 0, 48661,0,0,2),(@NPC + 24, 0, 48212,0,0,2),(@NPC + 24, 0, 48211,0,0,2),(@NPC + 24, 0, 48210,0,0,2),(@NPC + 24, 0, 48209,0,0,2),(@NPC + 24, 0, 48208,0,0,2),(@NPC + 24, 0, 48133,0,0,2),(@NPC + 24, 0, 48134,0,0,2),(@NPC + 24, 0, 48135,0,0,2),(@NPC + 24, 0, 48136,0,0,2),(@NPC + 24, 0, 48137,0,0,2),(@NPC + 24, 0, 48164,0,0,2),(@NPC + 24, 0, 48163,0,0,2),(@NPC + 24, 0, 48167,0,0,2),(@NPC + 24, 0, 48165,0,0,2),(@NPC + 24, 0, 48166,0,0,2),(@NPC + 24, 0, 48346,0,0,2),(@NPC + 24, 0, 48348,0,0,2),(@NPC + 24, 0, 48347,0,0,2),(@NPC + 24, 0, 48350,0,0,2),(@NPC + 24, 0, 48349,0,0,2),(@NPC + 24, 0, 48286,0,0,2),(@NPC + 24, 0, 48287,0,0,2),(@NPC + 24, 0, 48288,0,0,2),(@NPC + 24, 0, 48289,0,0,2),(@NPC + 24, 0, 48285,0,0,2),(@NPC + 24, 0, 48317,0,0,2),(@NPC + 24, 0, 48316,0,0,2),(@NPC + 24, 0, 48318,0,0,2),(@NPC + 24, 0, 48319,0,0,2),(@NPC + 24, 0, 48320,0,0,2),(@NPC + 24, 0, 48193,0,0,2),(@NPC + 24, 0, 48194,0,0,2),(@NPC + 24, 0, 48195,0,0,2),(@NPC + 24, 0, 48196,0,0,2),(@NPC + 24, 0, 48197,0,0,2),(@NPC + 24, 0, 48152,0,0,2),(@NPC + 24, 0, 48151,0,0,2),(@NPC + 24, 0, 48150,0,0,2),(@NPC + 24, 0, 48149,0,0,2),(@NPC + 24, 0, 48148,0,0,2),(@NPC + 24, 0, 48181,0,0,2),(@NPC + 24, 0, 48182,0,0,2),(@NPC + 24, 0, 48178,0,0,2),(@NPC + 24, 0, 48180,0,0,2),(@NPC + 24, 0, 48179,0,0,2),(@NPC + 24, 0, 47772,0,0,2),(@NPC + 24, 0, 47771,0,0,2),(@NPC + 24, 0, 47770,0,0,2),(@NPC + 24, 0, 47769,0,0,2),(@NPC + 24, 0, 47768,0,0,2),(@NPC + 24, 0, 48481,0,0,2),(@NPC + 24, 0, 48482,0,0,2),(@NPC + 24, 0, 48483,0,0,2),(@NPC + 24, 0, 48484,0,0,2),(@NPC + 24, 0, 48485,0,0,2),(@NPC + 24, 0, 48538,0,0,2),(@NPC + 24, 0, 48540,0,0,2),(@NPC + 24, 0, 48539,0,0,2),(@NPC + 24, 0, 48541,0,0,2),(@NPC + 24, 0, 48542,0,0,2),(@NPC + 24, 0, 48361,0,0,2),(@NPC + 24, 0, 48362,0,0,2),(@NPC + 24, 0, 48363,0,0,2),(@NPC + 24, 0, 48364,0,0,2),(@NPC + 24, 0, 48365,0,0,2),(@NPC + 24, 0, 48301,0,0,2),(@NPC + 24, 0, 48302,0,0,2),(@NPC + 24, 0, 48303,0,0,2),(@NPC + 24, 0, 48304,0,0,2),(@NPC + 24, 0, 48300,0,0,2),(@NPC + 24, 0, 48334,0,0,2),(@NPC + 24, 0, 48335,0,0,2),(@NPC + 24, 0, 48333,0,0,2),(@NPC + 24, 0, 48332,0,0,2),(@NPC + 24, 0, 48331,0,0,2),(@NPC + 24, 0, 48607,0,0,2),(@NPC + 24, 0, 48608,0,0,2),(@NPC + 24, 0, 48609,0,0,2),(@NPC + 24, 0, 48610,0,0,2),(@NPC + 24, 0, 48611,0,0,2),(@NPC + 24, 0, 48576,0,0,2),(@NPC + 24, 0, 48578,0,0,2),(@NPC + 24, 0, 48577,0,0,2),(@NPC + 24, 0, 48579,0,0,2),(@NPC + 24, 0, 48575,0,0,2),(@NPC + 24, 0, 48641,0,0,2),(@NPC + 24, 0, 48639,0,0,2),(@NPC + 24, 0, 48640,0,0,2),(@NPC + 24, 0, 48638,0,0,2),(@NPC + 24, 0, 48637,0,0,2),(@NPC + 24, 0, 48223,0,0,2),(@NPC + 24, 0, 48224,0,0,2),(@NPC + 24, 0, 48225,0,0,2),(@NPC + 24, 0, 48226,0,0,2),(@NPC + 24, 0, 48227,0,0,2),(@NPC + 24, 0, 47984,0,0,2),(@NPC + 24, 0, 47983,0,0,2),(@NPC + 24, 0, 47985,0,0,2),(@NPC + 24, 0, 47986,0,0,2),(@NPC + 24, 0, 47987,0,0,2),(@NPC + 24, 0, 48078,0,0,2),(@NPC + 24, 0, 48077,0,0,2),(@NPC + 24, 0, 48081,0,0,2),(@NPC + 24, 0, 48079,0,0,2),(@NPC + 24, 0, 48080,0,0,2),(@NPC + 24, 0, 48256,0,0,2),(@NPC + 24, 0, 48257,0,0,2),(@NPC + 24, 0, 48258,0,0,2),(@NPC + 24, 0, 48259,0,0,2),(@NPC + 24, 0, 48255,0,0,2),(@NPC + 24, 0, 48273,0,0,2),(@NPC + 24, 0, 48272,0,0,2),(@NPC + 24, 0, 48271,0,0,2),(@NPC + 24, 0, 48270,0,0,2),(@NPC + 24, 0, 48274,0,0,2),(@NPC + 24, 0, 48376,0,0,2),(@NPC + 24, 0, 48377,0,0,2),(@NPC + 24, 0, 48378,0,0,2),(@NPC + 24, 0, 48379,0,0,2),(@NPC + 24, 0, 48380,0,0,2),(@NPC + 24, 0, 48450,0,0,2),(@NPC + 24, 0, 48430,0,0,2),(@NPC + 24, 0, 48452,0,0,2),(@NPC + 24, 0, 48446,0,0,2),(@NPC + 24, 0, 48454,0,0,2),(@NPC + 24, 0, 48065,0,0,2),(@NPC + 24, 0, 48066,0,0,2),(@NPC + 24, 0, 48064,0,0,2),(@NPC + 24, 0, 48063,0,0,2),(@NPC + 24, 0, 48062,0,0,2),(@NPC + 24, 0, 48095,0,0,2),(@NPC + 24, 0, 48096,0,0,2),(@NPC + 24, 0, 48092,0,0,2),(@NPC + 24, 0, 48094,0,0,2),(@NPC + 24, 0, 48093,0,0,2);
DELETE FROM npc_vendor WHERE entry = @NPC + 25;
INSERT INTO npc_vendor VALUES (@NPC + 25, 0, 48233,0,0,2),(@NPC + 25, 0, 48234,0,0,2),(@NPC + 25, 0, 48235,0,0,2),(@NPC + 25, 0, 48236,0,0,2),(@NPC + 25, 0, 48237,0,0,2),(@NPC + 25, 0, 47797,0,0,2),(@NPC + 25, 0, 47796,0,0,2),(@NPC + 25, 0, 47795,0,0,2),(@NPC + 25, 0, 47794,0,0,2),(@NPC + 25, 0, 47793,0,0,2),(@NPC + 25, 0, 48396,0,0,2),(@NPC + 25, 0, 48397,0,0,2),(@NPC + 25, 0, 48398,0,0,2),(@NPC + 25, 0, 48399,0,0,2),(@NPC + 25, 0, 48400,0,0,2),(@NPC + 25, 0, 48466,0,0,2),(@NPC + 25, 0, 48468,0,0,2),(@NPC + 25, 0, 48467,0,0,2),(@NPC + 25, 0, 48469,0,0,2),(@NPC + 25, 0, 48470,0,0,2),(@NPC + 25, 0, 47788,0,0,2),(@NPC + 25, 0, 47789,0,0,2),(@NPC + 25, 0, 47790,0,0,2),(@NPC + 25, 0, 47791,0,0,2),(@NPC + 25, 0, 47792,0,0,2),(@NPC + 25, 0, 47762,0,0,2),(@NPC + 25, 0, 47761,0,0,2),(@NPC + 25, 0, 47760,0,0,2),(@NPC + 25, 0, 47759,0,0,2),(@NPC + 25, 0, 47758,0,0,2),(@NPC + 25, 0, 48491,0,0,2),(@NPC + 25, 0, 48492,0,0,2),(@NPC + 25, 0, 48493,0,0,2),(@NPC + 25, 0, 48494,0,0,2),(@NPC + 25, 0, 48495,0,0,2),(@NPC + 25, 0, 48548,0,0,2),(@NPC + 25, 0, 48550,0,0,2),(@NPC + 25, 0, 48549,0,0,2),(@NPC + 25, 0, 48551,0,0,2),(@NPC + 25, 0, 48552,0,0,2),(@NPC + 25, 0, 48617,0,0,2),(@NPC + 25, 0, 48618,0,0,2),(@NPC + 25, 0, 48619,0,0,2),(@NPC + 25, 0, 48620,0,0,2),(@NPC + 25, 0, 48621,0,0,2),(@NPC + 25, 0, 48588,0,0,2),(@NPC + 25, 0, 48586,0,0,2),(@NPC + 25, 0, 48587,0,0,2),(@NPC + 25, 0, 48585,0,0,2),(@NPC + 25, 0, 48589,0,0,2),(@NPC + 25, 0, 48651,0,0,2),(@NPC + 25, 0, 48649,0,0,2),(@NPC + 25, 0, 48650,0,0,2),(@NPC + 25, 0, 48648,0,0,2),(@NPC + 25, 0, 48647,0,0,2),(@NPC + 25, 0, 48203,0,0,2),(@NPC + 25, 0, 48204,0,0,2),(@NPC + 25, 0, 48205,0,0,2),(@NPC + 25, 0, 48206,0,0,2),(@NPC + 25, 0, 48207,0,0,2),(@NPC + 25, 0, 48142,0,0,2),(@NPC + 25, 0, 48141,0,0,2),(@NPC + 25, 0, 48140,0,0,2),(@NPC + 25, 0, 48139,0,0,2),(@NPC + 25, 0, 48138,0,0,2),(@NPC + 25, 0, 48171,0,0,2),(@NPC + 25, 0, 48172,0,0,2),(@NPC + 25, 0, 48168,0,0,2),(@NPC + 25, 0, 48170,0,0,2),(@NPC + 25, 0, 48169,0,0,2),(@NPC + 25, 0, 48355,0,0,2),(@NPC + 25, 0, 48353,0,0,2),(@NPC + 25, 0, 48354,0,0,2),(@NPC + 25, 0, 48351,0,0,2),(@NPC + 25, 0, 48352,0,0,2),(@NPC + 25, 0, 48293,0,0,2),(@NPC + 25, 0, 48292,0,0,2),(@NPC + 25, 0, 48291,0,0,2),(@NPC + 25, 0, 48290,0,0,2),(@NPC + 25, 0, 48294,0,0,2),(@NPC + 25, 0, 48324,0,0,2),(@NPC + 25, 0, 48325,0,0,2),(@NPC + 25, 0, 48323,0,0,2),(@NPC + 25, 0, 48322,0,0,2),(@NPC + 25, 0, 48321,0,0,2),(@NPC + 25, 0, 48202,0,0,2),(@NPC + 25, 0, 48201,0,0,2),(@NPC + 25, 0, 48200,0,0,2),(@NPC + 25, 0, 48199,0,0,2),(@NPC + 25, 0, 48198,0,0,2),(@NPC + 25, 0, 48143,0,0,2),(@NPC + 25, 0, 48144,0,0,2),(@NPC + 25, 0, 48145,0,0,2),(@NPC + 25, 0, 48146,0,0,2),(@NPC + 25, 0, 48147,0,0,2),(@NPC + 25, 0, 48174,0,0,2),(@NPC + 25, 0, 48173,0,0,2),(@NPC + 25, 0, 48177,0,0,2),(@NPC + 25, 0, 48175,0,0,2),(@NPC + 25, 0, 48176,0,0,2),(@NPC + 25, 0, 47763,0,0,2),(@NPC + 25, 0, 47764,0,0,2),(@NPC + 25, 0, 47765,0,0,2),(@NPC + 25, 0, 47766,0,0,2),(@NPC + 25, 0, 47767,0,0,2),(@NPC + 25, 0, 48490,0,0,2),(@NPC + 25, 0, 48489,0,0,2),(@NPC + 25, 0, 48488,0,0,2),(@NPC + 25, 0, 48487,0,0,2),(@NPC + 25, 0, 48486,0,0,2),(@NPC + 25, 0, 48547,0,0,2),(@NPC + 25, 0, 48545,0,0,2),(@NPC + 25, 0, 48546,0,0,2),(@NPC + 25, 0, 48544,0,0,2),(@NPC + 25, 0, 48543,0,0,2),(@NPC + 25, 0, 48360,0,0,2),(@NPC + 25, 0, 48359,0,0,2),(@NPC + 25, 0, 48358,0,0,2),(@NPC + 25, 0, 48357,0,0,2),(@NPC + 25, 0, 48356,0,0,2),(@NPC + 25, 0, 48306,0,0,2),(@NPC + 25, 0, 48307,0,0,2),(@NPC + 25, 0, 48308,0,0,2),(@NPC + 25, 0, 48309,0,0,2),(@NPC + 25, 0, 48305,0,0,2),(@NPC + 25, 0, 48327,0,0,2),(@NPC + 25, 0, 48326,0,0,2),(@NPC + 25, 0, 48328,0,0,2),(@NPC + 25, 0, 48329,0,0,2),(@NPC + 25, 0, 48330,0,0,2),(@NPC + 25, 0, 48616,0,0,2),(@NPC + 25, 0, 48615,0,0,2),(@NPC + 25, 0, 48614,0,0,2),(@NPC + 25, 0, 48613,0,0,2),(@NPC + 25, 0, 48612,0,0,2),(@NPC + 25, 0, 48583,0,0,2),(@NPC + 25, 0, 48581,0,0,2),(@NPC + 25, 0, 48582,0,0,2),(@NPC + 25, 0, 48580,0,0,2),(@NPC + 25, 0, 48584,0,0,2),(@NPC + 25, 0, 48642,0,0,2),(@NPC + 25, 0, 48644,0,0,2),(@NPC + 25, 0, 48643,0,0,2),(@NPC + 25, 0, 48645,0,0,2),(@NPC + 25, 0, 48646,0,0,2),(@NPC + 25, 0, 48232,0,0,2),(@NPC + 25, 0, 48231,0,0,2),(@NPC + 25, 0, 48230,0,0,2),(@NPC + 25, 0, 48229,0,0,2),(@NPC + 25, 0, 48228,0,0,2),(@NPC + 25, 0, 48035,0,0,2),(@NPC + 25, 0, 48037,0,0,2),(@NPC + 25, 0, 48033,0,0,2),(@NPC + 25, 0, 48031,0,0,2),(@NPC + 25, 0, 48029,0,0,2),(@NPC + 25, 0, 48085,0,0,2),(@NPC + 25, 0, 48086,0,0,2),(@NPC + 25, 0, 48082,0,0,2),(@NPC + 25, 0, 48084,0,0,2),(@NPC + 25, 0, 48083,0,0,2),(@NPC + 25, 0, 48263,0,0,2),(@NPC + 25, 0, 48262,0,0,2),(@NPC + 25, 0, 48261,0,0,2),(@NPC + 25, 0, 48260,0,0,2),(@NPC + 25, 0, 48264,0,0,2),(@NPC + 25, 0, 48266,0,0,2),(@NPC + 25, 0, 48267,0,0,2),(@NPC + 25, 0, 48268,0,0,2),(@NPC + 25, 0, 48269,0,0,2),(@NPC + 25, 0, 48265,0,0,2),(@NPC + 25, 0, 48385,0,0,2),(@NPC + 25, 0, 48384,0,0,2),(@NPC + 25, 0, 48383,0,0,2),(@NPC + 25, 0, 48382,0,0,2),(@NPC + 25, 0, 48381,0,0,2),(@NPC + 25, 0, 48451,0,0,2),(@NPC + 25, 0, 48433,0,0,2),(@NPC + 25, 0, 48453,0,0,2),(@NPC + 25, 0, 48447,0,0,2),(@NPC + 25, 0, 48455,0,0,2),(@NPC + 25, 0, 48058,0,0,2),(@NPC + 25, 0, 48057,0,0,2),(@NPC + 25, 0, 48059,0,0,2),(@NPC + 25, 0, 48060,0,0,2),(@NPC + 25, 0, 48061,0,0,2),(@NPC + 25, 0, 48088,0,0,2),(@NPC + 25, 0, 48087,0,0,2),(@NPC + 25, 0, 48091,0,0,2),(@NPC + 25, 0, 48089,0,0,2),(@NPC + 25, 0, 48090,0,0,2);
DELETE FROM npc_vendor WHERE entry = @NPC + 26;
INSERT INTO npc_vendor VALUES (@NPC + 26, 0, 42943,0,0,2),(@NPC + 26, 0, 42944,0,0,2),(@NPC + 26, 0, 42945,0,0,2),(@NPC + 26, 0, 42946,0,0,2),(@NPC + 26, 0, 42947,0,0,2),(@NPC + 26, 0, 42948,0,0,2),(@NPC + 26, 0, 44091,0,0,2),(@NPC + 26, 0, 44092,0,0,2),(@NPC + 26, 0, 44093,0,0,2),(@NPC + 26, 0, 44094,0,0,2),(@NPC + 26, 0, 44095,0,0,2),(@NPC + 26, 0, 44096,0,0,2),(@NPC + 26, 0, 48716,0,0,2),(@NPC + 26, 0, 48718,0,0,2),(@NPC + 26, 0, 38691,0,0,2),(@NPC + 26, 0, 42949,0,0,2),(@NPC + 26, 0, 42950,0,0,2),(@NPC + 26, 0, 42951,0,0,2),(@NPC + 26, 0, 42952,0,0,2),(@NPC + 26, 0, 42984,0,0,2),(@NPC + 26, 0, 42985,0,0,2),(@NPC + 26, 0, 42991,0,0,2),(@NPC + 26, 0, 42992,0,0,2),(@NPC + 26, 0, 44097,0,0,2),(@NPC + 26, 0, 44098,0,0,2),(@NPC + 26, 0, 44099,0,0,2),(@NPC + 26, 0, 44100,0,0,2),(@NPC + 26, 0, 44101,0,0,2),(@NPC + 26, 0, 44102,0,0,2),(@NPC + 26, 0, 44103,0,0,2),(@NPC + 26, 0, 44105,0,0,2),(@NPC + 26, 0, 44107,0,0,2),(@NPC + 26, 0, 48685,0,0,2),(@NPC + 26, 0, 48691,0,0,2),(@NPC + 26, 0, 48677,0,0,2),(@NPC + 26, 0, 48687,0,0,2),(@NPC + 26, 0, 48689,0,0,2),(@NPC + 26, 0, 48683,0,0,2),(@NPC + 26, 0, 50255,0,0,2),(@NPC + 26, 0, 44090,0,0,2);
DELETE FROM npc_vendor WHERE entry = @NPC + 27;
INSERT INTO npc_vendor VALUES (@NPC + 27, 0, 43671,0,0,2),(@NPC + 27, 0, 43672,0,0,2),(@NPC + 27, 0, 43673,0,0,2),(@NPC + 27, 0, 43674,0,0,2),(@NPC + 27, 0, 43725,0,0,2),(@NPC + 27, 0, 43825,0,0,2),(@NPC + 27, 0, 43826,0,0,2),(@NPC + 27, 0, 43827,0,0,2),(@NPC + 27, 0, 43867,0,0,2),(@NPC + 27, 0, 43868,0,0,2),(@NPC + 27, 0, 43869,0,0,2),(@NPC + 27, 0, 44684,0,0,2),(@NPC + 27, 0, 44955,0,0,2),(@NPC + 27, 0, 44928,0,0,2),(@NPC + 27, 0, 44923,0,0,2),(@NPC + 27, 0, 44922,0,0,2),(@NPC + 27, 0, 44920,0,0,2),(@NPC + 27, 0, 45601,0,0,2),(@NPC + 27, 0, 45602,0,0,2),(@NPC + 27, 0, 45603,0,0,2),(@NPC + 27, 0, 45604,0,0,2),(@NPC + 27, 0, 45622,0,0,2),(@NPC + 27, 0, 45623,0,0,2),(@NPC + 27, 0, 45625,0,0,2),(@NPC + 27, 0, 45731,0,0,2),(@NPC + 27, 0, 45732,0,0,2),(@NPC + 27, 0, 45733,0,0,2),(@NPC + 27, 0, 45734,0,0,2),(@NPC + 27, 0, 45735,0,0,2),(@NPC + 27, 0, 45736,0,0,2),(@NPC + 27, 0, 45737,0,0,2),(@NPC + 27, 0, 45738,0,0,2),(@NPC + 27, 0, 45739,0,0,2),(@NPC + 27, 0, 45740,0,0,2),(@NPC + 27, 0, 45741,0,0,2),(@NPC + 27, 0, 45742,0,0,2),(@NPC + 27, 0, 45743,0,0,2),(@NPC + 27, 0, 45744,0,0,2),(@NPC + 27, 0, 45745,0,0,2),(@NPC + 27, 0, 45746,0,0,2),(@NPC + 27, 0, 45747,0,0,2),(@NPC + 27, 0, 45753,0,0,2),(@NPC + 27, 0, 45755,0,0,2),(@NPC + 27, 0, 45756,0,0,2),(@NPC + 27, 0, 45757,0,0,2),(@NPC + 27, 0, 45758,0,0,2),(@NPC + 27, 0, 45760,0,0,2),(@NPC + 27, 0, 45761,0,0,2),(@NPC + 27, 0, 45762,0,0,2),(@NPC + 27, 0, 45764,0,0,2),(@NPC + 27, 0, 45766,0,0,2),(@NPC + 27, 0, 45767,0,0,2),(@NPC + 27, 0, 45768,0,0,2),(@NPC + 27, 0, 45769,0,0,2),(@NPC + 27, 0, 45770,0,0,2),(@NPC + 27, 0, 45771,0,0,2),(@NPC + 27, 0, 45772,0,0,2),(@NPC + 27, 0, 45775,0,0,2),(@NPC + 27, 0, 45776,0,0,2),(@NPC + 27, 0, 45777,0,0,2),(@NPC + 27, 0, 45778,0,0,2),(@NPC + 27, 0, 45779,0,0,2),(@NPC + 27, 0, 45780,0,0,2),(@NPC + 27, 0, 45781,0,0,2),(@NPC + 27, 0, 45782,0,0,2),(@NPC + 27, 0, 45783,0,0,2),(@NPC + 27, 0, 45785,0,0,2),(@NPC + 27, 0, 45789,0,0,2),(@NPC + 27, 0, 45790,0,0,2),(@NPC + 27, 0, 45792,0,0,2),(@NPC + 27, 0, 45793,0,0,2),(@NPC + 27, 0, 45794,0,0,2),(@NPC + 27, 0, 45795,0,0,2),(@NPC + 27, 0, 45797,0,0,2),(@NPC + 27, 0, 45799,0,0,2),(@NPC + 27, 0, 45800,0,0,2),(@NPC + 27, 0, 45803,0,0,2),(@NPC + 27, 0, 45804,0,0,2),(@NPC + 27, 0, 45805,0,0,2),(@NPC + 27, 0, 45806,0,0,2),(@NPC + 27, 0, 46372,0,0,2),(@NPC + 27, 0, 49084,0,0,2),(@NPC + 27, 0, 48720,0,0,2),(@NPC + 27, 0, 50045,0,0,2),(@NPC + 27, 0, 50125,0,0,2),(@NPC + 27, 0, 50077,0,0,2),(@NPC + 27, 0, 37301,0,0,2),(@NPC + 27, 0, 40484,0,0,2),(@NPC + 27, 0, 40948,0,0,2),(@NPC + 27, 0, 43336,0,0,2),(@NPC + 27, 0, 43362,0,0,2),(@NPC + 27, 0, 44432,0,0,2),(@NPC + 27, 0, 45908,0,0,2),(@NPC + 27, 0, 43337,0,0,2),(@NPC + 27, 0, 43384,0,0,2);


UPDATE npc_vendor SET ExtendedCost = 2 WHERE entry IN (31580, 31579, 35494, 33964);
UPDATE creature_template SET faction = 35 WHERE entry IN (31580, 31579, 35494, 33964);

SET @GUID := (SELECT MAX(guid) FROM creature) + 100;
DELETE FROM creature WHERE id BETWEEN @NPC AND @NPC + 27;
DELETE FROM creature WHERE id BETWEEN @NPC + 50 AND @NPC + 51;
INSERT INTO `creature` (`guid`, `id`, `map`, `position_x`, `position_y`, `position_z`, `orientation`) VALUES 
(@GUID, @NPC, 1, 16234.13, 16273.34, 14.24, 5.30),
(@GUID + 1, @NPC + 1, 1, 16236.69, 16275.47, 14.75, 5.31),
(@GUID + 2, @NPC + 2, 1, 16239.31, 16277.91, 14.81, 5.41),
(@GUID + 3, @NPC + 3, 1, 16242.36, 16279.04, 14.50, 4.77),
(@GUID + 4, @NPC + 4, 1, 16246.74, 16279.38, 14.01, 4.67),
(@GUID + 5, @NPC + 5, 1, 16214.80, 16253.65, 13.66, 0.47),
(@GUID + 6, @NPC + 6, 1, 16214.63, 16250.09, 13.37, 6.15),
(@GUID + 7, @NPC + 7, 1, 16214.56, 16264.90, 13.73, 0.02),
(@GUID + 8, @NPC + 8, 1, 16214.40, 16260.97, 14.07, 0.07),
(@GUID + 9, @NPC + 9, 1, 16214.55, 16257.00, 14.09, 0.09),
(@GUID + 10, @NPC + 10, 1, 16250.12, 16279.86, 13.86, 4.38),
(@GUID + 11,26324,1,16251.3,16263.2,16.7209,1.67206),
(@GUID + 12,26325,1,16249.3,16263,16.6273,1.67206),
(@GUID + 13,26326,1,16247.3,16262.8,16.476,1.67206),
(@GUID + 14,26327,1,16245.4,16262.6,16.2902,1.67206),
(@GUID + 15,26328,1,16243.4,16262.4,15.9379,1.67206),
(@GUID + 16,26329,1,16241.4,16262.2,15.5471,1.67206),
(@GUID + 17,26330,1,16239.4,16262,15.0803,1.67206),
(@GUID + 18,26331,1,16237.4,16261.8,14.5784,1.67206),
(@GUID + 19,26332,1,16235.4,16261.6,14.1869,1.67206),
(@GUID + 20,33251,1,16253.3,16263.4,16.7209,1.67206),
(@GUID + 21,@NPC + 11,1,16235.56,16274.47,14.56,5.26),
(@GUID + 22,@NPC + 12,1,16238.07,16276.80,14.87,5.40),
(@GUID + 23,@NPC + 13,1,16240.88,16278.45,14.66,5.02),
(@GUID + 24,@NPC + 14,1,16244.58,16279.33,14.23,4.82),
(@GUID + 25,@NPC + 15,1,16252.82,16280.46,14.26,4.92),
(@GUID + 26,@NPC + 16,1,16214.16,16247.98,12.61,5.87),
(@GUID + 27,@NPC + 17,1,16215.17,16252.04,13.06,5.99),
(@GUID + 28,@NPC + 51,1,16223.33,16242.88,11.17,1.58),
(@GUID + 29,@NPC + 50,571,5804.65,620.70,647.93,1.63),
(@GUID + 30,@NPC + 18,1,16214.72, 16255.05, 13.92, 0.05),
(@GUID + 31,@NPC + 19,1,16255.36, 16280.94, 14.81, 4.85),
(@GUID + 32,@NPC + 20,1,16258.38,16281.44,15.10,4.87),
(@GUID + 33, 31579, 1, 16261.54, 16277.95, 15.19, 3.22),
(@GUID + 34, 31580, 1, 16261.72, 16275.96, 15.19, 3.22),
(@GUID + 35, 33964, 1, 16261.89, 16273.97, 15.19, 3.22),
(@GUID + 36, 35494, 1, 16262.05, 16272.00, 15.84, 3.22),
(@GUID + 37, @NPC + 21, 1, 16229.06, 16247.20, 12.64, 2.95),
(@GUID + 38, @NPC + 22, 1, 16229.45, 16249.16, 12.64, 2.9),
(@GUID + 39, @NPC + 23, 1, 16229.84, 16251.12, 12.64, 2.94),
(@GUID + 40, @NPC + 24, 1, 16230.20, 16253.05, 13.25, 2.94),
(@GUID + 41, @NPC + 25, 1, 16230.60, 16254.95, 13.49, 2.94),
(@GUID + 42, 31146, 1, 16272.31, 16243.64, 26.77, 3.36),
(@GUID + 43, 31146, 1, 16270.55, 16251.45, 23.20, 3.36),
(@GUID + 44, @NPC + 26, 1, 16262.15, 16270.00, 16.19, 3.22),
(@GUID + 45, @NPC + 27, 1, 16256.98, 16281.00, 14.98, 4.93);


SET @GUID := (SELECT MAX(guid) FROM gameobject) + 100;
INSERT INTO `gameobject` VALUES
(@GUID, 202079, 1, 1, 1, 16223.52, 16270.75, 13.0, 4.59, 0, 0, 0, 0, 600, 0, 1, 0);

UPDATE playercreateinfo SET map = 1, zone = 876, position_x = 16226.20, position_y = 16257.90, position_z = 13.20, orientation = 1.65;

INSERT INTO `npc_trainer` (`entry`, `spell`, `spellcost`, `reqskill`, `reqskillvalue`, `reqlevel`) VALUES
/* Defensive stance ID: 71 Level: 10 */
(913, 71, 0, 0, 0, 10),
(914, 71, 0, 0, 0, 10),
(1229, 71, 0, 0, 0, 10),
(1901, 71, 0, 0, 0, 10),
(2131, 71, 0, 0, 0, 10),
(3041, 71, 0, 0, 0, 10),
(3042, 71, 0, 0, 0, 10),
(3043, 71, 0, 0, 0, 10),
(3063, 71, 0, 0, 0, 10),
(3169, 71, 0, 0, 0, 10),
(3353, 71, 0, 0, 0, 10),
(3354, 71, 0, 0, 0, 10),
(3408, 71, 0, 0, 0, 10),
(3598, 71, 0, 0, 0, 10),
(4087, 71, 0, 0, 0, 10),
(4089, 71, 0, 0, 0, 10),
(4593, 71, 0, 0, 0, 10),
(4594, 71, 0, 0, 0, 10),
(4595, 71, 0, 0, 0, 10),
(5113, 71, 0, 0, 0, 10),
(5114, 71, 0, 0, 0, 10),
(5479, 71, 0, 0, 0, 10),
(5480, 71, 0, 0, 0, 10),
(7315, 71, 0, 0, 0, 10),
(16771, 71, 0, 0, 0, 10),
(17120, 71, 0, 0, 0, 10),
(17480, 71, 0, 0, 0, 10),
(17504, 71, 0, 0, 0, 10),
(26332, 71, 0, 0, 0, 10),
/* Sunder Armor ID: 7386 Level: 10 */
(913, 7386, 0, 0, 0, 10),
(914, 7386, 0, 0, 0, 10),
(1229, 7386, 0, 0, 0, 10),
(1901, 7386, 0, 0, 0, 10),
(2131, 7386, 0, 0, 0, 10),
(3041, 7386, 0, 0, 0, 10),
(3042, 7386, 0, 0, 0, 10),
(3043, 7386, 0, 0, 0, 10),
(3063, 7386, 0, 0, 0, 10),
(3169, 7386, 0, 0, 0, 10),
(3353, 7386, 0, 0, 0, 10),
(3354, 7386, 0, 0, 0, 10),
(3408, 7386, 0, 0, 0, 10),
(3598, 7386, 0, 0, 0, 10),
(4087, 7386, 0, 0, 0, 10),
(4089, 7386, 0, 0, 0, 10),
(4593, 7386, 0, 0, 0, 10),
(4594, 7386, 0, 0, 0, 10),
(4595, 7386, 0, 0, 0, 10),
(5113, 7386, 0, 0, 0, 10),
(5114, 7386, 0, 0, 0, 10),
(5479, 7386, 0, 0, 0, 10),
(5480, 7386, 0, 0, 0, 10),
(7315, 7386, 0, 0, 0, 10),
(16771, 7386, 0, 0, 0, 10),
(17120, 7386, 0, 0, 0, 10),
(17480, 7386, 0, 0, 0, 10),
(17504, 7386, 0, 0, 0, 10),
(26332, 7386, 0, 0, 0, 10),
/* Taunt ID: 355 Level: 10 */
(913, 355, 0, 0, 0, 10),
(914, 355, 0, 0, 0, 10),
(1229, 355, 0, 0, 0, 10),
(1901, 355, 0, 0, 0, 10),
(2131, 355, 0, 0, 0, 10),
(3041, 355, 0, 0, 0, 10),
(3042, 355, 0, 0, 0, 10),
(3043, 355, 0, 0, 0, 10),
(3063, 355, 0, 0, 0, 10),
(3169, 355, 0, 0, 0, 10),
(3353, 355, 0, 0, 0, 10),
(3354, 355, 0, 0, 0, 10),
(3408, 355, 0, 0, 0, 10),
(3598, 355, 0, 0, 0, 10),
(4087, 355, 0, 0, 0, 10),
(4089, 355, 0, 0, 0, 10),
(4593, 355, 0, 0, 0, 10),
(4594, 355, 0, 0, 0, 10),
(4595, 355, 0, 0, 0, 10),
(5113, 355, 0, 0, 0, 10),
(5114, 355, 0, 0, 0, 10),
(5479, 355, 0, 0, 0, 10),
(5480, 355, 0, 0, 0, 10),
(7315, 355, 0, 0, 0, 10),
(16771, 355, 0, 0, 0, 10),
(17120, 355, 0, 0, 0, 10),
(17480, 355, 0, 0, 0, 10),
(17504, 355, 0, 0, 0, 10),
(26332, 355, 0, 0, 0, 10),
/* Berserker Stance ID: 2458 Level: 30 */
(913, 2458, 0, 0, 0, 30),
(914, 2458, 0, 0, 0, 30),
(1229, 2458, 0, 0, 0, 30),
(1901, 2458, 0, 0, 0, 30),
(2131, 2458, 0, 0, 0, 30),
(3041, 2458, 0, 0, 0, 30),
(3042, 2458, 0, 0, 0, 30),
(3043, 2458, 0, 0, 0, 30),
(3063, 2458, 0, 0, 0, 30),
(3169, 2458, 0, 0, 0, 30),
(3353, 2458, 0, 0, 0, 30),
(3354, 2458, 0, 0, 0, 30),
(3408, 2458, 0, 0, 0, 30),
(3598, 2458, 0, 0, 0, 30),
(4087, 2458, 0, 0, 0, 30),
(4089, 2458, 0, 0, 0, 30),
(4593, 2458, 0, 0, 0, 30),
(4594, 2458, 0, 0, 0, 30),
(4595, 2458, 0, 0, 0, 30),
(5113, 2458, 0, 0, 0, 30),
(5114, 2458, 0, 0, 0, 30),
(5479, 2458, 0, 0, 0, 30),
(5480, 2458, 0, 0, 0, 30),
(7315, 2458, 0, 0, 0, 30),
(16771, 2458, 0, 0, 0, 30),
(17120, 2458, 0, 0, 0, 30),
(17480, 2458, 0, 0, 0, 30),
(17504, 2458, 0, 0, 0, 30),
(26332, 2458, 0, 0, 0, 30),
/* Intercept ID: 20252 Level: 30 */
(913, 20252, 0, 0, 0, 30),
(914, 20252, 0, 0, 0, 30),
(1229, 20252, 0, 0, 0, 30),
(1901, 20252, 0, 0, 0, 30),
(2131, 20252, 0, 0, 0, 30),
(3041, 20252, 0, 0, 0, 30),
(3042, 20252, 0, 0, 0, 30),
(3043, 20252, 0, 0, 0, 30),
(3063, 20252, 0, 0, 0, 30),
(3169, 20252, 0, 0, 0, 30),
(3353, 20252, 0, 0, 0, 30),
(3354, 20252, 0, 0, 0, 30),
(3408, 20252, 0, 0, 0, 30),
(3598, 20252, 0, 0, 0, 30),
(4087, 20252, 0, 0, 0, 30),
(4089, 20252, 0, 0, 0, 30),
(4593, 20252, 0, 0, 0, 30),
(4594, 20252, 0, 0, 0, 30),
(4595, 20252, 0, 0, 0, 30),
(5113, 20252, 0, 0, 0, 30),
(5114, 20252, 0, 0, 0, 30),
(5479, 20252, 0, 0, 0, 30),
(5480, 20252, 0, 0, 0, 30),
(7315, 20252, 0, 0, 0, 30),
(16771, 20252, 0, 0, 0, 30),
(17120, 20252, 0, 0, 0, 30),
(17480, 20252, 0, 0, 0, 30),
(17504, 20252, 0, 0, 0, 30),
(26332, 20252, 0, 0, 0, 30),
/* Warlock */
/* Summon IMP ID: 688 Level: 5? */
(459, 688, 0, 0, 0, 5),
(460, 688, 0, 0, 0, 5),
(461, 688, 0, 0, 0, 5),
(906, 688, 0, 0, 0, 5),
(988, 688, 0, 0, 0, 5),
(2126, 688, 0, 0, 0, 5),
(2127, 688, 0, 0, 0, 5),
(3156, 688, 0, 0, 0, 5),
(3172, 688, 0, 0, 0, 5),
(3324, 688, 0, 0, 0, 5),
(3325, 688, 0, 0, 0, 5),
(3326, 688, 0, 0, 0, 5),
(4563, 688, 0, 0, 0, 5),
(4564, 688, 0, 0, 0, 5),
(4565, 688, 0, 0, 0, 5),
(5171, 688, 0, 0, 0, 5),
(5172, 688, 0, 0, 0, 5),
(5173, 688, 0, 0, 0, 5),
(5495, 688, 0, 0, 0, 5),
(5496, 688, 0, 0, 0, 5),
(5612, 688, 0, 0, 0, 5),
(15283, 688, 0, 0, 0, 5),
(16266, 688, 0, 0, 0, 5),
(16646, 688, 0, 0, 0, 5),
(16647, 688, 0, 0, 0, 5),
(16648, 688, 0, 0, 0, 5),
(23534, 688, 0, 0, 0, 5),
(26331, 688, 0, 0, 0, 5),
/* Summon Voidwalker ID: 697 Level: 10 */
(459, 697, 0, 0, 0, 10),
(460, 697, 0, 0, 0, 10),
(461, 697, 0, 0, 0, 10),
(906, 697, 0, 0, 0, 10),
(988, 697, 0, 0, 0, 10),
(2126, 697, 0, 0, 0, 10),
(2127, 697, 0, 0, 0, 10),
(3156, 697, 0, 0, 0, 10),
(3172, 697, 0, 0, 0, 10),
(3324, 697, 0, 0, 0, 10),
(3325, 697, 0, 0, 0, 10),
(3326, 697, 0, 0, 0, 10),
(4563, 697, 0, 0, 0, 10),
(4564, 697, 0, 0, 0, 10),
(4565, 697, 0, 0, 0, 10),
(5171, 697, 0, 0, 0, 10),
(5172, 697, 0, 0, 0, 10),
(5173, 697, 0, 0, 0, 10),
(5495, 697, 0, 0, 0, 10),
(5496, 697, 0, 0, 0, 10),
(5612, 697, 0, 0, 0, 10),
(15283, 697, 0, 0, 0, 10),
(16266, 697, 0, 0, 0, 10),
(16646, 697, 0, 0, 0, 10),
(16647, 697, 0, 0, 0, 10),
(16648, 697, 0, 0, 0, 10),
(23534, 697, 0, 0, 0, 10),
(26331, 697, 0, 0, 0, 10),
/* Summon Succubus ID: 712 Level: 20 */
(459, 712, 0, 0, 0, 10),
(460, 712, 0, 0, 0, 10),
(461, 712, 0, 0, 0, 10),
(906, 712, 0, 0, 0, 10),
(988, 712, 0, 0, 0, 10),
(2126, 712, 0, 0, 0, 10),
(2127, 712, 0, 0, 0, 10),
(3156, 712, 0, 0, 0, 10),
(3172, 712, 0, 0, 0, 10),
(3324, 712, 0, 0, 0, 10),
(3325, 712, 0, 0, 0, 10),
(3326, 712, 0, 0, 0, 10),
(4563, 712, 0, 0, 0, 10),
(4564, 712, 0, 0, 0, 10),
(4565, 712, 0, 0, 0, 10),
(5171, 712, 0, 0, 0, 10),
(5172, 712, 0, 0, 0, 10),
(5173, 712, 0, 0, 0, 10),
(5495, 712, 0, 0, 0, 10),
(5496, 712, 0, 0, 0, 10),
(5612, 712, 0, 0, 0, 10),
(15283, 712, 0, 0, 0, 10),
(16266, 712, 0, 0, 0, 10),
(16646, 712, 0, 0, 0, 10),
(16647, 712, 0, 0, 0, 10),
(16648, 712, 0, 0, 0, 10),
(23534, 712, 0, 0, 0, 10),
(26331, 712, 0, 0, 0, 10),
/* Summon Felhunter ID: 691 Level: 30 */
(459, 691, 0, 0, 0, 30),
(460, 691, 0, 0, 0, 30),
(461, 691, 0, 0, 0, 30),
(906, 691, 0, 0, 0, 30),
(988, 691, 0, 0, 0, 30),
(2126, 691, 0, 0, 0, 30),
(2127, 691, 0, 0, 0, 30),
(3156, 691, 0, 0, 0, 30),
(3172, 691, 0, 0, 0, 30),
(3324, 691, 0, 0, 0, 30),
(3325, 691, 0, 0, 0, 30),
(3326, 691, 0, 0, 0, 30),
(4563, 691, 0, 0, 0, 30),
(4564, 691, 0, 0, 0, 30),
(4565, 691, 0, 0, 0, 30),
(5171, 691, 0, 0, 0, 30),
(5172, 691, 0, 0, 0, 30),
(5173, 691, 0, 0, 0, 30),
(5495, 691, 0, 0, 0, 30),
(5496, 691, 0, 0, 0, 30),
(5612, 691, 0, 0, 0, 30),
(15283, 691, 0, 0, 0, 30),
(16266, 691, 0, 0, 0, 30),
(16646, 691, 0, 0, 0, 30),
(16647, 691, 0, 0, 0, 30),
(16648, 691, 0, 0, 0, 30),
(23534, 691, 0, 0, 0, 30),
(26331, 691, 0, 0, 0, 30),
/* Summon Dreadsteed ID: 23161 Level: 60 */
(459, 23161, 0, 0, 0, 60),
(460, 23161, 0, 0, 0, 60),
(461, 23161, 0, 0, 0, 60),
(906, 23161, 0, 0, 0, 60),
(988, 23161, 0, 0, 0, 60),
(2126, 23161, 0, 0, 0, 60),
(2127, 23161, 0, 0, 0, 60),
(3156, 23161, 0, 0, 0, 60),
(3172, 23161, 0, 0, 0, 60),
(3324, 23161, 0, 0, 0, 60),
(3325, 23161, 0, 0, 0, 60),
(3326, 23161, 0, 0, 0, 60),
(4563, 23161, 0, 0, 0, 60),
(4564, 23161, 0, 0, 0, 60),
(4565, 23161, 0, 0, 0, 60),
(5171, 23161, 0, 0, 0, 60),
(5172, 23161, 0, 0, 0, 60),
(5173, 23161, 0, 0, 0, 60),
(5495, 23161, 0, 0, 0, 60),
(5496, 23161, 0, 0, 0, 60),
(5612, 23161, 0, 0, 0, 60),
(15283, 23161, 0, 0, 0, 60),
(16266, 23161, 0, 0, 0, 60),
(16646, 23161, 0, 0, 0, 60),
(16647, 23161, 0, 0, 0, 60),
(16648, 23161, 0, 0, 0, 60),
(23534, 23161, 0, 0, 0, 60),
(26331, 23161, 0, 0, 0, 60),
/* Paladin */
/* Summon Charger Alliance ID: 23214 Level: 60 */
(927, 23214, 0, 0, 0, 60),
(928, 23214, 0, 0, 0, 60),
(1232, 23214, 0, 0, 0, 60),
(5147, 23214, 0, 0, 0, 60),
(5148, 23214, 0, 0, 0, 60),
(5149, 23214, 0, 0, 0, 60),
(5491, 23214, 0, 0, 0, 60),
(5492, 23214, 0, 0, 0, 60),
(8140, 23214, 0, 0, 0, 60),
(16761, 23214, 0, 0, 0, 60),
(17121, 23214, 0, 0, 0, 60),
(17509, 23214, 0, 0, 0, 60),
(17844, 23214, 0, 0, 0, 60),
/* Summon Charger Horde ID: Level: 60 */
(16275, 34767, 0, 0, 0, 60),
(16679, 34767, 0, 0, 0, 60),
(16680, 34767, 0, 0, 0, 60),
(16681, 34767, 0, 0, 0, 60),
(20406, 34767, 0, 0, 0, 60),
(23128, 34767, 0, 0, 0, 60),
/* Redemption ID: 7328 Level: 10 */
(925, 7328, 0, 0, 0, 10),
(926, 7328, 0, 0, 0, 10),
(927, 7328, 0, 0, 0, 10),
(928, 7328, 0, 0, 0, 10),
(1232, 7328, 0, 0, 0, 10),
(5147, 7328, 0, 0, 0, 10),
(5148, 7328, 0, 0, 0, 10),
(5149, 7328, 0, 0, 0, 10),
(5491, 7328, 0, 0, 0, 10),
(5492, 7328, 0, 0, 0, 10),
(8140, 7328, 0, 0, 0, 10),
(15280, 7328, 0, 0, 0, 10),
(16275, 7328, 0, 0, 0, 10),
(16501, 7328, 0, 0, 0, 10),
(16679, 7328, 0, 0, 0, 10),
(16680, 7328, 0, 0, 0, 10),
(16681, 7328, 0, 0, 0, 10),
(16761, 7328, 0, 0, 0, 10),
(17121, 7328, 0, 0, 0, 10),
(17483, 7328, 0, 0, 0, 10),
(17509, 7328, 0, 0, 0, 10),
(17844, 7328, 0, 0, 0, 10),
(20406, 7328, 0, 0, 0, 10),
(23128, 7328, 0, 0, 0, 10),
(26327, 7328, 0, 0, 0, 10),
/* Seal of Vengeance/Corruption */
(23128, 53736, 0, 0, 0, 10),
(26327, 31801, 0, 0, 0, 10),
/* Hunter */
/* Call Pet ID: 883 Level: 10 */
(987, 883, 0, 0, 0, 10),
(1231, 883, 0, 0, 0, 10),
(1404, 883, 0, 0, 0, 10),
(3038, 883, 0, 0, 0, 10),
(3039, 883, 0, 0, 0, 10),
(3040, 883, 0, 0, 0, 10),
(3065, 883, 0, 0, 0, 10),
(3171, 883, 0, 0, 0, 10),
(3352, 883, 0, 0, 0, 10),
(3406, 883, 0, 0, 0, 10),
(3407, 883, 0, 0, 0, 10),
(3601, 883, 0, 0, 0, 10),
(3963, 883, 0, 0, 0, 10),
(4138, 883, 0, 0, 0, 10),
(4146, 883, 0, 0, 0, 10),
(4205, 883, 0, 0, 0, 10),
(5115, 883, 0, 0, 0, 10),
(5116, 883, 0, 0, 0, 10),
(5117, 883, 0, 0, 0, 10),
(5501, 883, 0, 0, 0, 10),
(5515, 883, 0, 0, 0, 10),
(5516, 883, 0, 0, 0, 10),
(5517, 883, 0, 0, 0, 10),
(10930, 883, 0, 0, 0, 10),
(16270, 883, 0, 0, 0, 10),
(16672, 883, 0, 0, 0, 10),
(16673, 883, 0, 0, 0, 10),
(16674, 883, 0, 0, 0, 10),
(16738, 883, 0, 0, 0, 10),
(17110, 883, 0, 0, 0, 10),
(17122, 883, 0, 0, 0, 10),
(17505, 883, 0, 0, 0, 10),
(26325, 883, 0, 0, 0, 10),
/* Tame Beast ID: 1515 Level: 10 */
(987, 1515, 0, 0, 0, 10),
(1231, 1515, 0, 0, 0, 10),
(1404, 1515, 0, 0, 0, 10),
(3038, 1515, 0, 0, 0, 10),
(3039, 1515, 0, 0, 0, 10),
(3040, 1515, 0, 0, 0, 10),
(3065, 1515, 0, 0, 0, 10),
(3171, 1515, 0, 0, 0, 10),
(3352, 1515, 0, 0, 0, 10),
(3406, 1515, 0, 0, 0, 10),
(3407, 1515, 0, 0, 0, 10),
(3601, 1515, 0, 0, 0, 10),
(3963, 1515, 0, 0, 0, 10),
(4138, 1515, 0, 0, 0, 10),
(4146, 1515, 0, 0, 0, 10),
(4205, 1515, 0, 0, 0, 10),
(5115, 1515, 0, 0, 0, 10),
(5116, 1515, 0, 0, 0, 10),
(5117, 1515, 0, 0, 0, 10),
(5501, 1515, 0, 0, 0, 10),
(5515, 1515, 0, 0, 0, 10),
(5516, 1515, 0, 0, 0, 10),
(5517, 1515, 0, 0, 0, 10),
(10930, 1515, 0, 0, 0, 10),
(16270, 1515, 0, 0, 0, 10),
(16672, 1515, 0, 0, 0, 10),
(16673, 1515, 0, 0, 0, 10),
(16674, 1515, 0, 0, 0, 10),
(16738, 1515, 0, 0, 0, 10),
(17110, 1515, 0, 0, 0, 10),
(17122, 1515, 0, 0, 0, 10),
(17505, 1515, 0, 0, 0, 10),
(26325, 1515, 0, 0, 0, 10),
/* Dismiss Pet ID: 2641 Level: 10 */
(987, 2641, 0, 0, 0, 10),
(1231, 2641, 0, 0, 0, 10),
(1404, 2641, 0, 0, 0, 10),
(3038, 2641, 0, 0, 0, 10),
(3039, 2641, 0, 0, 0, 10),
(3040, 2641, 0, 0, 0, 10),
(3065, 2641, 0, 0, 0, 10),
(3171, 2641, 0, 0, 0, 10),
(3352, 2641, 0, 0, 0, 10),
(3406, 2641, 0, 0, 0, 10),
(3407, 2641, 0, 0, 0, 10),
(3601, 2641, 0, 0, 0, 10),
(3963, 2641, 0, 0, 0, 10),
(4138, 2641, 0, 0, 0, 10),
(4146, 2641, 0, 0, 0, 10),
(4205, 2641, 0, 0, 0, 10),
(5115, 2641, 0, 0, 0, 10),
(5116, 2641, 0, 0, 0, 10),
(5117, 2641, 0, 0, 0, 10),
(5501, 2641, 0, 0, 0, 10),
(5515, 2641, 0, 0, 0, 10),
(5516, 2641, 0, 0, 0, 10),
(5517, 2641, 0, 0, 0, 10),
(10930, 2641, 0, 0, 0, 10),
(16270, 2641, 0, 0, 0, 10),
(16672, 2641, 0, 0, 0, 10),
(16673, 2641, 0, 0, 0, 10),
(16674, 2641, 0, 0, 0, 10),
(16738, 2641, 0, 0, 0, 10),
(17110, 2641, 0, 0, 0, 10),
(17122, 2641, 0, 0, 0, 10),
(17505, 2641, 0, 0, 0, 10),
(26325, 2641, 0, 0, 0, 10),
/* Feed Pet ID: 6991 Level: 10 */
(987, 6991, 0, 0, 0, 10),
(1231, 6991, 0, 0, 0, 10),
(1404, 6991, 0, 0, 0, 10),
(3038, 6991, 0, 0, 0, 10),
(3039, 6991, 0, 0, 0, 10),
(3040, 6991, 0, 0, 0, 10),
(3065, 6991, 0, 0, 0, 10),
(3171, 6991, 0, 0, 0, 10),
(3352, 6991, 0, 0, 0, 10),
(3406, 6991, 0, 0, 0, 10),
(3407, 6991, 0, 0, 0, 10),
(3601, 6991, 0, 0, 0, 10),
(3963, 6991, 0, 0, 0, 10),
(4138, 6991, 0, 0, 0, 10),
(4146, 6991, 0, 0, 0, 10),
(4205, 6991, 0, 0, 0, 10),
(5115, 6991, 0, 0, 0, 10),
(5116, 6991, 0, 0, 0, 10),
(5117, 6991, 0, 0, 0, 10),
(5501, 6991, 0, 0, 0, 10),
(5515, 6991, 0, 0, 0, 10),
(5516, 6991, 0, 0, 0, 10),
(5517, 6991, 0, 0, 0, 10),
(10930, 6991, 0, 0, 0, 10),
(16270, 6991, 0, 0, 0, 10),
(16672, 6991, 0, 0, 0, 10),
(16673, 6991, 0, 0, 0, 10),
(16674, 6991, 0, 0, 0, 10),
(16738, 6991, 0, 0, 0, 10),
(17110, 6991, 0, 0, 0, 10),
(17122, 6991, 0, 0, 0, 10),
(17505, 6991, 0, 0, 0, 10),
(26325, 6991, 0, 0, 0, 10),
/* Revive Pet ID: 982 Level: 10 */
(987, 982, 0, 0, 0, 10),
(1231, 982, 0, 0, 0, 10),
(1404, 982, 0, 0, 0, 10),
(3038, 982, 0, 0, 0, 10),
(3039, 982, 0, 0, 0, 10),
(3040, 982, 0, 0, 0, 10),
(3065, 982, 0, 0, 0, 10),
(3171, 982, 0, 0, 0, 10),
(3352, 982, 0, 0, 0, 10),
(3406, 982, 0, 0, 0, 10),
(3407, 982, 0, 0, 0, 10),
(3601, 982, 0, 0, 0, 10),
(3963, 982, 0, 0, 0, 10),
(4138, 982, 0, 0, 0, 10),
(4146, 982, 0, 0, 0, 10),
(4205, 982, 0, 0, 0, 10),
(5115, 982, 0, 0, 0, 10),
(5116, 982, 0, 0, 0, 10),
(5117, 982, 0, 0, 0, 10),
(5501, 982, 0, 0, 0, 10),
(5515, 982, 0, 0, 0, 10),
(5516, 982, 0, 0, 0, 10),
(5517, 982, 0, 0, 0, 10),
(10930, 982, 0, 0, 0, 10),
(16270, 982, 0, 0, 0, 10),
(16672, 982, 0, 0, 0, 10),
(16673, 982, 0, 0, 0, 10),
(16674, 982, 0, 0, 0, 10),
(16738, 982, 0, 0, 0, 10),
(17110, 982, 0, 0, 0, 10),
(17122, 982, 0, 0, 0, 10),
(17505, 982, 0, 0, 0, 10),
(26325, 982, 0, 0, 0, 10),
/* Beast Training ID: 5149 Level: 10 */
(987, 5149, 0, 0, 0, 10),
(1231, 5149, 0, 0, 0, 10),
(1404, 5149, 0, 0, 0, 10),
(3038, 5149, 0, 0, 0, 10),
(3039, 5149, 0, 0, 0, 10),
(3040, 5149, 0, 0, 0, 10),
(3065, 5149, 0, 0, 0, 10),
(3171, 5149, 0, 0, 0, 10),
(3352, 5149, 0, 0, 0, 10),
(3406, 5149, 0, 0, 0, 10),
(3407, 5149, 0, 0, 0, 10),
(3601, 5149, 0, 0, 0, 10),
(3963, 5149, 0, 0, 0, 10),
(4138, 5149, 0, 0, 0, 10),
(4146, 5149, 0, 0, 0, 10),
(4205, 5149, 0, 0, 0, 10),
(5115, 5149, 0, 0, 0, 10),
(5116, 5149, 0, 0, 0, 10),
(5117, 5149, 0, 0, 0, 10),
(5501, 5149, 0, 0, 0, 10),
(5515, 5149, 0, 0, 0, 10),
(5516, 5149, 0, 0, 0, 10),
(5517, 5149, 0, 0, 0, 10),
(10930, 5149, 0, 0, 0, 10),
(16270, 5149, 0, 0, 0, 10),
(16672, 5149, 0, 0, 0, 10),
(16673, 5149, 0, 0, 0, 10),
(16674, 5149, 0, 0, 0, 10),
(16738, 5149, 0, 0, 0, 10),
(17110, 5149, 0, 0, 0, 10),
(17122, 5149, 0, 0, 0, 10),
(17505, 5149, 0, 0, 0, 10),
(26325, 5149, 0, 0, 0, 10),
/* Shaman */
/* Stoneskin Totem ID: 8071 Level: 4 */
(986, 8071, 0, 0, 0, 4),
(3030, 8071, 0, 0, 0, 4),
(3031, 8071, 0, 0, 0, 4),
(3032, 8071, 0, 0, 0, 4),
(3066, 8071, 0, 0, 0, 4),
(3173, 8071, 0, 0, 0, 4),
(3344, 8071, 0, 0, 0, 4),
(3403, 8071, 0, 0, 0, 4),
(13417, 8071, 0, 0, 0, 4),
(17204, 8071, 0, 0, 0, 4),
(17212, 8071, 0, 0, 0, 4),
(17219, 8071, 0, 0, 0, 4),
(17519, 8071, 0, 0, 0, 4),
(17520, 8071, 0, 0, 0, 4),
(20407, 8071, 0, 0, 0, 4),
(23127, 8071, 0, 0, 0, 4),
(26330, 8071, 0, 0, 0, 4),
/* Searing Totem ID: 3599 Level: 10 */
(986, 3599, 0, 0, 0, 10),
(3030, 3599, 0, 0, 0, 10),
(3031, 3599, 0, 0, 0, 10),
(3032, 3599, 0, 0, 0, 10),
(3066, 3599, 0, 0, 0, 10),
(3173, 3599, 0, 0, 0, 10),
(3344, 3599, 0, 0, 0, 10),
(3403, 3599, 0, 0, 0, 10),
(13417, 3599, 0, 0, 0, 10),
(17204, 3599, 0, 0, 0, 10),
(17212, 3599, 0, 0, 0, 10),
(17219, 3599, 0, 0, 0, 10),
(17519, 3599, 0, 0, 0, 10),
(17520, 3599, 0, 0, 0, 10),
(20407, 3599, 0, 0, 0, 10),
(23127, 3599, 0, 0, 0, 10),
(26330, 3599, 0, 0, 0, 10),
/* Healing Stream Totem ID: 5394 Level: 20 */
(986, 5394, 0, 0, 0, 20),
(3030, 5394, 0, 0, 0, 20),
(3031, 5394, 0, 0, 0, 20),
(3032, 5394, 0, 0, 0, 20),
(3066, 5394, 0, 0, 0, 20),
(3173, 5394, 0, 0, 0, 20),
(3344, 5394, 0, 0, 0, 20),
(3403, 5394, 0, 0, 0, 20),
(13417, 5394, 0, 0, 0, 20),
(17204, 5394, 0, 0, 0, 20),
(17212, 5394, 0, 0, 0, 20),
(17219, 5394, 0, 0, 0, 20),
(17519, 5394, 0, 0, 0, 20),
(17520, 5394, 0, 0, 0, 20),
(20407, 5394, 0, 0, 0, 20),
(23127, 5394, 0, 0, 0, 20),
(26330, 5394, 0, 0, 0, 20),
/* Rogue */
/* Poisons ID: 2842 Level: 20 */
(915, 2842, 0, 0, 0, 20),
(916, 2842, 0, 0, 0, 20),
(917, 2842, 0, 0, 0, 20),
(918, 2842, 0, 0, 0, 20),
(1234, 2842, 0, 0, 0, 20),
(1411, 2842, 0, 0, 0, 20),
(2122, 2842, 0, 0, 0, 20),
(2130, 2842, 0, 0, 0, 20),
(3155, 2842, 0, 0, 0, 20),
(3170, 2842, 0, 0, 0, 20),
(3327, 2842, 0, 0, 0, 20),
(3328, 2842, 0, 0, 0, 20),
(3401, 2842, 0, 0, 0, 20),
(3594, 2842, 0, 0, 0, 20),
(3599, 2842, 0, 0, 0, 20),
(4163, 2842, 0, 0, 0, 20),
(4582, 2842, 0, 0, 0, 20),
(4583, 2842, 0, 0, 0, 20),
(4584, 2842, 0, 0, 0, 20),
(5165, 2842, 0, 0, 0, 20),
(5166, 2842, 0, 0, 0, 20),
(5167, 2842, 0, 0, 0, 20),
(6707, 2842, 0, 0, 0, 20),
(13283, 2842, 0, 0, 0, 20),
(15285, 2842, 0, 0, 0, 20),
(16279, 2842, 0, 0, 0, 20),
(16684, 2842, 0, 0, 0, 20),
(16685, 2842, 0, 0, 0, 20),
(16686, 2842, 0, 0, 0, 20),
(26329, 2842, 0, 0, 0, 20),
/* Druid */
/* Bear Form ID: 5487 Level: 10 */
(3033, 5487, 0, 0, 0, 10),
(3034, 5487, 0, 0, 0, 10),
(3036, 5487, 0, 0, 0, 10),
(3060, 5487, 0, 0, 0, 10),
(3064, 5487, 0, 0, 0, 10),
(3597, 5487, 0, 0, 0, 10),
(3602, 5487, 0, 0, 0, 10),
(4217, 5487, 0, 0, 0, 10),
(4218, 5487, 0, 0, 0, 10),
(4219, 5487, 0, 0, 0, 10),
(5504, 5487, 0, 0, 0, 10),
(5505, 5487, 0, 0, 0, 10),
(5506, 5487, 0, 0, 0, 10),
(8142, 5487, 0, 0, 0, 10),
(9465, 5487, 0, 0, 0, 10),
(12042, 5487, 0, 0, 0, 10),
(16655, 5487, 0, 0, 0, 10),
(16721, 5487, 0, 0, 0, 10),
(26324, 5487, 0, 0, 0, 10),
/* Maul ID: 6807 Level: 10 */
(3033, 6807, 0, 0, 0, 10),
(3034, 6807, 0, 0, 0, 10),
(3036, 6807, 0, 0, 0, 10),
(3060, 6807, 0, 0, 0, 10),
(3064, 6807, 0, 0, 0, 10),
(3597, 6807, 0, 0, 0, 10),
(3602, 6807, 0, 0, 0, 10),
(4217, 6807, 0, 0, 0, 10),
(4218, 6807, 0, 0, 0, 10),
(4219, 6807, 0, 0, 0, 10),
(5504, 6807, 0, 0, 0, 10),
(5505, 6807, 0, 0, 0, 10),
(5506, 6807, 0, 0, 0, 10),
(8142, 6807, 0, 0, 0, 10),
(9465, 6807, 0, 0, 0, 10),
(12042, 6807, 0, 0, 0, 10),
(16655, 6807, 0, 0, 0, 10),
(16721, 6807, 0, 0, 0, 10),
(26324, 6807, 0, 0, 0, 10),
/* Growl ID: 6795 Level: 10 */
(3033, 6795, 0, 0, 0, 10),
(3034, 6795, 0, 0, 0, 10),
(3036, 6795, 0, 0, 0, 10),
(3060, 6795, 0, 0, 0, 10),
(3064, 6795, 0, 0, 0, 10),
(3597, 6795, 0, 0, 0, 10),
(3602, 6795, 0, 0, 0, 10),
(4217, 6795, 0, 0, 0, 10),
(4218, 6795, 0, 0, 0, 10),
(4219, 6795, 0, 0, 0, 10),
(5504, 6795, 0, 0, 0, 10),
(5505, 6795, 0, 0, 0, 10),
(5506, 6795, 0, 0, 0, 10),
(8142, 6795, 0, 0, 0, 10),
(9465, 6795, 0, 0, 0, 10),
(12042, 6795, 0, 0, 0, 10),
(16655, 6795, 0, 0, 0, 10),
(16721, 6795, 0, 0, 0, 10),
(26324, 6795, 0, 0, 0, 10),
/* Cure Poison ID: 8946 Level: 14 */
(3033, 8946, 0, 0, 0, 14),
(3034, 8946, 0, 0, 0, 14),
(3036, 8946, 0, 0, 0, 14),
(3060, 8946, 0, 0, 0, 14),
(3064, 8946, 0, 0, 0, 14),
(3597, 8946, 0, 0, 0, 14),
(3602, 8946, 0, 0, 0, 14),
(4217, 8946, 0, 0, 0, 14),
(4218, 8946, 0, 0, 0, 14),
(4219, 8946, 0, 0, 0, 14),
(5504, 8946, 0, 0, 0, 14),
(5505, 8946, 0, 0, 0, 14),
(5506, 8946, 0, 0, 0, 14),
(8142, 8946, 0, 0, 0, 14),
(9465, 8946, 0, 0, 0, 14),
(12042, 8946, 0, 0, 0, 14),
(16655, 8946, 0, 0, 0, 14),
(16721, 8946, 0, 0, 0, 14),
(26324, 8946, 0, 0, 0, 14),
/* Aquatic From ID: 1066 Level: 16 */
(3033, 1066, 0, 0, 0, 16),
(3034, 1066, 0, 0, 0, 16),
(3036, 1066, 0, 0, 0, 16),
(3060, 1066, 0, 0, 0, 16),
(3064, 1066, 0, 0, 0, 16),
(3597, 1066, 0, 0, 0, 16),
(3602, 1066, 0, 0, 0, 16),
(4217, 1066, 0, 0, 0, 16),
(4218, 1066, 0, 0, 0, 16),
(4219, 1066, 0, 0, 0, 16),
(5504, 1066, 0, 0, 0, 16),
(5505, 1066, 0, 0, 0, 16),
(5506, 1066, 0, 0, 0, 16),
(8142, 1066, 0, 0, 0, 16),
(9465, 1066, 0, 0, 0, 16),
(12042, 1066, 0, 0, 0, 16),
(16655, 1066, 0, 0, 0, 16),
(16721, 1066, 0, 0, 0, 16),
(26324, 1066, 0, 0, 0, 16),
/* Swift Flight Form ID: Level: 70 */
(3033, 40120, 0, 0, 0, 70),
(3034, 40120, 0, 0, 0, 70),
(3036, 40120, 0, 0, 0, 70),
(3060, 40120, 0, 0, 0, 70),
(3064, 40120, 0, 0, 0, 70),
(3597, 40120, 0, 0, 0, 70),
(3602, 40120, 0, 0, 0, 70),
(4217, 40120, 0, 0, 0, 70),
(4218, 40120, 0, 0, 0, 70),
(4219, 40120, 0, 0, 0, 70),
(5504, 40120, 0, 0, 0, 70),
(5505, 40120, 0, 0, 0, 70),
(5506, 40120, 0, 0, 0, 70),
(8142, 40120, 0, 0, 0, 70),
(9465, 40120, 0, 0, 0, 70),
(12042, 40120, 0, 0, 0, 70),
(16655, 40120, 0, 0, 0, 70),
(16721, 40120, 0, 0, 0, 70),
(26324, 40120, 0, 0, 0, 70);