SET @NPC:= 3456000;
DELETE FROM creature_template WHERE entry BETWEEN @NPC AND @NPC + 17;
DELETE FROM creature_template WHERE entry BETWEEN @NPC + 50 AND @NPC + 51;
INSERT INTO `creature_template` VALUES 
(@NPC,0,0,0,0,0,2198,0,0,0,'Cloth Vendor','',NULL,0,80,80,2,35,128,1,1.14286,1,0,0,0,0,0,1,2000,0,1,0,0,0,0,0,0,0,0,0,0,0,7,138936390,0,0,0,0,0,0,0,0,0,0,0,0,0,0,0,0,0,0,0,0,0,'',0,3,1,1,1,1,0,0,0,0,0,0,0,0,1,0,0,'',1),
(@NPC + 1,0,0,0,0,0,2198,0,0,0,'Leather Vendor','',NULL,0,80,80,2,35,128,1,1.14286,1,0,0,0,0,0,1,2000,0,1,0,0,0,0,0,0,0,0,0,0,0,7,138936390,0,0,0,0,0,0,0,0,0,0,0,0,0,0,0,0,0,0,0,0,0,'',0,3,1,1,1,1,0,0,0,0,0,0,0,0,1,0,0,'',1),
(@NPC + 2,0,0,0,0,0,2198,0,0,0,'Mail Vendor','',NULL,0,80,80,2,35,128,1,1.14286,1,0,0,0,0,0,1,2000,0,1,0,0,0,0,0,0,0,0,0,0,0,7,138936390,0,0,0,0,0,0,0,0,0,0,0,0,0,0,0,0,0,0,0,0,0,'',0,3,1,1,1,1,0,0,0,0,0,0,0,0,1,0,0,'',1),
(@NPC + 3,0,0,0,0,0,2198,0,0,0,'Plate Vendor','',NULL,0,80,80,2,35,128,1,1.14286,1,0,0,0,0,0,1,2000,0,1,0,0,0,0,0,0,0,0,0,0,0,7,138936390,0,0,0,0,0,0,0,0,0,0,0,0,0,0,0,0,0,0,0,0,0,'',0,3,1,1,1,1,0,0,0,0,0,0,0,0,1,0,0,'',1),
(@NPC + 4,0,0,0,0,0,2198,0,0,0,'Weapon Vendor','',NULL,0,80,80,2,35,128,1,1.14286,1,0,0,0,0,0,1,2000,0,1,0,0,0,0,0,0,0,0,0,0,0,7,138936390,0,0,0,0,0,0,0,0,0,0,0,0,0,0,0,0,0,0,0,0,0,'',0,3,1,1,1,1,0,0,0,0,0,0,0,0,1,0,0,'',1),
(@NPC + 5,0,0,0,0,0,2198,0,0,0,'Misc Vendor','',NULL,0,80,80,2,35,128,1,1.14286,1,0,0,0,0,0,1,2000,0,1,0,0,0,0,0,0,0,0,0,0,0,7,138936390,0,0,0,0,0,0,0,0,0,0,0,0,0,0,0,0,0,0,0,0,0,'',0,3,1,1,1,1,0,0,0,0,0,0,0,0,1,0,0,'',1),
(@NPC + 6,0,0,0,0,0,2198,0,0,0,'Back Vendor','',NULL,0,80,80,2,35,128,1,1.14286,1,0,0,0,0,0,1,2000,0,1,0,0,0,0,0,0,0,0,0,0,0,7,138936390,0,0,0,0,0,0,0,0,0,0,0,0,0,0,0,0,0,0,0,0,0,'',0,3,1,1,1,1,0,0,0,0,0,0,0,0,1,0,0,'',1),
(@NPC + 7,0,0,0,0,0,2198,0,0,0,'Trinket Vendor','',NULL,0,80,80,2,35,128,1,1.14286,1,0,0,0,0,0,1,2000,0,1,0,0,0,0,0,0,0,0,0,0,0,7,138936390,0,0,0,0,0,0,0,0,0,0,0,0,0,0,0,0,0,0,0,0,0,'',0,3,1,1,1,1,0,0,0,0,0,0,0,0,1,0,0,'',1),
(@NPC + 8,0,0,0,0,0,2198,0,0,0,'Gem Vendor','',NULL,0,80,80,2,35,128,1,1.14286,1,0,0,0,0,0,1,2000,0,1,0,0,0,0,0,0,0,0,0,0,0,7,138936390,0,0,0,0,0,0,0,0,0,0,0,0,0,0,0,0,0,0,0,0,0,'',0,3,1,1,1,1,0,0,0,0,0,0,0,0,1,0,0,'',1),
(@NPC + 9,0,0,0,0,0,2198,0,0,0,'Enchanting Vendor','',NULL,0,80,80,2,35,128,1,1.14286,1,0,0,0,0,0,1,2000,0,1,0,0,0,0,0,0,0,0,0,0,0,7,138936390,0,0,0,0,0,0,0,0,0,0,0,0,0,0,0,0,0,0,0,0,0,'',0,3,1,1,1,1,0,0,0,0,0,0,0,0,1,0,0,'',1),
(@NPC + 10,0,0,0,0,0,2198,0,0,0,'Weapon Vendor','',NULL,0,80,80,2,35,128,1,1.14286,1,0,0,0,0,0,1,2000,0,1,0,0,0,0,0,0,0,0,0,0,0,7,138936390,0,0,0,0,0,0,0,0,0,0,0,0,0,0,0,0,0,0,0,0,0,'',0,3,1,1,1,1,0,0,0,0,0,0,0,0,1,0,0,'',1),
(@NPC + 11,0,0,0,0,0,2198,0,0,0,'PVP Cloth Vendor','',NULL,0,80,80,2,35,128,1,1.14286,1,0,0,0,0,0,1,2000,0,1,0,0,0,0,0,0,0,0,0,0,0,7,138936390,0,0,0,0,0,0,0,0,0,0,0,0,0,0,0,0,0,0,0,0,0,'',0,3,1,1,1,1,0,0,0,0,0,0,0,0,1,0,0,'',1),
(@NPC + 12,0,0,0,0,0,2198,0,0,0,'PVP Leather Vendor','',NULL,0,80,80,2,35,128,1,1.14286,1,0,0,0,0,0,1,2000,0,1,0,0,0,0,0,0,0,0,0,0,0,7,138936390,0,0,0,0,0,0,0,0,0,0,0,0,0,0,0,0,0,0,0,0,0,'',0,3,1,1,1,1,0,0,0,0,0,0,0,0,1,0,0,'',1),
(@NPC + 13,0,0,0,0,0,2198,0,0,0,'PVP Mail Vendor','',NULL,0,80,80,2,35,128,1,1.14286,1,0,0,0,0,0,1,2000,0,1,0,0,0,0,0,0,0,0,0,0,0,7,138936390,0,0,0,0,0,0,0,0,0,0,0,0,0,0,0,0,0,0,0,0,0,'',0,3,1,1,1,1,0,0,0,0,0,0,0,0,1,0,0,'',1),
(@NPC + 14,0,0,0,0,0,2198,0,0,0,'PVP Plate Vendor','',NULL,0,80,80,2,35,128,1,1.14286,1,0,0,0,0,0,1,2000,0,1,0,0,0,0,0,0,0,0,0,0,0,7,138936390,0,0,0,0,0,0,0,0,0,0,0,0,0,0,0,0,0,0,0,0,0,'',0,3,1,1,1,1,0,0,0,0,0,0,0,0,1,0,0,'',1),
(@NPC + 15,0,0,0,0,0,2198,0,0,0,'PVP Weapon Vendor','',NULL,0,80,80,2,35,128,1,1.14286,1,0,0,0,0,0,1,2000,0,1,0,0,0,0,0,0,0,0,0,0,0,7,138936390,0,0,0,0,0,0,0,0,0,0,0,0,0,0,0,0,0,0,0,0,0,'',0,3,1,1,1,1,0,0,0,0,0,0,0,0,1,0,0,'',1),
(@NPC + 16,0,0,0,0,0,2198,0,0,0,'PVP Back Vendor','',NULL,0,80,80,2,35,128,1,1.14286,1,0,0,0,0,0,1,2000,0,1,0,0,0,0,0,0,0,0,0,0,0,7,138936390,0,0,0,0,0,0,0,0,0,0,0,0,0,0,0,0,0,0,0,0,0,'',0,3,1,1,1,1,0,0,0,0,0,0,0,0,1,0,0,'',1),
(@NPC + 17,0,0,0,0,0,2198,0,0,0,'PVP Misc Vendor','',NULL,0,80,80,2,35,128,1,1.14286,1,0,0,0,0,0,1,2000,0,1,0,0,0,0,0,0,0,0,0,0,0,7,138936390,0,0,0,0,0,0,0,0,0,0,0,0,0,0,0,0,0,0,0,0,0,'',0,3,1,1,1,1,0,0,0,0,0,0,0,0,1,0,0,'',1),


(@NPC + 50,0,0,0,0,0,19646,0,0,0,'GM Island Teleporter','',NULL,0,80,80,2,35,1,1,1.14286,1,0,0,0,0,0,1,2000,0,1,0,0,0,0,0,0,0,0,0,0,0,7,138936390,0,0,0,0,0,0,0,0,0,0,0,0,0,0,0,0,0,0,0,0,0,'',0,3,1,1,1,1,0,0,0,0,0,0,0,0,1,0,0,'npc_gmisl_teleporter',1),
(@NPC + 51,0,0,0,0,0,19646,0,0,0,'Test Server Npc','',NULL,0,80,80,2,35,1,1,1.14286,1,0,0,0,0,0,1,2000,0,1,0,0,0,0,0,0,0,0,0,0,0,7,138936390,0,0,0,0,0,0,0,0,0,0,0,0,0,0,0,0,0,0,0,0,0,'',0,3,1,1,1,1,0,0,0,0,0,0,0,0,1,0,0,'npc_test_server',1);

UPDATE creature_template SET npcflag = 49, trainer_class = 6 WHERE entry = 33251;
DELETE FROM npc_trainer WHERE entry = 33251;
INSERT INTO npc_trainer(entry, spell) VALUES (33251, -200019);


DELETE FROM npc_vendor WHERE entry = @NPC + 16;
INSERT INTO npc_vendor VALUES (@NPC + 16, 0, 40403, 0, 0, 2),(@NPC + 16, 0, 42055, 0, 0, 2),(@NPC + 16, 0, 42056, 0, 0, 2),(@NPC + 16, 0, 42057, 0, 0, 2),(@NPC + 16, 0, 42058, 0, 0, 2),(@NPC + 16, 0, 42059, 0, 0, 2),(@NPC + 16, 0, 42060, 0, 0, 2),(@NPC + 16, 0, 42061, 0, 0, 2),(@NPC + 16, 0, 42062, 0, 0, 2),(@NPC + 16, 0, 42063, 0, 0, 2),(@NPC + 16, 0, 42064, 0, 0, 2),(@NPC + 16, 0, 42065, 0, 0, 2),(@NPC + 16, 0, 42066, 0, 0, 2),(@NPC + 16, 0, 42067, 0, 0, 2),(@NPC + 16, 0, 42068, 0, 0, 2),(@NPC + 16, 0, 42069, 0, 0, 2),(@NPC + 16, 0, 42070, 0, 0, 2),(@NPC + 16, 0, 42071, 0, 0, 2),(@NPC + 16, 0, 42072, 0, 0, 2),(@NPC + 16, 0, 42073, 0, 0, 2),(@NPC + 16, 0, 42074, 0, 0, 2),(@NPC + 16, 0, 42075, 0, 0, 2),(@NPC + 16, 0, 42076, 0, 0, 2),(@NPC + 16, 0, 42077, 0, 0, 2),(@NPC + 16, 0, 42078, 0, 0, 2),(@NPC + 16, 0, 42079, 0, 0, 2),(@NPC + 16, 0, 42080, 0, 0, 2),(@NPC + 16, 0, 42081, 0, 0, 2),(@NPC + 16, 0, 42082, 0, 0, 2);
DELETE FROM npc_vendor WHERE entry = @NPC + 17;
INSERT INTO npc_vendor VALUES (@NPC + 17, 0, 42020, 0, 0, 2),(@NPC + 17, 0, 42021, 0, 0, 2),(@NPC + 17, 0, 42022, 0, 0, 2),(@NPC + 17, 0, 42023, 0, 0, 2),(@NPC + 17, 0, 42024, 0, 0, 2),(@NPC + 17, 0, 42025, 0, 0, 2),(@NPC + 17, 0, 42026, 0, 0, 2),(@NPC + 17, 0, 42027, 0, 0, 2),(@NPC + 17, 0, 42028, 0, 0, 2),(@NPC + 17, 0, 42029, 0, 0, 2),(@NPC + 17, 0, 42030, 0, 0, 2),(@NPC + 17, 0, 42031, 0, 0, 2),(@NPC + 17, 0, 42032, 0, 0, 2),(@NPC + 17, 0, 42033, 0, 0, 2),(@NPC + 17, 0, 42034, 0, 0, 2),(@NPC + 17, 0, 42035, 0, 0, 2),(@NPC + 17, 0, 42036, 0, 0, 2),(@NPC + 17, 0, 42037, 0, 0, 2),(@NPC + 17, 0, 42038, 0, 0, 2),(@NPC + 17, 0, 42039, 0, 0, 2),(@NPC + 17, 0, 42040, 0, 0, 2),(@NPC + 17, 0, 42041, 0, 0, 2),(@NPC + 17, 0, 42042, 0, 0, 2),(@NPC + 17, 0, 42043, 0, 0, 2),(@NPC + 17, 0, 42044, 0, 0, 2),(@NPC + 17, 0, 42045, 0, 0, 2),(@NPC + 17, 0, 42046, 0, 0, 2),(@NPC + 17, 0, 42047, 0, 0, 2),(@NPC + 17, 0, 42110, 0, 0, 2),(@NPC + 17, 0, 42112, 0, 0, 2),(@NPC + 17, 0, 42114, 0, 0, 2),(@NPC + 17, 0, 42115, 0, 0, 2),(@NPC + 17, 0, 42116, 0, 0, 2),(@NPC + 17, 0, 42117, 0, 0, 2),(@NPC + 17, 0, 42118, 0, 0, 2),(@NPC + 17, 0, 42119, 0, 0, 2),(@NPC + 17, 0, 42123, 0, 0, 2),(@NPC + 17, 0, 42126, 0, 0, 2),(@NPC + 17, 0, 42524, 0, 0, 2),(@NPC + 17, 0, 42525, 0, 0, 2),(@NPC + 17, 0, 42526, 0, 0, 2),(@NPC + 17, 0, 42527, 0, 0, 2),(@NPC + 17, 0, 42530, 0, 0, 2),(@NPC + 17, 0, 42531, 0, 0, 2),(@NPC + 17, 0, 42532, 0, 0, 2),(@NPC + 17, 0, 42533, 0, 0, 2),(@NPC + 17, 0, 42536, 0, 0, 2),(@NPC + 17, 0, 42537, 0, 0, 2),(@NPC + 17, 0, 42538, 0, 0, 2),(@NPC + 17, 0, 42539, 0, 0, 2),(@NPC + 17, 0, 42558, 0, 0, 2),(@NPC + 17, 0, 42559, 0, 0, 2),(@NPC + 17, 0, 42560, 0, 0, 2),(@NPC + 17, 0, 42561, 0, 0, 2),(@NPC + 17, 0, 42563, 0, 0, 2),(@NPC + 17, 0, 42564, 0, 0, 2),(@NPC + 17, 0, 42565, 0, 0, 2),(@NPC + 17, 0, 42566, 0, 0, 2),(@NPC + 17, 0, 42569, 0, 0, 2),(@NPC + 17, 0, 42570, 0, 0, 2),(@NPC + 17, 0, 42571, 0, 0, 2),(@NPC + 17, 0, 42572, 0, 0, 2),(@NPC + 17, 0, 42577, 0, 0, 2),(@NPC + 17, 0, 42578, 0, 0, 2),(@NPC + 17, 0, 42579, 0, 0, 2),(@NPC + 17, 0, 42580, 0, 0, 2),(@NPC + 17, 0, 42582, 0, 0, 2),(@NPC + 17, 0, 42583, 0, 0, 2),(@NPC + 17, 0, 42584, 0, 0, 2),(@NPC + 17, 0, 42585, 0, 0, 2),(@NPC + 17, 0, 42587, 0, 0, 2),(@NPC + 17, 0, 42588, 0, 0, 2),(@NPC + 17, 0, 42589, 0, 0, 2),(@NPC + 17, 0, 42591, 0, 0, 2),(@NPC + 17, 0, 42596, 0, 0, 2),(@NPC + 17, 0, 42597, 0, 0, 2),(@NPC + 17, 0, 42598, 0, 0, 2),(@NPC + 17, 0, 42599, 0, 0, 2),(@NPC + 17, 0, 42601, 0, 0, 2),(@NPC + 17, 0, 42602, 0, 0, 2),(@NPC + 17, 0, 42603, 0, 0, 2),(@NPC + 17, 0, 42604, 0, 0, 2),(@NPC + 17, 0, 42606, 0, 0, 2),(@NPC + 17, 0, 42607, 0, 0, 2),(@NPC + 17, 0, 42608, 0, 0, 2),(@NPC + 17, 0, 42609, 0, 0, 2),(@NPC + 17, 0, 42613, 0, 0, 2),(@NPC + 17, 0, 42614, 0, 0, 2),(@NPC + 17, 0, 42615, 0, 0, 2),(@NPC + 17, 0, 42616, 0, 0, 2),(@NPC + 17, 0, 42619, 0, 0, 2),(@NPC + 17, 0, 42620, 0, 0, 2),(@NPC + 17, 0, 42621, 0, 0, 2),(@NPC + 17, 0, 42622, 0, 0, 2),(@NPC + 17, 0, 42851, 0, 0, 2),(@NPC + 17, 0, 42852, 0, 0, 2),(@NPC + 17, 0, 42853, 0, 0, 2),(@NPC + 17, 0, 42854, 0, 0, 2),(@NPC + 17, 0, 46373, 0, 0, 2),(@NPC + 17, 0, 46374, 0, 0, 2),(@NPC + 17, 0, 47243, 0, 0, 2),(@NPC + 17, 0, 49187, 0, 0, 2);
DELETE FROM npc_vendor WHERE entry = @NPC + 4;
INSERT INTO npc_vendor VALUES (@NPC + 4, 0, 39140, 0, 0, 2),(@NPC + 4, 0, 39200, 0, 0, 2),(@NPC + 4, 0, 39221, 0, 0, 2),(@NPC + 4, 0, 39226, 0, 0, 2),(@NPC + 4, 0, 39245, 0, 0, 2),(@NPC + 4, 0, 39255, 0, 0, 2),(@NPC + 4, 0, 39256, 0, 0, 2),(@NPC + 4, 0, 39270, 0, 0, 2),(@NPC + 4, 0, 39271, 0, 0, 2),(@NPC + 4, 0, 39281, 0, 0, 2),(@NPC + 4, 0, 39291, 0, 0, 2),(@NPC + 4, 0, 39296, 0, 0, 2),(@NPC + 4, 0, 39344, 0, 0, 2),(@NPC + 4, 0, 39393, 0, 0, 2),(@NPC + 4, 0, 39394, 0, 0, 2),(@NPC + 4, 0, 39416, 0, 0, 2),(@NPC + 4, 0, 39417, 0, 0, 2),(@NPC + 4, 0, 39419, 0, 0, 2),(@NPC + 4, 0, 39420, 0, 0, 2),(@NPC + 4, 0, 39422, 0, 0, 2),(@NPC + 4, 0, 39423, 0, 0, 2),(@NPC + 4, 0, 39424, 0, 0, 2),(@NPC + 4, 0, 39426, 0, 0, 2),(@NPC + 4, 0, 39427, 0, 0, 2),(@NPC + 4, 0, 39468, 0, 0, 2),(@NPC + 4, 0, 39473, 0, 0, 2),(@NPC + 4, 0, 39712, 0, 0, 2),(@NPC + 4, 0, 39714, 0, 0, 2),(@NPC + 4, 0, 39730, 0, 0, 2),(@NPC + 4, 0, 39758, 0, 0, 2),(@NPC + 4, 0, 39763, 0, 0, 2),(@NPC + 4, 0, 40189, 0, 0, 2),(@NPC + 4, 0, 40208, 0, 0, 2),(@NPC + 4, 0, 40233, 0, 0, 2),(@NPC + 4, 0, 40239, 0, 0, 2),(@NPC + 4, 0, 40244, 0, 0, 2),(@NPC + 4, 0, 40245, 0, 0, 2),(@NPC + 4, 0, 40264, 0, 0, 2),(@NPC + 4, 0, 40265, 0, 0, 2),(@NPC + 4, 0, 40280, 0, 0, 2),(@NPC + 4, 0, 40281, 0, 0, 2),(@NPC + 4, 0, 40284, 0, 0, 2),(@NPC + 4, 0, 40300, 0, 0, 2),(@NPC + 4, 0, 40335, 0, 0, 2),(@NPC + 4, 0, 40336, 0, 0, 2),(@NPC + 4, 0, 40343, 0, 0, 2),(@NPC + 4, 0, 40345, 0, 0, 2),(@NPC + 4, 0, 40346, 0, 0, 2),(@NPC + 4, 0, 40348, 0, 0, 2),(@NPC + 4, 0, 40368, 0, 0, 2),(@NPC + 4, 0, 40383, 0, 0, 2),(@NPC + 4, 0, 40384, 0, 0, 2),(@NPC + 4, 0, 40385, 0, 0, 2),(@NPC + 4, 0, 40386, 0, 0, 2),(@NPC + 4, 0, 40388, 0, 0, 2),(@NPC + 4, 0, 40395, 0, 0, 2),(@NPC + 4, 0, 40396, 0, 0, 2),(@NPC + 4, 0, 40402, 0, 0, 2),(@NPC + 4, 0, 40406, 0, 0, 2),(@NPC + 4, 0, 40407, 0, 0, 2),(@NPC + 4, 0, 40408, 0, 0, 2),(@NPC + 4, 0, 45110, 0, 0, 2),(@NPC + 4, 0, 45132, 0, 0, 2),(@NPC + 4, 0, 45137, 0, 0, 2),(@NPC + 4, 0, 45142, 0, 0, 2),(@NPC + 4, 0, 45147, 0, 0, 2),(@NPC + 4, 0, 45165, 0, 0, 2),(@NPC + 4, 0, 45170, 0, 0, 2),(@NPC + 4, 0, 45171, 0, 0, 2),(@NPC + 4, 0, 45233, 0, 0, 2),(@NPC + 4, 0, 45234, 0, 0, 2),(@NPC + 4, 0, 45246, 0, 0, 2),(@NPC + 4, 0, 45256, 0, 0, 2),(@NPC + 4, 0, 45257, 0, 0, 2),(@NPC + 4, 0, 45261, 0, 0, 2),(@NPC + 4, 0, 45266, 0, 0, 2),(@NPC + 4, 0, 45282, 0, 0, 2),(@NPC + 4, 0, 45284, 0, 0, 2),(@NPC + 4, 0, 45287, 0, 0, 2),(@NPC + 4, 0, 45294, 0, 0, 2),(@NPC + 4, 0, 45298, 0, 0, 2),(@NPC + 4, 0, 45309, 0, 0, 2),(@NPC + 4, 0, 45315, 0, 0, 2),(@NPC + 4, 0, 45327, 0, 0, 2),(@NPC + 4, 0, 45331, 0, 0, 2),(@NPC + 4, 0, 45332, 0, 0, 2),(@NPC + 4, 0, 45437, 0, 0, 2),(@NPC + 4, 0, 45442, 0, 0, 2),(@NPC + 4, 0, 45448, 0, 0, 2),(@NPC + 4, 0, 45449, 0, 0, 2),(@NPC + 4, 0, 45457, 0, 0, 2),(@NPC + 4, 0, 45458, 0, 0, 2),(@NPC + 4, 0, 45463, 0, 0, 2),(@NPC + 4, 0, 45479, 0, 0, 2),(@NPC + 4, 0, 45484, 0, 0, 2),(@NPC + 4, 0, 45489, 0, 0, 2),(@NPC + 4, 0, 45494, 0, 0, 2),(@NPC + 4, 0, 45498, 0, 0, 2),(@NPC + 4, 0, 45511, 0, 0, 2),(@NPC + 4, 0, 45516, 0, 0, 2);
DELETE FROM npc_vendor WHERE entry = @NPC + 5;
INSERT INTO npc_vendor VALUES (@NPC + 5, 0, 39141, 0, 0, 2),(@NPC + 5, 0, 39146, 0, 0, 2),(@NPC + 5, 0, 39193, 0, 0, 2),(@NPC + 5, 0, 39199, 0, 0, 2),(@NPC + 5, 0, 39231, 0, 0, 2),(@NPC + 5, 0, 39232, 0, 0, 2),(@NPC + 5, 0, 39233, 0, 0, 2),(@NPC + 5, 0, 39244, 0, 0, 2),(@NPC + 5, 0, 39246, 0, 0, 2),(@NPC + 5, 0, 39250, 0, 0, 2),(@NPC + 5, 0, 39276, 0, 0, 2),(@NPC + 5, 0, 39277, 0, 0, 2),(@NPC + 5, 0, 39282, 0, 0, 2),(@NPC + 5, 0, 39311, 0, 0, 2),(@NPC + 5, 0, 39389, 0, 0, 2),(@NPC + 5, 0, 39392, 0, 0, 2),(@NPC + 5, 0, 39401, 0, 0, 2),(@NPC + 5, 0, 39407, 0, 0, 2),(@NPC + 5, 0, 39421, 0, 0, 2),(@NPC + 5, 0, 39470, 0, 0, 2),(@NPC + 5, 0, 39472, 0, 0, 2),(@NPC + 5, 0, 39716, 0, 0, 2),(@NPC + 5, 0, 39766, 0, 0, 2),(@NPC + 5, 0, 40064, 0, 0, 2),(@NPC + 5, 0, 40065, 0, 0, 2),(@NPC + 5, 0, 40069, 0, 0, 2),(@NPC + 5, 0, 40071, 0, 0, 2),(@NPC + 5, 0, 40074, 0, 0, 2),(@NPC + 5, 0, 40075, 0, 0, 2),(@NPC + 5, 0, 40080, 0, 0, 2),(@NPC + 5, 0, 40107, 0, 0, 2),(@NPC + 5, 0, 40108, 0, 0, 2),(@NPC + 5, 0, 40192, 0, 0, 2),(@NPC + 5, 0, 40266, 0, 0, 2),(@NPC + 5, 0, 40273, 0, 0, 2),(@NPC + 5, 0, 40350, 0, 0, 2),(@NPC + 5, 0, 40369, 0, 0, 2),(@NPC + 5, 0, 40370, 0, 0, 2),(@NPC + 5, 0, 40374, 0, 0, 2),(@NPC + 5, 0, 40375, 0, 0, 2),(@NPC + 5, 0, 40378, 0, 0, 2),(@NPC + 5, 0, 40387, 0, 0, 2),(@NPC + 5, 0, 40399, 0, 0, 2),(@NPC + 5, 0, 40400, 0, 0, 2),(@NPC + 5, 0, 40401, 0, 0, 2),(@NPC + 5, 0, 40412, 0, 0, 2),(@NPC + 5, 0, 45106, 0, 0, 2),(@NPC + 5, 0, 45112, 0, 0, 2),(@NPC + 5, 0, 45113, 0, 0, 2),(@NPC + 5, 0, 45115, 0, 0, 2),(@NPC + 5, 0, 45116, 0, 0, 2),(@NPC + 5, 0, 45133, 0, 0, 2),(@NPC + 5, 0, 45157, 0, 0, 2),(@NPC + 5, 0, 45168, 0, 0, 2),(@NPC + 5, 0, 45193, 0, 0, 2),(@NPC + 5, 0, 45235, 0, 0, 2),(@NPC + 5, 0, 45236, 0, 0, 2),(@NPC + 5, 0, 45243, 0, 0, 2),(@NPC + 5, 0, 45247, 0, 0, 2),(@NPC + 5, 0, 45250, 0, 0, 2),(@NPC + 5, 0, 45262, 0, 0, 2),(@NPC + 5, 0, 45271, 0, 0, 2),(@NPC + 5, 0, 45285, 0, 0, 2),(@NPC + 5, 0, 45297, 0, 0, 2),(@NPC + 5, 0, 45303, 0, 0, 2),(@NPC + 5, 0, 45314, 0, 0, 2),(@NPC + 5, 0, 45326, 0, 0, 2),(@NPC + 5, 0, 45418, 0, 0, 2),(@NPC + 5, 0, 45438, 0, 0, 2),(@NPC + 5, 0, 45443, 0, 0, 2),(@NPC + 5, 0, 45447, 0, 0, 2),(@NPC + 5, 0, 45450, 0, 0, 2),(@NPC + 5, 0, 45451, 0, 0, 2),(@NPC + 5, 0, 45456, 0, 0, 2),(@NPC + 5, 0, 45459, 0, 0, 2),(@NPC + 5, 0, 45469, 0, 0, 2),(@NPC + 5, 0, 45470, 0, 0, 2),(@NPC + 5, 0, 45471, 0, 0, 2),(@NPC + 5, 0, 45480, 0, 0, 2),(@NPC + 5, 0, 45485, 0, 0, 2),(@NPC + 5, 0, 45495, 0, 0, 2),(@NPC + 5, 0, 45503, 0, 0, 2),(@NPC + 5, 0, 45515, 0, 0, 2),(@NPC + 5, 0, 45517, 0, 0, 2),(@NPC + 5, 0, 45525, 0, 0, 2),(@NPC + 5, 0, 45530, 0, 0, 2),(@NPC + 5, 0, 45534, 0, 0, 2),(@NPC + 5, 0, 45538, 0, 0, 2),(@NPC + 5, 0, 45539, 0, 0, 2),(@NPC + 5, 0, 45540, 0, 0, 2),(@NPC + 5, 0, 45587, 0, 0, 2),(@NPC + 5, 0, 45608, 0, 0, 2),(@NPC + 5, 0, 45614, 0, 0, 2),(@NPC + 5, 0, 45617, 0, 0, 2),(@NPC + 5, 0, 45675, 0, 0, 2),(@NPC + 5, 0, 45682, 0, 0, 2),(@NPC + 5, 0, 45696, 0, 0, 2),(@NPC + 5, 0, 45699, 0, 0, 2),(@NPC + 5, 0, 45702, 0, 0, 2),(@NPC + 5, 0, 45707, 0, 0, 2),(@NPC + 5, 0, 45871, 0, 0, 2),(@NPC + 5, 0, 45874, 0, 0, 2),(@NPC + 5, 0, 45877, 0, 0, 2),(@NPC + 5, 0, 45887, 0, 0, 2),(@NPC + 5, 0, 45933, 0, 0, 2),(@NPC + 5, 0, 45945, 0, 0, 2),(@NPC + 5, 0, 45946, 0, 0, 2),(@NPC + 5, 0, 46008, 0, 0, 2),(@NPC + 5, 0, 46010, 0, 0, 2),(@NPC + 5, 0, 46015, 0, 0, 2),(@NPC + 5, 0, 46022, 0, 0, 2),(@NPC + 5, 0, 46040, 0, 0, 2),(@NPC + 5, 0, 46046, 0, 0, 2),(@NPC + 5, 0, 46047, 0, 0, 2),(@NPC + 5, 0, 46048, 0, 0, 2),(@NPC + 5, 0, 46096, 0, 0, 2),(@NPC + 5, 0, 46322, 0, 0, 2),(@NPC + 5, 0, 46323, 0, 0, 2),(@NPC + 5, 0, 46343, 0, 0, 2),(@NPC + 5, 0, 46959, 0, 0, 2),(@NPC + 5, 0, 46963, 0, 0, 2),(@NPC + 5, 0, 46964, 0, 0, 2),(@NPC + 5, 0, 46966, 0, 0, 2),(@NPC + 5, 0, 47043, 0, 0, 2),(@NPC + 5, 0, 47053, 0, 0, 2),(@NPC + 5, 0, 47054, 0, 0, 2),(@NPC + 5, 0, 47060, 0, 0, 2),(@NPC + 5, 0, 47064, 0, 0, 2),(@NPC + 5, 0, 47070, 0, 0, 2),(@NPC + 5, 0, 47075, 0, 0, 2),(@NPC + 5, 0, 47079, 0, 0, 2),(@NPC + 5, 0, 47085, 0, 0, 2),(@NPC + 5, 0, 47105, 0, 0, 2),(@NPC + 5, 0, 47110, 0, 0, 2),(@NPC + 5, 0, 47116, 0, 0, 2),(@NPC + 5, 0, 47133, 0, 0, 2),(@NPC + 5, 0, 47138, 0, 0, 2),(@NPC + 5, 0, 47139, 0, 0, 2),(@NPC + 5, 0, 47144, 0, 0, 2),(@NPC + 5, 0, 47146, 0, 0, 2),(@NPC + 5, 0, 47149, 0, 0, 2),(@NPC + 5, 0, 47157, 0, 0, 2),(@NPC + 5, 0, 47223, 0, 0, 2),(@NPC + 5, 0, 47224, 0, 0, 2),(@NPC + 5, 0, 47237, 0, 0, 2),(@NPC + 5, 0, 47252, 0, 0, 2),(@NPC + 5, 0, 47260, 0, 0, 2),(@NPC + 5, 0, 47272, 0, 0, 2),(@NPC + 5, 0, 47276, 0, 0, 2),(@NPC + 5, 0, 47278, 0, 0, 2),(@NPC + 5, 0, 47282, 0, 0, 2),(@NPC + 5, 0, 47287, 0, 0, 2),(@NPC + 5, 0, 47297, 0, 0, 2),(@NPC + 5, 0, 47305, 0, 0, 2),(@NPC + 5, 0, 47307, 0, 0, 2),(@NPC + 5, 0, 47309, 0, 0, 2),(@NPC + 5, 0, 47315, 0, 0, 2),(@NPC + 5, 0, 47327, 0, 0, 2),(@NPC + 5, 0, 47413, 0, 0, 2),(@NPC + 5, 0, 47421, 0, 0, 2),(@NPC + 5, 0, 47433, 0, 0, 2),(@NPC + 5, 0, 47437, 0, 0, 2),(@NPC + 5, 0, 47439, 0, 0, 2),(@NPC + 5, 0, 47443, 0, 0, 2),(@NPC + 5, 0, 47448, 0, 0, 2),(@NPC + 5, 0, 47458, 0, 0, 2),(@NPC + 5, 0, 47466, 0, 0, 2),(@NPC + 5, 0, 47468, 0, 0, 2),(@NPC + 5, 0, 47470, 0, 0, 2),(@NPC + 5, 0, 47476, 0, 0, 2),(@NPC + 5, 0, 47489, 0, 0, 2),(@NPC + 5, 0, 47578, 0, 0, 2),(@NPC + 5, 0, 47607, 0, 0, 2),(@NPC + 5, 0, 47618, 0, 0, 2),(@NPC + 5, 0, 47619, 0, 0, 2),(@NPC + 5, 0, 47679, 0, 0, 2),(@NPC + 5, 0, 47700, 0, 0, 2),(@NPC + 5, 0, 47703, 0, 0, 2),(@NPC + 5, 0, 47742, 0, 0, 2),(@NPC + 5, 0, 47747, 0, 0, 2),(@NPC + 5, 0, 47812, 0, 0, 2),(@NPC + 5, 0, 47835, 0, 0, 2),(@NPC + 5, 0, 47849, 0, 0, 2),(@NPC + 5, 0, 47854, 0, 0, 2),(@NPC + 5, 0, 47862, 0, 0, 2),(@NPC + 5, 0, 47864, 0, 0, 2),(@NPC + 5, 0, 47868, 0, 0, 2),(@NPC + 5, 0, 47872, 0, 0, 2),(@NPC + 5, 0, 47888, 0, 0, 2),(@NPC + 5, 0, 47890, 0, 0, 2),(@NPC + 5, 0, 47895, 0, 0, 2),(@NPC + 5, 0, 47910, 0, 0, 2),(@NPC + 5, 0, 47913, 0, 0, 2),(@NPC + 5, 0, 47915, 0, 0, 2),(@NPC + 5, 0, 47920, 0, 0, 2),(@NPC + 5, 0, 47928, 0, 0, 2),(@NPC + 5, 0, 47930, 0, 0, 2),(@NPC + 5, 0, 47934, 0, 0, 2),(@NPC + 5, 0, 47939, 0, 0, 2),(@NPC + 5, 0, 47955, 0, 0, 2),(@NPC + 5, 0, 47957, 0, 0, 2),(@NPC + 5, 0, 47958, 0, 0, 2),(@NPC + 5, 0, 47963, 0, 0, 2),(@NPC + 5, 0, 47978, 0, 0, 2),(@NPC + 5, 0, 47988, 0, 0, 2),(@NPC + 5, 0, 47993, 0, 0, 2),(@NPC + 5, 0, 48001, 0, 0, 2),(@NPC + 5, 0, 48003, 0, 0, 2),(@NPC + 5, 0, 48007, 0, 0, 2),(@NPC + 5, 0, 48011, 0, 0, 2),(@NPC + 5, 0, 48027, 0, 0, 2),(@NPC + 5, 0, 48030, 0, 0, 2),(@NPC + 5, 0, 48032, 0, 0, 2),(@NPC + 5, 0, 48040, 0, 0, 2),(@NPC + 5, 0, 48055, 0, 0, 2);
DELETE FROM npc_vendor WHERE entry = @NPC + 6;
INSERT INTO npc_vendor VALUES (@NPC + 6, 0, 39225, 0, 0, 2),(@NPC + 6, 0, 39241, 0, 0, 2),(@NPC + 6, 0, 39272, 0, 0, 2),(@NPC + 6, 0, 39297, 0, 0, 2),(@NPC + 6, 0, 39404, 0, 0, 2),(@NPC + 6, 0, 39415, 0, 0, 2),(@NPC + 6, 0, 39425, 0, 0, 2),(@NPC + 6, 0, 40250, 0, 0, 2),(@NPC + 6, 0, 40251, 0, 0, 2),(@NPC + 6, 0, 40252, 0, 0, 2),(@NPC + 6, 0, 40253, 0, 0, 2),(@NPC + 6, 0, 40254, 0, 0, 2),(@NPC + 6, 0, 40405, 0, 0, 2),(@NPC + 6, 0, 40410, 0, 0, 2),(@NPC + 6, 0, 45138, 0, 0, 2),(@NPC + 6, 0, 45224, 0, 0, 2),(@NPC + 6, 0, 45242, 0, 0, 2),(@NPC + 6, 0, 45317, 0, 0, 2),(@NPC + 6, 0, 45318, 0, 0, 2),(@NPC + 6, 0, 45319, 0, 0, 2),(@NPC + 6, 0, 45322, 0, 0, 2),(@NPC + 6, 0, 45461, 0, 0, 2),(@NPC + 6, 0, 45486, 0, 0, 2),(@NPC + 6, 0, 45493, 0, 0, 2),(@NPC + 6, 0, 45496, 0, 0, 2),(@NPC + 6, 0, 45529, 0, 0, 2),(@NPC + 6, 0, 45541, 0, 0, 2),(@NPC + 6, 0, 45588, 0, 0, 2),(@NPC + 6, 0, 45618, 0, 0, 2),(@NPC + 6, 0, 45704, 0, 0, 2),(@NPC + 6, 0, 45873, 0, 0, 2),(@NPC + 6, 0, 45973, 0, 0, 2),(@NPC + 6, 0, 46014, 0, 0, 2),(@NPC + 6, 0, 46032, 0, 0, 2),(@NPC + 6, 0, 46042, 0, 0, 2),(@NPC + 6, 0, 46320, 0, 0, 2),(@NPC + 6, 0, 46321, 0, 0, 2),(@NPC + 6, 0, 46341, 0, 0, 2),(@NPC + 6, 0, 46347, 0, 0, 2),(@NPC + 6, 0, 46970, 0, 0, 2),(@NPC + 6, 0, 46971, 0, 0, 2),(@NPC + 6, 0, 46976, 0, 0, 2),(@NPC + 6, 0, 46977, 0, 0, 2),(@NPC + 6, 0, 47042, 0, 0, 2),(@NPC + 6, 0, 47063, 0, 0, 2),(@NPC + 6, 0, 47089, 0, 0, 2),(@NPC + 6, 0, 47095, 0, 0, 2),(@NPC + 6, 0, 47183, 0, 0, 2),(@NPC + 6, 0, 47192, 0, 0, 2),(@NPC + 6, 0, 47225, 0, 0, 2),(@NPC + 6, 0, 47238, 0, 0, 2),(@NPC + 6, 0, 47256, 0, 0, 2),(@NPC + 6, 0, 47257, 0, 0, 2),(@NPC + 6, 0, 47275, 0, 0, 2),(@NPC + 6, 0, 47291, 0, 0, 2),(@NPC + 6, 0, 47320, 0, 0, 2),(@NPC + 6, 0, 47328, 0, 0, 2),(@NPC + 6, 0, 47417, 0, 0, 2),(@NPC + 6, 0, 47418, 0, 0, 2),(@NPC + 6, 0, 47436, 0, 0, 2),(@NPC + 6, 0, 47452, 0, 0, 2),(@NPC + 6, 0, 47481, 0, 0, 2),(@NPC + 6, 0, 47490, 0, 0, 2),(@NPC + 6, 0, 47545, 0, 0, 2),(@NPC + 6, 0, 47546, 0, 0, 2),(@NPC + 6, 0, 47547, 0, 0, 2),(@NPC + 6, 0, 47548, 0, 0, 2),(@NPC + 6, 0, 47549, 0, 0, 2),(@NPC + 6, 0, 47550, 0, 0, 2),(@NPC + 6, 0, 47551, 0, 0, 2),(@NPC + 6, 0, 47552, 0, 0, 2),(@NPC + 6, 0, 47553, 0, 0, 2),(@NPC + 6, 0, 47554, 0, 0, 2),(@NPC + 6, 0, 48666, 0, 0, 2),(@NPC + 6, 0, 48667, 0, 0, 2),(@NPC + 6, 0, 48668, 0, 0, 2),(@NPC + 6, 0, 48669, 0, 0, 2),(@NPC + 6, 0, 48670, 0, 0, 2),(@NPC + 6, 0, 48671, 0, 0, 2),(@NPC + 6, 0, 48672, 0, 0, 2),(@NPC + 6, 0, 48673, 0, 0, 2),(@NPC + 6, 0, 48674, 0, 0, 2),(@NPC + 6, 0, 48675, 0, 0, 2);
DELETE FROM npc_vendor WHERE entry = @NPC + 7;
INSERT INTO npc_vendor VALUES (@NPC + 7, 0, 37254, 0, 0, 2),(@NPC + 7, 0, 39229, 0, 0, 2),(@NPC + 7, 0, 39257, 0, 0, 2),(@NPC + 7, 0, 39292, 0, 0, 2),(@NPC + 7, 0, 39388, 0, 0, 2),(@NPC + 7, 0, 40255, 0, 0, 2),(@NPC + 7, 0, 40256, 0, 0, 2),(@NPC + 7, 0, 40257, 0, 0, 2),(@NPC + 7, 0, 40258, 0, 0, 2),(@NPC + 7, 0, 40371, 0, 0, 2),(@NPC + 7, 0, 40372, 0, 0, 2),(@NPC + 7, 0, 40373, 0, 0, 2),(@NPC + 7, 0, 40382, 0, 0, 2),(@NPC + 7, 0, 45148, 0, 0, 2),(@NPC + 7, 0, 45158, 0, 0, 2),(@NPC + 7, 0, 45263, 0, 0, 2),(@NPC + 7, 0, 45286, 0, 0, 2),(@NPC + 7, 0, 45292, 0, 0, 2),(@NPC + 7, 0, 45308, 0, 0, 2),(@NPC + 7, 0, 45313, 0, 0, 2),(@NPC + 7, 0, 45466, 0, 0, 2),(@NPC + 7, 0, 45490, 0, 0, 2),(@NPC + 7, 0, 45507, 0, 0, 2),(@NPC + 7, 0, 45518, 0, 0, 2),(@NPC + 7, 0, 45522, 0, 0, 2),(@NPC + 7, 0, 45535, 0, 0, 2),(@NPC + 7, 0, 45609, 0, 0, 2),(@NPC + 7, 0, 45703, 0, 0, 2),(@NPC + 7, 0, 45866, 0, 0, 2),(@NPC + 7, 0, 45929, 0, 0, 2),(@NPC + 7, 0, 45931, 0, 0, 2),(@NPC + 7, 0, 46021, 0, 0, 2),(@NPC + 7, 0, 46038, 0, 0, 2),(@NPC + 7, 0, 46051, 0, 0, 2),(@NPC + 7, 0, 46312, 0, 0, 2),(@NPC + 7, 0, 47041, 0, 0, 2),(@NPC + 7, 0, 47059, 0, 0, 2),(@NPC + 7, 0, 47080, 0, 0, 2),(@NPC + 7, 0, 47088, 0, 0, 2),(@NPC + 7, 0, 47115, 0, 0, 2),(@NPC + 7, 0, 47131, 0, 0, 2),(@NPC + 7, 0, 47182, 0, 0, 2),(@NPC + 7, 0, 47188, 0, 0, 2),(@NPC + 7, 0, 47271, 0, 0, 2),(@NPC + 7, 0, 47290, 0, 0, 2),(@NPC + 7, 0, 47303, 0, 0, 2),(@NPC + 7, 0, 47316, 0, 0, 2),(@NPC + 7, 0, 47432, 0, 0, 2),(@NPC + 7, 0, 47451, 0, 0, 2),(@NPC + 7, 0, 47464, 0, 0, 2),(@NPC + 7, 0, 47477, 0, 0, 2),(@NPC + 7, 0, 47725, 0, 0, 2),(@NPC + 7, 0, 47726, 0, 0, 2),(@NPC + 7, 0, 47727, 0, 0, 2),(@NPC + 7, 0, 47728, 0, 0, 2),(@NPC + 7, 0, 47879, 0, 0, 2),(@NPC + 7, 0, 47880, 0, 0, 2),(@NPC + 7, 0, 47881, 0, 0, 2),(@NPC + 7, 0, 47882, 0, 0, 2),(@NPC + 7, 0, 47946, 0, 0, 2),(@NPC + 7, 0, 47947, 0, 0, 2),(@NPC + 7, 0, 47948, 0, 0, 2),(@NPC + 7, 0, 47949, 0, 0, 2),(@NPC + 7, 0, 48018, 0, 0, 2),(@NPC + 7, 0, 48019, 0, 0, 2),(@NPC + 7, 0, 48020, 0, 0, 2),(@NPC + 7, 0, 48021, 0, 0, 2);
DELETE FROM npc_vendor WHERE entry = @NPC;
INSERT INTO npc_vendor VALUES (@NPC, 0, 39190, 0, 0, 2),(@NPC, 0, 39192, 0, 0, 2),(@NPC, 0, 39216, 0, 0, 2),(@NPC, 0, 39242, 0, 0, 2),(@NPC, 0, 39252, 0, 0, 2),(@NPC, 0, 39254, 0, 0, 2),(@NPC, 0, 39273, 0, 0, 2),(@NPC, 0, 39284, 0, 0, 2),(@NPC, 0, 39285, 0, 0, 2),(@NPC, 0, 39295, 0, 0, 2),(@NPC, 0, 39309, 0, 0, 2),(@NPC, 0, 39310, 0, 0, 2),(@NPC, 0, 39390, 0, 0, 2),(@NPC, 0, 39396, 0, 0, 2),(@NPC, 0, 39408, 0, 0, 2),(@NPC, 0, 39409, 0, 0, 2),(@NPC, 0, 39719, 0, 0, 2),(@NPC, 0, 39720, 0, 0, 2),(@NPC, 0, 39721, 0, 0, 2),(@NPC, 0, 39731, 0, 0, 2),(@NPC, 0, 39732, 0, 0, 2),(@NPC, 0, 39733, 0, 0, 2),(@NPC, 0, 39735, 0, 0, 2),(@NPC, 0, 40060, 0, 0, 2),(@NPC, 0, 40062, 0, 0, 2),(@NPC, 0, 40197, 0, 0, 2),(@NPC, 0, 40198, 0, 0, 2),(@NPC, 0, 40234, 0, 0, 2),(@NPC, 0, 40236, 0, 0, 2),(@NPC, 0, 40246, 0, 0, 2),(@NPC, 0, 40247, 0, 0, 2),(@NPC, 0, 40269, 0, 0, 2),(@NPC, 0, 40271, 0, 0, 2),(@NPC, 0, 40286, 0, 0, 2),(@NPC, 0, 40287, 0, 0, 2),(@NPC, 0, 40289, 0, 0, 2),(@NPC, 0, 40301, 0, 0, 2),(@NPC, 0, 40303, 0, 0, 2),(@NPC, 0, 40325, 0, 0, 2),(@NPC, 0, 40326, 0, 0, 2),(@NPC, 0, 40338, 0, 0, 2),(@NPC, 0, 40339, 0, 0, 2),(@NPC, 0, 40351, 0, 0, 2),(@NPC, 0, 40376, 0, 0, 2),(@NPC, 0, 40380, 0, 0, 2),(@NPC, 0, 40381, 0, 0, 2),(@NPC, 0, 40398, 0, 0, 2),(@NPC, 0, 40602, 0, 0, 2),(@NPC, 0, 45117, 0, 0, 2),(@NPC, 0, 45119, 0, 0, 2),(@NPC, 0, 45135, 0, 0, 2),(@NPC, 0, 45146, 0, 0, 2),(@NPC, 0, 45150, 0, 0, 2),(@NPC, 0, 45186, 0, 0, 2),(@NPC, 0, 45238, 0, 0, 2),(@NPC, 0, 45240, 0, 0, 2),(@NPC, 0, 45253, 0, 0, 2),(@NPC, 0, 45258, 0, 0, 2),(@NPC, 0, 45272, 0, 0, 2),(@NPC, 0, 45273, 0, 0, 2),(@NPC, 0, 45275, 0, 0, 2),(@NPC, 0, 45289, 0, 0, 2),(@NPC, 0, 45291, 0, 0, 2),(@NPC, 0, 45306, 0, 0, 2),(@NPC, 0, 45423, 0, 0, 2),(@NPC, 0, 45435, 0, 0, 2),(@NPC, 0, 45441, 0, 0, 2),(@NPC, 0, 45446, 0, 0, 2),(@NPC, 0, 45464, 0, 0, 2),(@NPC, 0, 45468, 0, 0, 2),(@NPC, 0, 45483, 0, 0, 2),(@NPC, 0, 45488, 0, 0, 2),(@NPC, 0, 45497, 0, 0, 2),(@NPC, 0, 45508, 0, 0, 2),(@NPC, 0, 45514, 0, 0, 2),(@NPC, 0, 45520, 0, 0, 2),(@NPC, 0, 45532, 0, 0, 2),(@NPC, 0, 45537, 0, 0, 2),(@NPC, 0, 45549, 0, 0, 2),(@NPC, 0, 45619, 0, 0, 2),(@NPC, 0, 45665, 0, 0, 2),(@NPC, 0, 45694, 0, 0, 2),(@NPC, 0, 45832, 0, 0, 2),(@NPC, 0, 45865, 0, 0, 2),(@NPC, 0, 45894, 0, 0, 2),(@NPC, 0, 45927, 0, 0, 2),(@NPC, 0, 45976, 0, 0, 2),(@NPC, 0, 46012, 0, 0, 2),(@NPC, 0, 46013, 0, 0, 2),(@NPC, 0, 46030, 0, 0, 2),(@NPC, 0, 46034, 0, 0, 2),(@NPC, 0, 46045, 0, 0, 2),(@NPC, 0, 46050, 0, 0, 2),(@NPC, 0, 46068, 0, 0, 2),(@NPC, 0, 46344, 0, 0, 2),(@NPC, 0, 46972, 0, 0, 2),(@NPC, 0, 46973, 0, 0, 2),(@NPC, 0, 46992, 0, 0, 2),(@NPC, 0, 46993, 0, 0, 2),(@NPC, 0, 47051, 0, 0, 2),(@NPC, 0, 47062, 0, 0, 2),(@NPC, 0, 47081, 0, 0, 2),(@NPC, 0, 47084, 0, 0, 2),(@NPC, 0, 47092, 0, 0, 2),(@NPC, 0, 47097, 0, 0, 2),(@NPC, 0, 47126, 0, 0, 2),(@NPC, 0, 47129, 0, 0, 2),(@NPC, 0, 47141, 0, 0, 2),(@NPC, 0, 47143, 0, 0, 2),(@NPC, 0, 47173, 0, 0, 2),(@NPC, 0, 47187, 0, 0, 2),(@NPC, 0, 47189, 0, 0, 2),(@NPC, 0, 47194, 0, 0, 2),(@NPC, 0, 47203, 0, 0, 2),(@NPC, 0, 47205, 0, 0, 2),(@NPC, 0, 47208, 0, 0, 2),(@NPC, 0, 47235, 0, 0, 2),(@NPC, 0, 47236, 0, 0, 2),(@NPC, 0, 47258, 0, 0, 2),(@NPC, 0, 47264, 0, 0, 2),(@NPC, 0, 47274, 0, 0, 2),(@NPC, 0, 47286, 0, 0, 2),(@NPC, 0, 47293, 0, 0, 2),(@NPC, 0, 47301, 0, 0, 2),(@NPC, 0, 47306, 0, 0, 2),(@NPC, 0, 47317, 0, 0, 2),(@NPC, 0, 47321, 0, 0, 2),(@NPC, 0, 47324, 0, 0, 2),(@NPC, 0, 47326, 0, 0, 2),(@NPC, 0, 47419, 0, 0, 2),(@NPC, 0, 47425, 0, 0, 2),(@NPC, 0, 47435, 0, 0, 2),(@NPC, 0, 47447, 0, 0, 2),(@NPC, 0, 47454, 0, 0, 2),(@NPC, 0, 47462, 0, 0, 2),(@NPC, 0, 47467, 0, 0, 2),(@NPC, 0, 47478, 0, 0, 2),(@NPC, 0, 47482, 0, 0, 2),(@NPC, 0, 47485, 0, 0, 2),(@NPC, 0, 47487, 0, 0, 2),(@NPC, 0, 47617, 0, 0, 2),(@NPC, 0, 47620, 0, 0, 2),(@NPC, 0, 47663, 0, 0, 2),(@NPC, 0, 47721, 0, 0, 2),(@NPC, 0, 47745, 0, 0, 2),(@NPC, 0, 47837, 0, 0, 2),(@NPC, 0, 47838, 0, 0, 2),(@NPC, 0, 47855, 0, 0, 2),(@NPC, 0, 47861, 0, 0, 2),(@NPC, 0, 47865, 0, 0, 2),(@NPC, 0, 47873, 0, 0, 2),(@NPC, 0, 47889, 0, 0, 2),(@NPC, 0, 47906, 0, 0, 2),(@NPC, 0, 47909, 0, 0, 2),(@NPC, 0, 47921, 0, 0, 2),(@NPC, 0, 47927, 0, 0, 2),(@NPC, 0, 47931, 0, 0, 2),(@NPC, 0, 47940, 0, 0, 2),(@NPC, 0, 47956, 0, 0, 2),(@NPC, 0, 47974, 0, 0, 2),(@NPC, 0, 47977, 0, 0, 2),(@NPC, 0, 47994, 0, 0, 2),(@NPC, 0, 48000, 0, 0, 2),(@NPC, 0, 48004, 0, 0, 2),(@NPC, 0, 48012, 0, 0, 2),(@NPC, 0, 48028, 0, 0, 2),(@NPC, 0, 48051, 0, 0, 2),(@NPC, 0, 48054, 0, 0, 2),(@NPC, 0, 49231, 0, 0, 2),(@NPC, 0, 49232, 0, 0, 2),(@NPC, 0, 49233, 0, 0, 2),(@NPC, 0, 49234, 0, 0, 2);
DELETE FROM npc_vendor WHERE entry = @NPC + 1;
INSERT INTO npc_vendor VALUES (@NPC + 1, 0, 39191, 0, 0, 2),(@NPC + 1, 0, 39196, 0, 0, 2),(@NPC + 1, 0, 39215, 0, 0, 2),(@NPC + 1, 0, 39224, 0, 0, 2),(@NPC + 1, 0, 39230, 0, 0, 2),(@NPC + 1, 0, 39237, 0, 0, 2),(@NPC + 1, 0, 39240, 0, 0, 2),(@NPC + 1, 0, 39247, 0, 0, 2),(@NPC + 1, 0, 39259, 0, 0, 2),(@NPC + 1, 0, 39275, 0, 0, 2),(@NPC + 1, 0, 39279, 0, 0, 2),(@NPC + 1, 0, 39283, 0, 0, 2),(@NPC + 1, 0, 39299, 0, 0, 2),(@NPC + 1, 0, 39308, 0, 0, 2),(@NPC + 1, 0, 39386, 0, 0, 2),(@NPC + 1, 0, 39399, 0, 0, 2),(@NPC + 1, 0, 39701, 0, 0, 2),(@NPC + 1, 0, 39722, 0, 0, 2),(@NPC + 1, 0, 39727, 0, 0, 2),(@NPC + 1, 0, 39756, 0, 0, 2),(@NPC + 1, 0, 39761, 0, 0, 2),(@NPC + 1, 0, 39765, 0, 0, 2),(@NPC + 1, 0, 39768, 0, 0, 2),(@NPC + 1, 0, 40063, 0, 0, 2),(@NPC + 1, 0, 40186, 0, 0, 2),(@NPC + 1, 0, 40200, 0, 0, 2),(@NPC + 1, 0, 40205, 0, 0, 2),(@NPC + 1, 0, 40238, 0, 0, 2),(@NPC + 1, 0, 40243, 0, 0, 2),(@NPC + 1, 0, 40249, 0, 0, 2),(@NPC + 1, 0, 40260, 0, 0, 2),(@NPC + 1, 0, 40270, 0, 0, 2),(@NPC + 1, 0, 40277, 0, 0, 2),(@NPC + 1, 0, 40285, 0, 0, 2),(@NPC + 1, 0, 40296, 0, 0, 2),(@NPC + 1, 0, 40304, 0, 0, 2),(@NPC + 1, 0, 40305, 0, 0, 2),(@NPC + 1, 0, 40319, 0, 0, 2),(@NPC + 1, 0, 40323, 0, 0, 2),(@NPC + 1, 0, 40329, 0, 0, 2),(@NPC + 1, 0, 40333, 0, 0, 2),(@NPC + 1, 0, 40341, 0, 0, 2),(@NPC + 1, 0, 40349, 0, 0, 2),(@NPC + 1, 0, 40362, 0, 0, 2),(@NPC + 1, 0, 40379, 0, 0, 2),(@NPC + 1, 0, 40409, 0, 0, 2),(@NPC + 1, 0, 45108, 0, 0, 2),(@NPC + 1, 0, 45136, 0, 0, 2),(@NPC + 1, 0, 45141, 0, 0, 2),(@NPC + 1, 0, 45149, 0, 0, 2),(@NPC + 1, 0, 45162, 0, 0, 2),(@NPC + 1, 0, 45185, 0, 0, 2),(@NPC + 1, 0, 45232, 0, 0, 2),(@NPC + 1, 0, 45237, 0, 0, 2),(@NPC + 1, 0, 45245, 0, 0, 2),(@NPC + 1, 0, 45260, 0, 0, 2),(@NPC + 1, 0, 45265, 0, 0, 2),(@NPC + 1, 0, 45293, 0, 0, 2),(@NPC + 1, 0, 45302, 0, 0, 2),(@NPC + 1, 0, 45312, 0, 0, 2),(@NPC + 1, 0, 45324, 0, 0, 2),(@NPC + 1, 0, 45325, 0, 0, 2),(@NPC + 1, 0, 45378, 0, 0, 2),(@NPC + 1, 0, 45439, 0, 0, 2),(@NPC + 1, 0, 45453, 0, 0, 2),(@NPC + 1, 0, 45455, 0, 0, 2),(@NPC + 1, 0, 45462, 0, 0, 2),(@NPC + 1, 0, 45473, 0, 0, 2),(@NPC + 1, 0, 45482, 0, 0, 2),(@NPC + 1, 0, 45491, 0, 0, 2),(@NPC + 1, 0, 45492, 0, 0, 2),(@NPC + 1, 0, 45512, 0, 0, 2),(@NPC + 1, 0, 45519, 0, 0, 2),(@NPC + 1, 0, 45523, 0, 0, 2),(@NPC + 1, 0, 45536, 0, 0, 2),(@NPC + 1, 0, 45547, 0, 0, 2),(@NPC + 1, 0, 45548, 0, 0, 2),(@NPC + 1, 0, 45611, 0, 0, 2),(@NPC + 1, 0, 45616, 0, 0, 2),(@NPC + 1, 0, 45677, 0, 0, 2),(@NPC + 1, 0, 45686, 0, 0, 2),(@NPC + 1, 0, 45709, 0, 0, 2),(@NPC + 1, 0, 45864, 0, 0, 2),(@NPC + 1, 0, 45869, 0, 0, 2),(@NPC + 1, 0, 45893, 0, 0, 2),(@NPC + 1, 0, 45940, 0, 0, 2),(@NPC + 1, 0, 45974, 0, 0, 2),(@NPC + 1, 0, 45993, 0, 0, 2),(@NPC + 1, 0, 46009, 0, 0, 2),(@NPC + 1, 0, 46043, 0, 0, 2),(@NPC + 1, 0, 46049, 0, 0, 2),(@NPC + 1, 0, 46095, 0, 0, 2),(@NPC + 1, 0, 46974, 0, 0, 2),(@NPC + 1, 0, 46975, 0, 0, 2),(@NPC + 1, 0, 46988, 0, 0, 2),(@NPC + 1, 0, 46989, 0, 0, 2),(@NPC + 1, 0, 47000, 0, 0, 2),(@NPC + 1, 0, 47004, 0, 0, 2),(@NPC + 1, 0, 47055, 0, 0, 2),(@NPC + 1, 0, 47066, 0, 0, 2),(@NPC + 1, 0, 47071, 0, 0, 2),(@NPC + 1, 0, 47077, 0, 0, 2),(@NPC + 1, 0, 47094, 0, 0, 2),(@NPC + 1, 0, 47096, 0, 0, 2),(@NPC + 1, 0, 47107, 0, 0, 2),(@NPC + 1, 0, 47112, 0, 0, 2),(@NPC + 1, 0, 47140, 0, 0, 2),(@NPC + 1, 0, 47145, 0, 0, 2),(@NPC + 1, 0, 47151, 0, 0, 2),(@NPC + 1, 0, 47155, 0, 0, 2),(@NPC + 1, 0, 47170, 0, 0, 2),(@NPC + 1, 0, 47174, 0, 0, 2),(@NPC + 1, 0, 47186, 0, 0, 2),(@NPC + 1, 0, 47190, 0, 0, 2),(@NPC + 1, 0, 47248, 0, 0, 2),(@NPC + 1, 0, 47249, 0, 0, 2),(@NPC + 1, 0, 47259, 0, 0, 2),(@NPC + 1, 0, 47262, 0, 0, 2),(@NPC + 1, 0, 47270, 0, 0, 2),(@NPC + 1, 0, 47277, 0, 0, 2),(@NPC + 1, 0, 47284, 0, 0, 2),(@NPC + 1, 0, 47292, 0, 0, 2),(@NPC + 1, 0, 47299, 0, 0, 2),(@NPC + 1, 0, 47308, 0, 0, 2),(@NPC + 1, 0, 47313, 0, 0, 2),(@NPC + 1, 0, 47318, 0, 0, 2),(@NPC + 1, 0, 47420, 0, 0, 2),(@NPC + 1, 0, 47423, 0, 0, 2),(@NPC + 1, 0, 47431, 0, 0, 2),(@NPC + 1, 0, 47438, 0, 0, 2),(@NPC + 1, 0, 47445, 0, 0, 2),(@NPC + 1, 0, 47453, 0, 0, 2),(@NPC + 1, 0, 47460, 0, 0, 2),(@NPC + 1, 0, 47469, 0, 0, 2),(@NPC + 1, 0, 47474, 0, 0, 2),(@NPC + 1, 0, 47479, 0, 0, 2),(@NPC + 1, 0, 47608, 0, 0, 2),(@NPC + 1, 0, 47613, 0, 0, 2),(@NPC + 1, 0, 47669, 0, 0, 2),(@NPC + 1, 0, 47719, 0, 0, 2),(@NPC + 1, 0, 47739, 0, 0, 2),(@NPC + 1, 0, 47746, 0, 0, 2),(@NPC + 1, 0, 47832, 0, 0, 2),(@NPC + 1, 0, 47853, 0, 0, 2),(@NPC + 1, 0, 47857, 0, 0, 2),(@NPC + 1, 0, 47863, 0, 0, 2),(@NPC + 1, 0, 47878, 0, 0, 2),(@NPC + 1, 0, 47887, 0, 0, 2),(@NPC + 1, 0, 47891, 0, 0, 2),(@NPC + 1, 0, 47904, 0, 0, 2),(@NPC + 1, 0, 47919, 0, 0, 2),(@NPC + 1, 0, 47923, 0, 0, 2),(@NPC + 1, 0, 47929, 0, 0, 2),(@NPC + 1, 0, 47945, 0, 0, 2),(@NPC + 1, 0, 47954, 0, 0, 2),(@NPC + 1, 0, 47959, 0, 0, 2),(@NPC + 1, 0, 47972, 0, 0, 2),(@NPC + 1, 0, 47992, 0, 0, 2),(@NPC + 1, 0, 47996, 0, 0, 2),(@NPC + 1, 0, 48002, 0, 0, 2),(@NPC + 1, 0, 48017, 0, 0, 2),(@NPC + 1, 0, 48026, 0, 0, 2),(@NPC + 1, 0, 48034, 0, 0, 2),(@NPC + 1, 0, 48049, 0, 0, 2);
DELETE FROM npc_vendor WHERE entry = @NPC + 2;
INSERT INTO npc_vendor VALUES (@NPC + 2, 0, 39189, 0, 0, 2),(@NPC + 2, 0, 39194, 0, 0, 2),(@NPC + 2, 0, 39217, 0, 0, 2),(@NPC + 2, 0, 39236, 0, 0, 2),(@NPC + 2, 0, 39243, 0, 0, 2),(@NPC + 2, 0, 39248, 0, 0, 2),(@NPC + 2, 0, 39251, 0, 0, 2),(@NPC + 2, 0, 39274, 0, 0, 2),(@NPC + 2, 0, 39278, 0, 0, 2),(@NPC + 2, 0, 39294, 0, 0, 2),(@NPC + 2, 0, 39307, 0, 0, 2),(@NPC + 2, 0, 39379, 0, 0, 2),(@NPC + 2, 0, 39391, 0, 0, 2),(@NPC + 2, 0, 39397, 0, 0, 2),(@NPC + 2, 0, 39405, 0, 0, 2),(@NPC + 2, 0, 39702, 0, 0, 2),(@NPC + 2, 0, 39718, 0, 0, 2),(@NPC + 2, 0, 39724, 0, 0, 2),(@NPC + 2, 0, 39734, 0, 0, 2),(@NPC + 2, 0, 39762, 0, 0, 2),(@NPC + 2, 0, 40061, 0, 0, 2),(@NPC + 2, 0, 40184, 0, 0, 2),(@NPC + 2, 0, 40193, 0, 0, 2),(@NPC + 2, 0, 40196, 0, 0, 2),(@NPC + 2, 0, 40201, 0, 0, 2),(@NPC + 2, 0, 40209, 0, 0, 2),(@NPC + 2, 0, 40235, 0, 0, 2),(@NPC + 2, 0, 40237, 0, 0, 2),(@NPC + 2, 0, 40242, 0, 0, 2),(@NPC + 2, 0, 40262, 0, 0, 2),(@NPC + 2, 0, 40272, 0, 0, 2),(@NPC + 2, 0, 40275, 0, 0, 2),(@NPC + 2, 0, 40282, 0, 0, 2),(@NPC + 2, 0, 40283, 0, 0, 2),(@NPC + 2, 0, 40288, 0, 0, 2),(@NPC + 2, 0, 40299, 0, 0, 2),(@NPC + 2, 0, 40302, 0, 0, 2),(@NPC + 2, 0, 40315, 0, 0, 2),(@NPC + 2, 0, 40324, 0, 0, 2),(@NPC + 2, 0, 40327, 0, 0, 2),(@NPC + 2, 0, 40331, 0, 0, 2),(@NPC + 2, 0, 40340, 0, 0, 2),(@NPC + 2, 0, 40344, 0, 0, 2),(@NPC + 2, 0, 40352, 0, 0, 2),(@NPC + 2, 0, 40367, 0, 0, 2),(@NPC + 2, 0, 45109, 0, 0, 2),(@NPC + 2, 0, 45118, 0, 0, 2),(@NPC + 2, 0, 45143, 0, 0, 2),(@NPC + 2, 0, 45151, 0, 0, 2),(@NPC + 2, 0, 45164, 0, 0, 2),(@NPC + 2, 0, 45187, 0, 0, 2),(@NPC + 2, 0, 45227, 0, 0, 2),(@NPC + 2, 0, 45239, 0, 0, 2),(@NPC + 2, 0, 45244, 0, 0, 2),(@NPC + 2, 0, 45249, 0, 0, 2),(@NPC + 2, 0, 45259, 0, 0, 2),(@NPC + 2, 0, 45274, 0, 0, 2),(@NPC + 2, 0, 45288, 0, 0, 2),(@NPC + 2, 0, 45300, 0, 0, 2),(@NPC + 2, 0, 45301, 0, 0, 2),(@NPC + 2, 0, 45307, 0, 0, 2),(@NPC + 2, 0, 45316, 0, 0, 2),(@NPC + 2, 0, 45329, 0, 0, 2),(@NPC + 2, 0, 45333, 0, 0, 2),(@NPC + 2, 0, 45440, 0, 0, 2),(@NPC + 2, 0, 45444, 0, 0, 2),(@NPC + 2, 0, 45454, 0, 0, 2),(@NPC + 2, 0, 45460, 0, 0, 2),(@NPC + 2, 0, 45467, 0, 0, 2),(@NPC + 2, 0, 45474, 0, 0, 2),(@NPC + 2, 0, 45504, 0, 0, 2),(@NPC + 2, 0, 45513, 0, 0, 2),(@NPC + 2, 0, 45524, 0, 0, 2),(@NPC + 2, 0, 45531, 0, 0, 2),(@NPC + 2, 0, 45543, 0, 0, 2),(@NPC + 2, 0, 45544, 0, 0, 2),(@NPC + 2, 0, 45610, 0, 0, 2),(@NPC + 2, 0, 45615, 0, 0, 2),(@NPC + 2, 0, 45679, 0, 0, 2),(@NPC + 2, 0, 45687, 0, 0, 2),(@NPC + 2, 0, 45701, 0, 0, 2),(@NPC + 2, 0, 45711, 0, 0, 2),(@NPC + 2, 0, 45867, 0, 0, 2),(@NPC + 2, 0, 45895, 0, 0, 2),(@NPC + 2, 0, 45941, 0, 0, 2),(@NPC + 2, 0, 45943, 0, 0, 2),(@NPC + 2, 0, 45989, 0, 0, 2),(@NPC + 2, 0, 46019, 0, 0, 2),(@NPC + 2, 0, 46044, 0, 0, 2),(@NPC + 2, 0, 46346, 0, 0, 2),(@NPC + 2, 0, 46960, 0, 0, 2),(@NPC + 2, 0, 46965, 0, 0, 2),(@NPC + 2, 0, 46990, 0, 0, 2),(@NPC + 2, 0, 46991, 0, 0, 2),(@NPC + 2, 0, 47056, 0, 0, 2),(@NPC + 2, 0, 47068, 0, 0, 2),(@NPC + 2, 0, 47073, 0, 0, 2),(@NPC + 2, 0, 47074, 0, 0, 2),(@NPC + 2, 0, 47083, 0, 0, 2),(@NPC + 2, 0, 47087, 0, 0, 2),(@NPC + 2, 0, 47090, 0, 0, 2),(@NPC + 2, 0, 47099, 0, 0, 2),(@NPC + 2, 0, 47106, 0, 0, 2),(@NPC + 2, 0, 47109, 0, 0, 2),(@NPC + 2, 0, 47152, 0, 0, 2),(@NPC + 2, 0, 47153, 0, 0, 2),(@NPC + 2, 0, 47175, 0, 0, 2),(@NPC + 2, 0, 47184, 0, 0, 2),(@NPC + 2, 0, 47191, 0, 0, 2),(@NPC + 2, 0, 47204, 0, 0, 2),(@NPC + 2, 0, 47209, 0, 0, 2),(@NPC + 2, 0, 47244, 0, 0, 2),(@NPC + 2, 0, 47250, 0, 0, 2),(@NPC + 2, 0, 47251, 0, 0, 2),(@NPC + 2, 0, 47265, 0, 0, 2),(@NPC + 2, 0, 47280, 0, 0, 2),(@NPC + 2, 0, 47281, 0, 0, 2),(@NPC + 2, 0, 47289, 0, 0, 2),(@NPC + 2, 0, 47295, 0, 0, 2),(@NPC + 2, 0, 47296, 0, 0, 2),(@NPC + 2, 0, 47311, 0, 0, 2),(@NPC + 2, 0, 47319, 0, 0, 2),(@NPC + 2, 0, 47325, 0, 0, 2),(@NPC + 2, 0, 47412, 0, 0, 2),(@NPC + 2, 0, 47426, 0, 0, 2),(@NPC + 2, 0, 47441, 0, 0, 2),(@NPC + 2, 0, 47442, 0, 0, 2),(@NPC + 2, 0, 47450, 0, 0, 2),(@NPC + 2, 0, 47456, 0, 0, 2),(@NPC + 2, 0, 47457, 0, 0, 2),(@NPC + 2, 0, 47472, 0, 0, 2),(@NPC + 2, 0, 47480, 0, 0, 2),(@NPC + 2, 0, 47486, 0, 0, 2),(@NPC + 2, 0, 47610, 0, 0, 2),(@NPC + 2, 0, 47616, 0, 0, 2),(@NPC + 2, 0, 47621, 0, 0, 2),(@NPC + 2, 0, 47683, 0, 0, 2),(@NPC + 2, 0, 47718, 0, 0, 2),(@NPC + 2, 0, 47744, 0, 0, 2),(@NPC + 2, 0, 47813, 0, 0, 2),(@NPC + 2, 0, 47829, 0, 0, 2),(@NPC + 2, 0, 47850, 0, 0, 2),(@NPC + 2, 0, 47860, 0, 0, 2),(@NPC + 2, 0, 47866, 0, 0, 2),(@NPC + 2, 0, 47867, 0, 0, 2),(@NPC + 2, 0, 47875, 0, 0, 2),(@NPC + 2, 0, 47893, 0, 0, 2),(@NPC + 2, 0, 47897, 0, 0, 2),(@NPC + 2, 0, 47901, 0, 0, 2),(@NPC + 2, 0, 47916, 0, 0, 2),(@NPC + 2, 0, 47926, 0, 0, 2),(@NPC + 2, 0, 47932, 0, 0, 2),(@NPC + 2, 0, 47933, 0, 0, 2),(@NPC + 2, 0, 47942, 0, 0, 2),(@NPC + 2, 0, 47961, 0, 0, 2),(@NPC + 2, 0, 47965, 0, 0, 2),(@NPC + 2, 0, 47969, 0, 0, 2),(@NPC + 2, 0, 47989, 0, 0, 2),(@NPC + 2, 0, 47999, 0, 0, 2),(@NPC + 2, 0, 48005, 0, 0, 2),(@NPC + 2, 0, 48006, 0, 0, 2),(@NPC + 2, 0, 48014, 0, 0, 2),(@NPC + 2, 0, 48038, 0, 0, 2),(@NPC + 2, 0, 48042, 0, 0, 2),(@NPC + 2, 0, 48046, 0, 0, 2),(@NPC + 2, 0, 49235, 0, 0, 2),(@NPC + 2, 0, 49236, 0, 0, 2),(@NPC + 2, 0, 49237, 0, 0, 2),(@NPC + 2, 0, 49238, 0, 0, 2);
DELETE FROM npc_vendor WHERE entry = @NPC + 3;
INSERT INTO npc_vendor VALUES (@NPC + 3, 0, 39139, 0, 0, 2),(@NPC + 3, 0, 39188, 0, 0, 2),(@NPC + 3, 0, 39195, 0, 0, 2),(@NPC + 3, 0, 39197, 0, 0, 2),(@NPC + 3, 0, 39198, 0, 0, 2),(@NPC + 3, 0, 39228, 0, 0, 2),(@NPC + 3, 0, 39234, 0, 0, 2),(@NPC + 3, 0, 39235, 0, 0, 2),(@NPC + 3, 0, 39239, 0, 0, 2),(@NPC + 3, 0, 39249, 0, 0, 2),(@NPC + 3, 0, 39258, 0, 0, 2),(@NPC + 3, 0, 39260, 0, 0, 2),(@NPC + 3, 0, 39261, 0, 0, 2),(@NPC + 3, 0, 39262, 0, 0, 2),(@NPC + 3, 0, 39267, 0, 0, 2),(@NPC + 3, 0, 39280, 0, 0, 2),(@NPC + 3, 0, 39293, 0, 0, 2),(@NPC + 3, 0, 39298, 0, 0, 2),(@NPC + 3, 0, 39306, 0, 0, 2),(@NPC + 3, 0, 39345, 0, 0, 2),(@NPC + 3, 0, 39369, 0, 0, 2),(@NPC + 3, 0, 39395, 0, 0, 2),(@NPC + 3, 0, 39398, 0, 0, 2),(@NPC + 3, 0, 39403, 0, 0, 2),(@NPC + 3, 0, 39467, 0, 0, 2),(@NPC + 3, 0, 39703, 0, 0, 2),(@NPC + 3, 0, 39704, 0, 0, 2),(@NPC + 3, 0, 39706, 0, 0, 2),(@NPC + 3, 0, 39717, 0, 0, 2),(@NPC + 3, 0, 39723, 0, 0, 2),(@NPC + 3, 0, 39725, 0, 0, 2),(@NPC + 3, 0, 39726, 0, 0, 2),(@NPC + 3, 0, 39729, 0, 0, 2),(@NPC + 3, 0, 39759, 0, 0, 2),(@NPC + 3, 0, 39760, 0, 0, 2),(@NPC + 3, 0, 39764, 0, 0, 2),(@NPC + 3, 0, 39767, 0, 0, 2),(@NPC + 3, 0, 40185, 0, 0, 2),(@NPC + 3, 0, 40187, 0, 0, 2),(@NPC + 3, 0, 40188, 0, 0, 2),(@NPC + 3, 0, 40203, 0, 0, 2),(@NPC + 3, 0, 40204, 0, 0, 2),(@NPC + 3, 0, 40206, 0, 0, 2),(@NPC + 3, 0, 40210, 0, 0, 2),(@NPC + 3, 0, 40240, 0, 0, 2),(@NPC + 3, 0, 40241, 0, 0, 2),(@NPC + 3, 0, 40259, 0, 0, 2),(@NPC + 3, 0, 40261, 0, 0, 2),(@NPC + 3, 0, 40263, 0, 0, 2),(@NPC + 3, 0, 40274, 0, 0, 2),(@NPC + 3, 0, 40278, 0, 0, 2),(@NPC + 3, 0, 40279, 0, 0, 2),(@NPC + 3, 0, 40294, 0, 0, 2),(@NPC + 3, 0, 40297, 0, 0, 2),(@NPC + 3, 0, 40298, 0, 0, 2),(@NPC + 3, 0, 40306, 0, 0, 2),(@NPC + 3, 0, 40316, 0, 0, 2),(@NPC + 3, 0, 40317, 0, 0, 2),(@NPC + 3, 0, 40318, 0, 0, 2),(@NPC + 3, 0, 40320, 0, 0, 2),(@NPC + 3, 0, 40328, 0, 0, 2),(@NPC + 3, 0, 40330, 0, 0, 2),(@NPC + 3, 0, 40332, 0, 0, 2),(@NPC + 3, 0, 40334, 0, 0, 2),(@NPC + 3, 0, 40347, 0, 0, 2),(@NPC + 3, 0, 40363, 0, 0, 2),(@NPC + 3, 0, 40365, 0, 0, 2),(@NPC + 3, 0, 40366, 0, 0, 2),(@NPC + 3, 0, 40377, 0, 0, 2),(@NPC + 3, 0, 40414, 0, 0, 2),(@NPC + 3, 0, 45107, 0, 0, 2),(@NPC + 3, 0, 45111, 0, 0, 2),(@NPC + 3, 0, 45134, 0, 0, 2),(@NPC + 3, 0, 45139, 0, 0, 2),(@NPC + 3, 0, 45140, 0, 0, 2),(@NPC + 3, 0, 45161, 0, 0, 2),(@NPC + 3, 0, 45166, 0, 0, 2),(@NPC + 3, 0, 45167, 0, 0, 2),(@NPC + 3, 0, 45225, 0, 0, 2),(@NPC + 3, 0, 45226, 0, 0, 2),(@NPC + 3, 0, 45228, 0, 0, 2),(@NPC + 3, 0, 45241, 0, 0, 2),(@NPC + 3, 0, 45248, 0, 0, 2),(@NPC + 3, 0, 45251, 0, 0, 2),(@NPC + 3, 0, 45252, 0, 0, 2),(@NPC + 3, 0, 45264, 0, 0, 2),(@NPC + 3, 0, 45267, 0, 0, 2),(@NPC + 3, 0, 45268, 0, 0, 2),(@NPC + 3, 0, 45269, 0, 0, 2),(@NPC + 3, 0, 45283, 0, 0, 2),(@NPC + 3, 0, 45295, 0, 0, 2),(@NPC + 3, 0, 45299, 0, 0, 2),(@NPC + 3, 0, 45304, 0, 0, 2),(@NPC + 3, 0, 45305, 0, 0, 2),(@NPC + 3, 0, 45310, 0, 0, 2),(@NPC + 3, 0, 45320, 0, 0, 2),(@NPC + 3, 0, 45321, 0, 0, 2),(@NPC + 3, 0, 45330, 0, 0, 2),(@NPC + 3, 0, 45334, 0, 0, 2),(@NPC + 3, 0, 45434, 0, 0, 2),(@NPC + 3, 0, 45445, 0, 0, 2),(@NPC + 3, 0, 45452, 0, 0, 2),(@NPC + 3, 0, 45472, 0, 0, 2),(@NPC + 3, 0, 45481, 0, 0, 2),(@NPC + 3, 0, 45487, 0, 0, 2),(@NPC + 3, 0, 45501, 0, 0, 2),(@NPC + 3, 0, 45502, 0, 0, 2),(@NPC + 3, 0, 45505, 0, 0, 2),(@NPC + 3, 0, 45542, 0, 0, 2),(@NPC + 3, 0, 45594, 0, 0, 2),(@NPC + 3, 0, 45599, 0, 0, 2),(@NPC + 3, 0, 45663, 0, 0, 2),(@NPC + 3, 0, 45676, 0, 0, 2),(@NPC + 3, 0, 45680, 0, 0, 2),(@NPC + 3, 0, 45697, 0, 0, 2),(@NPC + 3, 0, 45698, 0, 0, 2),(@NPC + 3, 0, 45708, 0, 0, 2),(@NPC + 3, 0, 45712, 0, 0, 2),(@NPC + 3, 0, 45888, 0, 0, 2),(@NPC + 3, 0, 45928, 0, 0, 2),(@NPC + 3, 0, 45935, 0, 0, 2),(@NPC + 3, 0, 45936, 0, 0, 2),(@NPC + 3, 0, 45975, 0, 0, 2),(@NPC + 3, 0, 45982, 0, 0, 2),(@NPC + 3, 0, 45988, 0, 0, 2),(@NPC + 3, 0, 45997, 0, 0, 2),(@NPC + 3, 0, 46028, 0, 0, 2),(@NPC + 3, 0, 46037, 0, 0, 2),(@NPC + 3, 0, 46039, 0, 0, 2),(@NPC + 3, 0, 46041, 0, 0, 2),(@NPC + 3, 0, 46340, 0, 0, 2),(@NPC + 3, 0, 46345, 0, 0, 2),(@NPC + 3, 0, 46961, 0, 0, 2),(@NPC + 3, 0, 46962, 0, 0, 2),(@NPC + 3, 0, 46967, 0, 0, 2),(@NPC + 3, 0, 46968, 0, 0, 2),(@NPC + 3, 0, 46985, 0, 0, 2),(@NPC + 3, 0, 46986, 0, 0, 2),(@NPC + 3, 0, 46997, 0, 0, 2),(@NPC + 3, 0, 46999, 0, 0, 2),(@NPC + 3, 0, 47002, 0, 0, 2),(@NPC + 3, 0, 47003, 0, 0, 2),(@NPC + 3, 0, 47052, 0, 0, 2),(@NPC + 3, 0, 47057, 0, 0, 2),(@NPC + 3, 0, 47061, 0, 0, 2),(@NPC + 3, 0, 47067, 0, 0, 2),(@NPC + 3, 0, 47072, 0, 0, 2),(@NPC + 3, 0, 47076, 0, 0, 2),(@NPC + 3, 0, 47082, 0, 0, 2),(@NPC + 3, 0, 47086, 0, 0, 2),(@NPC + 3, 0, 47093, 0, 0, 2),(@NPC + 3, 0, 47098, 0, 0, 2),(@NPC + 3, 0, 47108, 0, 0, 2),(@NPC + 3, 0, 47111, 0, 0, 2),(@NPC + 3, 0, 47121, 0, 0, 2),(@NPC + 3, 0, 47132, 0, 0, 2),(@NPC + 3, 0, 47142, 0, 0, 2),(@NPC + 3, 0, 47147, 0, 0, 2),(@NPC + 3, 0, 47150, 0, 0, 2),(@NPC + 3, 0, 47154, 0, 0, 2),(@NPC + 3, 0, 47171, 0, 0, 2),(@NPC + 3, 0, 47172, 0, 0, 2),(@NPC + 3, 0, 47195, 0, 0, 2),(@NPC + 3, 0, 47207, 0, 0, 2),(@NPC + 3, 0, 47234, 0, 0, 2),(@NPC + 3, 0, 47240, 0, 0, 2),(@NPC + 3, 0, 47253, 0, 0, 2),(@NPC + 3, 0, 47254, 0, 0, 2),(@NPC + 3, 0, 47263, 0, 0, 2),(@NPC + 3, 0, 47268, 0, 0, 2),(@NPC + 3, 0, 47269, 0, 0, 2),(@NPC + 3, 0, 47273, 0, 0, 2),(@NPC + 3, 0, 47279, 0, 0, 2),(@NPC + 3, 0, 47283, 0, 0, 2),(@NPC + 3, 0, 47288, 0, 0, 2),(@NPC + 3, 0, 47294, 0, 0, 2),(@NPC + 3, 0, 47298, 0, 0, 2),(@NPC + 3, 0, 47304, 0, 0, 2),(@NPC + 3, 0, 47310, 0, 0, 2),(@NPC + 3, 0, 47312, 0, 0, 2),(@NPC + 3, 0, 47323, 0, 0, 2),(@NPC + 3, 0, 47330, 0, 0, 2),(@NPC + 3, 0, 47414, 0, 0, 2),(@NPC + 3, 0, 47415, 0, 0, 2),(@NPC + 3, 0, 47424, 0, 0, 2),(@NPC + 3, 0, 47429, 0, 0, 2),(@NPC + 3, 0, 47430, 0, 0, 2),(@NPC + 3, 0, 47434, 0, 0, 2),(@NPC + 3, 0, 47440, 0, 0, 2),(@NPC + 3, 0, 47444, 0, 0, 2),(@NPC + 3, 0, 47449, 0, 0, 2),(@NPC + 3, 0, 47455, 0, 0, 2),(@NPC + 3, 0, 47459, 0, 0, 2),(@NPC + 3, 0, 47465, 0, 0, 2),(@NPC + 3, 0, 47471, 0, 0, 2),(@NPC + 3, 0, 47473, 0, 0, 2),(@NPC + 3, 0, 47484, 0, 0, 2),(@NPC + 3, 0, 47492, 0, 0, 2),(@NPC + 3, 0, 47609, 0, 0, 2),(@NPC + 3, 0, 47611, 0, 0, 2),(@NPC + 3, 0, 47614, 0, 0, 2),(@NPC + 3, 0, 47615, 0, 0, 2),(@NPC + 3, 0, 47680, 0, 0, 2),(@NPC + 3, 0, 47711, 0, 0, 2),(@NPC + 3, 0, 47717, 0, 0, 2),(@NPC + 3, 0, 47720, 0, 0, 2),(@NPC + 3, 0, 47738, 0, 0, 2),(@NPC + 3, 0, 47811, 0, 0, 2),(@NPC + 3, 0, 47830, 0, 0, 2),(@NPC + 3, 0, 47836, 0, 0, 2),(@NPC + 3, 0, 47851, 0, 0, 2),(@NPC + 3, 0, 47852, 0, 0, 2),(@NPC + 3, 0, 47858, 0, 0, 2),(@NPC + 3, 0, 47859, 0, 0, 2),(@NPC + 3, 0, 47869, 0, 0, 2),(@NPC + 3, 0, 47870, 0, 0, 2),(@NPC + 3, 0, 47876, 0, 0, 2),(@NPC + 3, 0, 47877, 0, 0, 2),(@NPC + 3, 0, 47885, 0, 0, 2),(@NPC + 3, 0, 47896, 0, 0, 2),(@NPC + 3, 0, 47902, 0, 0, 2),(@NPC + 3, 0, 47908, 0, 0, 2),(@NPC + 3, 0, 47917, 0, 0, 2),(@NPC + 3, 0, 47918, 0, 0, 2),(@NPC + 3, 0, 47924, 0, 0, 2),(@NPC + 3, 0, 47925, 0, 0, 2),(@NPC + 3, 0, 47935, 0, 0, 2),(@NPC + 3, 0, 47937, 0, 0, 2),(@NPC + 3, 0, 47943, 0, 0, 2),(@NPC + 3, 0, 47944, 0, 0, 2),(@NPC + 3, 0, 47952, 0, 0, 2),(@NPC + 3, 0, 47964, 0, 0, 2),(@NPC + 3, 0, 47970, 0, 0, 2),(@NPC + 3, 0, 47976, 0, 0, 2),(@NPC + 3, 0, 47990, 0, 0, 2),(@NPC + 3, 0, 47991, 0, 0, 2),(@NPC + 3, 0, 47997, 0, 0, 2),(@NPC + 3, 0, 47998, 0, 0, 2),(@NPC + 3, 0, 48008, 0, 0, 2),(@NPC + 3, 0, 48009, 0, 0, 2),(@NPC + 3, 0, 48015, 0, 0, 2),(@NPC + 3, 0, 48016, 0, 0, 2),(@NPC + 3, 0, 48024, 0, 0, 2),(@NPC + 3, 0, 48041, 0, 0, 2),(@NPC + 3, 0, 48047, 0, 0, 2),(@NPC + 3, 0, 48053, 0, 0, 2);
DELETE FROM npc_vendor WHERE entry = @NPC + 12;
INSERT INTO npc_vendor VALUES (@NPC + 12, 0, 41273, 0, 0, 2),(@NPC + 12, 0, 41274, 0, 0, 2),(@NPC + 12, 0, 41275, 0, 0, 2),(@NPC + 12, 0, 41276, 0, 0, 2),(@NPC + 12, 0, 41279, 0, 0, 2),(@NPC + 12, 0, 41280, 0, 0, 2),(@NPC + 12, 0, 41281, 0, 0, 2),(@NPC + 12, 0, 41282, 0, 0, 2),(@NPC + 12, 0, 41284, 0, 0, 2),(@NPC + 12, 0, 41286, 0, 0, 2),(@NPC + 12, 0, 41287, 0, 0, 2),(@NPC + 12, 0, 41288, 0, 0, 2),(@NPC + 12, 0, 41291, 0, 0, 2),(@NPC + 12, 0, 41292, 0, 0, 2),(@NPC + 12, 0, 41293, 0, 0, 2),(@NPC + 12, 0, 41294, 0, 0, 2),(@NPC + 12, 0, 41296, 0, 0, 2),(@NPC + 12, 0, 41297, 0, 0, 2),(@NPC + 12, 0, 41298, 0, 0, 2),(@NPC + 12, 0, 41299, 0, 0, 2),(@NPC + 12, 0, 41302, 0, 0, 2),(@NPC + 12, 0, 41303, 0, 0, 2),(@NPC + 12, 0, 41304, 0, 0, 2),(@NPC + 12, 0, 41305, 0, 0, 2),(@NPC + 12, 0, 41308, 0, 0, 2),(@NPC + 12, 0, 41309, 0, 0, 2),(@NPC + 12, 0, 41310, 0, 0, 2),(@NPC + 12, 0, 41311, 0, 0, 2),(@NPC + 12, 0, 41314, 0, 0, 2),(@NPC + 12, 0, 41315, 0, 0, 2),(@NPC + 12, 0, 41316, 0, 0, 2),(@NPC + 12, 0, 41317, 0, 0, 2),(@NPC + 12, 0, 41319, 0, 0, 2),(@NPC + 12, 0, 41320, 0, 0, 2),(@NPC + 12, 0, 41321, 0, 0, 2),(@NPC + 12, 0, 41322, 0, 0, 2),(@NPC + 12, 0, 41325, 0, 0, 2),(@NPC + 12, 0, 41326, 0, 0, 2),(@NPC + 12, 0, 41327, 0, 0, 2),(@NPC + 12, 0, 41328, 0, 0, 2),(@NPC + 12, 0, 41330, 0, 0, 2),(@NPC + 12, 0, 41331, 0, 0, 2),(@NPC + 12, 0, 41332, 0, 0, 2),(@NPC + 12, 0, 41616, 0, 0, 2),(@NPC + 12, 0, 41617, 0, 0, 2),(@NPC + 12, 0, 41618, 0, 0, 2),(@NPC + 12, 0, 41620, 0, 0, 2),(@NPC + 12, 0, 41621, 0, 0, 2),(@NPC + 12, 0, 41622, 0, 0, 2),(@NPC + 12, 0, 41624, 0, 0, 2),(@NPC + 12, 0, 41625, 0, 0, 2),(@NPC + 12, 0, 41626, 0, 0, 2),(@NPC + 12, 0, 41628, 0, 0, 2),(@NPC + 12, 0, 41629, 0, 0, 2),(@NPC + 12, 0, 41630, 0, 0, 2),(@NPC + 12, 0, 41631, 0, 0, 2),(@NPC + 12, 0, 41633, 0, 0, 2),(@NPC + 12, 0, 41634, 0, 0, 2),(@NPC + 12, 0, 41635, 0, 0, 2),(@NPC + 12, 0, 41636, 0, 0, 2),(@NPC + 12, 0, 41638, 0, 0, 2),(@NPC + 12, 0, 41639, 0, 0, 2),(@NPC + 12, 0, 41640, 0, 0, 2),(@NPC + 12, 0, 41641, 0, 0, 2),(@NPC + 12, 0, 41648, 0, 0, 2),(@NPC + 12, 0, 41649, 0, 0, 2),(@NPC + 12, 0, 41650, 0, 0, 2),(@NPC + 12, 0, 41651, 0, 0, 2),(@NPC + 12, 0, 41653, 0, 0, 2),(@NPC + 12, 0, 41654, 0, 0, 2),(@NPC + 12, 0, 41655, 0, 0, 2),(@NPC + 12, 0, 41656, 0, 0, 2),(@NPC + 12, 0, 41659, 0, 0, 2),(@NPC + 12, 0, 41660, 0, 0, 2),(@NPC + 12, 0, 41661, 0, 0, 2),(@NPC + 12, 0, 41662, 0, 0, 2),(@NPC + 12, 0, 41665, 0, 0, 2),(@NPC + 12, 0, 41666, 0, 0, 2),(@NPC + 12, 0, 41667, 0, 0, 2),(@NPC + 12, 0, 41668, 0, 0, 2),(@NPC + 12, 0, 41670, 0, 0, 2),(@NPC + 12, 0, 41671, 0, 0, 2),(@NPC + 12, 0, 41672, 0, 0, 2),(@NPC + 12, 0, 41673, 0, 0, 2),(@NPC + 12, 0, 41676, 0, 0, 2),(@NPC + 12, 0, 41677, 0, 0, 2),(@NPC + 12, 0, 41678, 0, 0, 2),(@NPC + 12, 0, 41679, 0, 0, 2),(@NPC + 12, 0, 41681, 0, 0, 2),(@NPC + 12, 0, 41682, 0, 0, 2),(@NPC + 12, 0, 41683, 0, 0, 2),(@NPC + 12, 0, 41684, 0, 0, 2),(@NPC + 12, 0, 41713, 0, 0, 2),(@NPC + 12, 0, 41714, 0, 0, 2),(@NPC + 12, 0, 41715, 0, 0, 2),(@NPC + 12, 0, 41716, 0, 0, 2),(@NPC + 12, 0, 41765, 0, 0, 2),(@NPC + 12, 0, 41766, 0, 0, 2),(@NPC + 12, 0, 41767, 0, 0, 2),(@NPC + 12, 0, 41768, 0, 0, 2),(@NPC + 12, 0, 41771, 0, 0, 2),(@NPC + 12, 0, 41772, 0, 0, 2),(@NPC + 12, 0, 41773, 0, 0, 2),(@NPC + 12, 0, 41774, 0, 0, 2),(@NPC + 12, 0, 41827, 0, 0, 2),(@NPC + 12, 0, 41828, 0, 0, 2),(@NPC + 12, 0, 41830, 0, 0, 2),(@NPC + 12, 0, 41831, 0, 0, 2),(@NPC + 12, 0, 41832, 0, 0, 2),(@NPC + 12, 0, 41833, 0, 0, 2),(@NPC + 12, 0, 41835, 0, 0, 2),(@NPC + 12, 0, 41836, 0, 0, 2),(@NPC + 12, 0, 41837, 0, 0, 2),(@NPC + 12, 0, 41839, 0, 0, 2),(@NPC + 12, 0, 41840, 0, 0, 2),(@NPC + 12, 0, 41841, 0, 0, 2);
DELETE FROM npc_vendor WHERE entry = @NPC + 13;
INSERT INTO npc_vendor VALUES (@NPC + 13, 0, 40988, 0, 0, 2),(@NPC + 13, 0, 40989, 0, 0, 2),(@NPC + 13, 0, 40990, 0, 0, 2),(@NPC + 13, 0, 40991, 0, 0, 2),(@NPC + 13, 0, 40992, 0, 0, 2),(@NPC + 13, 0, 40993, 0, 0, 2),(@NPC + 13, 0, 40994, 0, 0, 2),(@NPC + 13, 0, 40995, 0, 0, 2),(@NPC + 13, 0, 40999, 0, 0, 2),(@NPC + 13, 0, 41000, 0, 0, 2),(@NPC + 13, 0, 41001, 0, 0, 2),(@NPC + 13, 0, 41002, 0, 0, 2),(@NPC + 13, 0, 41005, 0, 0, 2),(@NPC + 13, 0, 41006, 0, 0, 2),(@NPC + 13, 0, 41007, 0, 0, 2),(@NPC + 13, 0, 41008, 0, 0, 2),(@NPC + 13, 0, 41011, 0, 0, 2),(@NPC + 13, 0, 41012, 0, 0, 2),(@NPC + 13, 0, 41013, 0, 0, 2),(@NPC + 13, 0, 41014, 0, 0, 2),(@NPC + 13, 0, 41017, 0, 0, 2),(@NPC + 13, 0, 41018, 0, 0, 2),(@NPC + 13, 0, 41019, 0, 0, 2),(@NPC + 13, 0, 41020, 0, 0, 2),(@NPC + 13, 0, 41025, 0, 0, 2),(@NPC + 13, 0, 41026, 0, 0, 2),(@NPC + 13, 0, 41027, 0, 0, 2),(@NPC + 13, 0, 41028, 0, 0, 2),(@NPC + 13, 0, 41031, 0, 0, 2),(@NPC + 13, 0, 41032, 0, 0, 2),(@NPC + 13, 0, 41033, 0, 0, 2),(@NPC + 13, 0, 41034, 0, 0, 2),(@NPC + 13, 0, 41036, 0, 0, 2),(@NPC + 13, 0, 41037, 0, 0, 2),(@NPC + 13, 0, 41038, 0, 0, 2),(@NPC + 13, 0, 41039, 0, 0, 2),(@NPC + 13, 0, 41042, 0, 0, 2),(@NPC + 13, 0, 41043, 0, 0, 2),(@NPC + 13, 0, 41044, 0, 0, 2),(@NPC + 13, 0, 41045, 0, 0, 2),(@NPC + 13, 0, 41047, 0, 0, 2),(@NPC + 13, 0, 41048, 0, 0, 2),(@NPC + 13, 0, 41049, 0, 0, 2),(@NPC + 13, 0, 41050, 0, 0, 2),(@NPC + 13, 0, 41051, 0, 0, 2),(@NPC + 13, 0, 41052, 0, 0, 2),(@NPC + 13, 0, 41054, 0, 0, 2),(@NPC + 13, 0, 41055, 0, 0, 2),(@NPC + 13, 0, 41056, 0, 0, 2),(@NPC + 13, 0, 41059, 0, 0, 2),(@NPC + 13, 0, 41060, 0, 0, 2),(@NPC + 13, 0, 41061, 0, 0, 2),(@NPC + 13, 0, 41063, 0, 0, 2),(@NPC + 13, 0, 41064, 0, 0, 2),(@NPC + 13, 0, 41065, 0, 0, 2),(@NPC + 13, 0, 41066, 0, 0, 2),(@NPC + 13, 0, 41068, 0, 0, 2),(@NPC + 13, 0, 41069, 0, 0, 2),(@NPC + 13, 0, 41070, 0, 0, 2),(@NPC + 13, 0, 41071, 0, 0, 2),(@NPC + 13, 0, 41073, 0, 0, 2),(@NPC + 13, 0, 41074, 0, 0, 2),(@NPC + 13, 0, 41075, 0, 0, 2),(@NPC + 13, 0, 41076, 0, 0, 2),(@NPC + 13, 0, 41079, 0, 0, 2),(@NPC + 13, 0, 41080, 0, 0, 2),(@NPC + 13, 0, 41081, 0, 0, 2),(@NPC + 13, 0, 41082, 0, 0, 2),(@NPC + 13, 0, 41085, 0, 0, 2),(@NPC + 13, 0, 41086, 0, 0, 2),(@NPC + 13, 0, 41087, 0, 0, 2),(@NPC + 13, 0, 41088, 0, 0, 2),(@NPC + 13, 0, 41135, 0, 0, 2),(@NPC + 13, 0, 41136, 0, 0, 2),(@NPC + 13, 0, 41137, 0, 0, 2),(@NPC + 13, 0, 41138, 0, 0, 2),(@NPC + 13, 0, 41141, 0, 0, 2),(@NPC + 13, 0, 41142, 0, 0, 2),(@NPC + 13, 0, 41143, 0, 0, 2),(@NPC + 13, 0, 41144, 0, 0, 2),(@NPC + 13, 0, 41149, 0, 0, 2),(@NPC + 13, 0, 41150, 0, 0, 2),(@NPC + 13, 0, 41151, 0, 0, 2),(@NPC + 13, 0, 41152, 0, 0, 2),(@NPC + 13, 0, 41155, 0, 0, 2),(@NPC + 13, 0, 41156, 0, 0, 2),(@NPC + 13, 0, 41157, 0, 0, 2),(@NPC + 13, 0, 41158, 0, 0, 2),(@NPC + 13, 0, 41162, 0, 0, 2),(@NPC + 13, 0, 41198, 0, 0, 2),(@NPC + 13, 0, 41199, 0, 0, 2),(@NPC + 13, 0, 41200, 0, 0, 2),(@NPC + 13, 0, 41203, 0, 0, 2),(@NPC + 13, 0, 41204, 0, 0, 2),(@NPC + 13, 0, 41205, 0, 0, 2),(@NPC + 13, 0, 41206, 0, 0, 2),(@NPC + 13, 0, 41209, 0, 0, 2),(@NPC + 13, 0, 41210, 0, 0, 2),(@NPC + 13, 0, 41211, 0, 0, 2),(@NPC + 13, 0, 41212, 0, 0, 2),(@NPC + 13, 0, 41215, 0, 0, 2),(@NPC + 13, 0, 41216, 0, 0, 2),(@NPC + 13, 0, 41217, 0, 0, 2),(@NPC + 13, 0, 41218, 0, 0, 2),(@NPC + 13, 0, 41223, 0, 0, 2),(@NPC + 13, 0, 41224, 0, 0, 2),(@NPC + 13, 0, 41225, 0, 0, 2),(@NPC + 13, 0, 41226, 0, 0, 2),(@NPC + 13, 0, 41228, 0, 0, 2),(@NPC + 13, 0, 41229, 0, 0, 2),(@NPC + 13, 0, 41230, 0, 0, 2),(@NPC + 13, 0, 41231, 0, 0, 2),(@NPC + 13, 0, 41233, 0, 0, 2),(@NPC + 13, 0, 41234, 0, 0, 2),(@NPC + 13, 0, 41235, 0, 0, 2),(@NPC + 13, 0, 41236, 0, 0, 2);
DELETE FROM npc_vendor WHERE entry = @NPC + 14;
INSERT INTO npc_vendor VALUES (@NPC + 14, 0, 40781, 0, 0, 2),(@NPC + 14, 0, 40782, 0, 0, 2),(@NPC + 14, 0, 40783, 0, 0, 2),(@NPC + 14, 0, 40784, 0, 0, 2),(@NPC + 14, 0, 40785, 0, 0, 2),(@NPC + 14, 0, 40786, 0, 0, 2),(@NPC + 14, 0, 40787, 0, 0, 2),(@NPC + 14, 0, 40788, 0, 0, 2),(@NPC + 14, 0, 40789, 0, 0, 2),(@NPC + 14, 0, 40790, 0, 0, 2),(@NPC + 14, 0, 40791, 0, 0, 2),(@NPC + 14, 0, 40792, 0, 0, 2),(@NPC + 14, 0, 40801, 0, 0, 2),(@NPC + 14, 0, 40802, 0, 0, 2),(@NPC + 14, 0, 40803, 0, 0, 2),(@NPC + 14, 0, 40804, 0, 0, 2),(@NPC + 14, 0, 40805, 0, 0, 2),(@NPC + 14, 0, 40806, 0, 0, 2),(@NPC + 14, 0, 40807, 0, 0, 2),(@NPC + 14, 0, 40808, 0, 0, 2),(@NPC + 14, 0, 40809, 0, 0, 2),(@NPC + 14, 0, 40810, 0, 0, 2),(@NPC + 14, 0, 40811, 0, 0, 2),(@NPC + 14, 0, 40812, 0, 0, 2),(@NPC + 14, 0, 40819, 0, 0, 2),(@NPC + 14, 0, 40820, 0, 0, 2),(@NPC + 14, 0, 40821, 0, 0, 2),(@NPC + 14, 0, 40823, 0, 0, 2),(@NPC + 14, 0, 40824, 0, 0, 2),(@NPC + 14, 0, 40825, 0, 0, 2),(@NPC + 14, 0, 40826, 0, 0, 2),(@NPC + 14, 0, 40827, 0, 0, 2),(@NPC + 14, 0, 40828, 0, 0, 2),(@NPC + 14, 0, 40829, 0, 0, 2),(@NPC + 14, 0, 40830, 0, 0, 2),(@NPC + 14, 0, 40831, 0, 0, 2),(@NPC + 14, 0, 40840, 0, 0, 2),(@NPC + 14, 0, 40841, 0, 0, 2),(@NPC + 14, 0, 40842, 0, 0, 2),(@NPC + 14, 0, 40844, 0, 0, 2),(@NPC + 14, 0, 40845, 0, 0, 2),(@NPC + 14, 0, 40846, 0, 0, 2),(@NPC + 14, 0, 40847, 0, 0, 2),(@NPC + 14, 0, 40848, 0, 0, 2),(@NPC + 14, 0, 40849, 0, 0, 2),(@NPC + 14, 0, 40850, 0, 0, 2),(@NPC + 14, 0, 40851, 0, 0, 2),(@NPC + 14, 0, 40852, 0, 0, 2),(@NPC + 14, 0, 40859, 0, 0, 2),(@NPC + 14, 0, 40860, 0, 0, 2),(@NPC + 14, 0, 40861, 0, 0, 2),(@NPC + 14, 0, 40862, 0, 0, 2),(@NPC + 14, 0, 40863, 0, 0, 2),(@NPC + 14, 0, 40864, 0, 0, 2),(@NPC + 14, 0, 40866, 0, 0, 2),(@NPC + 14, 0, 40868, 0, 0, 2),(@NPC + 14, 0, 40869, 0, 0, 2),(@NPC + 14, 0, 40870, 0, 0, 2),(@NPC + 14, 0, 40871, 0, 0, 2),(@NPC + 14, 0, 40872, 0, 0, 2),(@NPC + 14, 0, 40877, 0, 0, 2),(@NPC + 14, 0, 40878, 0, 0, 2),(@NPC + 14, 0, 40879, 0, 0, 2),(@NPC + 14, 0, 40880, 0, 0, 2),(@NPC + 14, 0, 40881, 0, 0, 2),(@NPC + 14, 0, 40882, 0, 0, 2),(@NPC + 14, 0, 40883, 0, 0, 2),(@NPC + 14, 0, 40884, 0, 0, 2),(@NPC + 14, 0, 40887, 0, 0, 2),(@NPC + 14, 0, 40888, 0, 0, 2),(@NPC + 14, 0, 40889, 0, 0, 2),(@NPC + 14, 0, 40890, 0, 0, 2),(@NPC + 14, 0, 40904, 0, 0, 2),(@NPC + 14, 0, 40905, 0, 0, 2),(@NPC + 14, 0, 40907, 0, 0, 2),(@NPC + 14, 0, 40910, 0, 0, 2),(@NPC + 14, 0, 40925, 0, 0, 2),(@NPC + 14, 0, 40926, 0, 0, 2),(@NPC + 14, 0, 40927, 0, 0, 2),(@NPC + 14, 0, 40928, 0, 0, 2),(@NPC + 14, 0, 40931, 0, 0, 2),(@NPC + 14, 0, 40932, 0, 0, 2),(@NPC + 14, 0, 40933, 0, 0, 2),(@NPC + 14, 0, 40934, 0, 0, 2),(@NPC + 14, 0, 40937, 0, 0, 2),(@NPC + 14, 0, 40938, 0, 0, 2),(@NPC + 14, 0, 40939, 0, 0, 2),(@NPC + 14, 0, 40940, 0, 0, 2),(@NPC + 14, 0, 40961, 0, 0, 2),(@NPC + 14, 0, 40962, 0, 0, 2),(@NPC + 14, 0, 40963, 0, 0, 2),(@NPC + 14, 0, 40964, 0, 0, 2),(@NPC + 14, 0, 40966, 0, 0, 2),(@NPC + 14, 0, 40972, 0, 0, 2),(@NPC + 14, 0, 40973, 0, 0, 2),(@NPC + 14, 0, 40974, 0, 0, 2),(@NPC + 14, 0, 40975, 0, 0, 2),(@NPC + 14, 0, 40976, 0, 0, 2),(@NPC + 14, 0, 40977, 0, 0, 2),(@NPC + 14, 0, 40978, 0, 0, 2),(@NPC + 14, 0, 40979, 0, 0, 2),(@NPC + 14, 0, 40982, 0, 0, 2),(@NPC + 14, 0, 40983, 0, 0, 2),(@NPC + 14, 0, 40984, 0, 0, 2),(@NPC + 14, 0, 42654, 0, 0, 2),(@NPC + 14, 0, 42655, 0, 0, 2),(@NPC + 14, 0, 42656, 0, 0, 2),(@NPC + 14, 0, 42657, 0, 0, 2),(@NPC + 14, 0, 42658, 0, 0, 2);
DELETE FROM npc_vendor WHERE entry = @NPC + 15;
INSERT INTO npc_vendor VALUES (@NPC + 15, 0, 42207, 0, 0, 2),(@NPC + 15, 0, 42208, 0, 0, 2),(@NPC + 15, 0, 42209, 0, 0, 2),(@NPC + 15, 0, 42210, 0, 0, 2),(@NPC + 15, 0, 42226, 0, 0, 2),(@NPC + 15, 0, 42227, 0, 0, 2),(@NPC + 15, 0, 42228, 0, 0, 2),(@NPC + 15, 0, 42229, 0, 0, 2),(@NPC + 15, 0, 42231, 0, 0, 2),(@NPC + 15, 0, 42232, 0, 0, 2),(@NPC + 15, 0, 42233, 0, 0, 2),(@NPC + 15, 0, 42234, 0, 0, 2),(@NPC + 15, 0, 42236, 0, 0, 2),(@NPC + 15, 0, 42237, 0, 0, 2),(@NPC + 15, 0, 42238, 0, 0, 2),(@NPC + 15, 0, 42241, 0, 0, 2),(@NPC + 15, 0, 42242, 0, 0, 2),(@NPC + 15, 0, 42243, 0, 0, 2),(@NPC + 15, 0, 42244, 0, 0, 2),(@NPC + 15, 0, 42247, 0, 0, 2),(@NPC + 15, 0, 42248, 0, 0, 2),(@NPC + 15, 0, 42249, 0, 0, 2),(@NPC + 15, 0, 42250, 0, 0, 2),(@NPC + 15, 0, 42254, 0, 0, 2),(@NPC + 15, 0, 42255, 0, 0, 2),(@NPC + 15, 0, 42256, 0, 0, 2),(@NPC + 15, 0, 42257, 0, 0, 2),(@NPC + 15, 0, 42259, 0, 0, 2),(@NPC + 15, 0, 42260, 0, 0, 2),(@NPC + 15, 0, 42261, 0, 0, 2),(@NPC + 15, 0, 42262, 0, 0, 2),(@NPC + 15, 0, 42264, 0, 0, 2),(@NPC + 15, 0, 42265, 0, 0, 2),(@NPC + 15, 0, 42266, 0, 0, 2),(@NPC + 15, 0, 42267, 0, 0, 2),(@NPC + 15, 0, 42269, 0, 0, 2),(@NPC + 15, 0, 42270, 0, 0, 2),(@NPC + 15, 0, 42271, 0, 0, 2),(@NPC + 15, 0, 42272, 0, 0, 2),(@NPC + 15, 0, 42274, 0, 0, 2),(@NPC + 15, 0, 42275, 0, 0, 2),(@NPC + 15, 0, 42276, 0, 0, 2),(@NPC + 15, 0, 42277, 0, 0, 2),(@NPC + 15, 0, 42279, 0, 0, 2),(@NPC + 15, 0, 42280, 0, 0, 2),(@NPC + 15, 0, 42281, 0, 0, 2),(@NPC + 15, 0, 42282, 0, 0, 2),(@NPC + 15, 0, 42284, 0, 0, 2),(@NPC + 15, 0, 42285, 0, 0, 2),(@NPC + 15, 0, 42286, 0, 0, 2),(@NPC + 15, 0, 42287, 0, 0, 2),(@NPC + 15, 0, 42289, 0, 0, 2),(@NPC + 15, 0, 42290, 0, 0, 2),(@NPC + 15, 0, 42291, 0, 0, 2),(@NPC + 15, 0, 42292, 0, 0, 2),(@NPC + 15, 0, 42316, 0, 0, 2),(@NPC + 15, 0, 42317, 0, 0, 2),(@NPC + 15, 0, 42318, 0, 0, 2),(@NPC + 15, 0, 42319, 0, 0, 2),(@NPC + 15, 0, 42321, 0, 0, 2),(@NPC + 15, 0, 42322, 0, 0, 2),(@NPC + 15, 0, 42323, 0, 0, 2),(@NPC + 15, 0, 42324, 0, 0, 2),(@NPC + 15, 0, 42326, 0, 0, 2),(@NPC + 15, 0, 42327, 0, 0, 2),(@NPC + 15, 0, 42328, 0, 0, 2),(@NPC + 15, 0, 42329, 0, 0, 2),(@NPC + 15, 0, 42331, 0, 0, 2),(@NPC + 15, 0, 42332, 0, 0, 2),(@NPC + 15, 0, 42333, 0, 0, 2),(@NPC + 15, 0, 42334, 0, 0, 2),(@NPC + 15, 0, 42345, 0, 0, 2),(@NPC + 15, 0, 42346, 0, 0, 2),(@NPC + 15, 0, 42347, 0, 0, 2),(@NPC + 15, 0, 42348, 0, 0, 2),(@NPC + 15, 0, 42351, 0, 0, 2),(@NPC + 15, 0, 42352, 0, 0, 2),(@NPC + 15, 0, 42353, 0, 0, 2),(@NPC + 15, 0, 42354, 0, 0, 2),(@NPC + 15, 0, 42359, 0, 0, 2),(@NPC + 15, 0, 42362, 0, 0, 2),(@NPC + 15, 0, 42364, 0, 0, 2),(@NPC + 15, 0, 42366, 0, 0, 2),(@NPC + 15, 0, 42383, 0, 0, 2),(@NPC + 15, 0, 42384, 0, 0, 2),(@NPC + 15, 0, 42385, 0, 0, 2),(@NPC + 15, 0, 42386, 0, 0, 2),(@NPC + 15, 0, 42389, 0, 0, 2),(@NPC + 15, 0, 42390, 0, 0, 2),(@NPC + 15, 0, 42391, 0, 0, 2),(@NPC + 15, 0, 42392, 0, 0, 2),(@NPC + 15, 0, 42449, 0, 0, 2),(@NPC + 15, 0, 42450, 0, 0, 2),(@NPC + 15, 0, 42451, 0, 0, 2),(@NPC + 15, 0, 42483, 0, 0, 2),(@NPC + 15, 0, 42484, 0, 0, 2),(@NPC + 15, 0, 42485, 0, 0, 2),(@NPC + 15, 0, 42486, 0, 0, 2),(@NPC + 15, 0, 42487, 0, 0, 2),(@NPC + 15, 0, 42489, 0, 0, 2),(@NPC + 15, 0, 42490, 0, 0, 2),(@NPC + 15, 0, 42491, 0, 0, 2),(@NPC + 15, 0, 42492, 0, 0, 2),(@NPC + 15, 0, 42494, 0, 0, 2),(@NPC + 15, 0, 42495, 0, 0, 2),(@NPC + 15, 0, 42496, 0, 0, 2),(@NPC + 15, 0, 42498, 0, 0, 2),(@NPC + 15, 0, 42501, 0, 0, 2),(@NPC + 15, 0, 42502, 0, 0, 2),(@NPC + 15, 0, 42503, 0, 0, 2),(@NPC + 15, 0, 42504, 0, 0, 2),(@NPC + 15, 0, 42512, 0, 0, 2),(@NPC + 15, 0, 42513, 0, 0, 2),(@NPC + 15, 0, 42514, 0, 0, 2),(@NPC + 15, 0, 42515, 0, 0, 2),(@NPC + 15, 0, 42518, 0, 0, 2),(@NPC + 15, 0, 42519, 0, 0, 2),(@NPC + 15, 0, 42520, 0, 0, 2),(@NPC + 15, 0, 42521, 0, 0, 2),(@NPC + 15, 0, 44417, 0, 0, 2),(@NPC + 15, 0, 44418, 0, 0, 2),(@NPC + 15, 0, 44419, 0, 0, 2),(@NPC + 15, 0, 44420, 0, 0, 2),(@NPC + 15, 0, 44421, 0, 0, 2),(@NPC + 15, 0, 44422, 0, 0, 2),(@NPC + 15, 0, 44423, 0, 0, 2),(@NPC + 15, 0, 44424, 0, 0, 2),(@NPC + 15, 0, 45311, 0, 0, 2),(@NPC + 15, 0, 45937, 0, 0, 2),(@NPC + 15, 0, 45938, 0, 0, 2),(@NPC + 15, 0, 45939, 0, 0, 2),(@NPC + 15, 0, 45948, 0, 0, 2),(@NPC + 15, 0, 45949, 0, 0, 2),(@NPC + 15, 0, 45950, 0, 0, 2),(@NPC + 15, 0, 45951, 0, 0, 2),(@NPC + 15, 0, 45952, 0, 0, 2),(@NPC + 15, 0, 45953, 0, 0, 2),(@NPC + 15, 0, 45954, 0, 0, 2),(@NPC + 15, 0, 45955, 0, 0, 2),(@NPC + 15, 0, 45956, 0, 0, 2),(@NPC + 15, 0, 45957, 0, 0, 2),(@NPC + 15, 0, 45958, 0, 0, 2),(@NPC + 15, 0, 45959, 0, 0, 2),(@NPC + 15, 0, 45960, 0, 0, 2),(@NPC + 15, 0, 45961, 0, 0, 2),(@NPC + 15, 0, 45962, 0, 0, 2),(@NPC + 15, 0, 45963, 0, 0, 2),(@NPC + 15, 0, 45964, 0, 0, 2),(@NPC + 15, 0, 45965, 0, 0, 2),(@NPC + 15, 0, 45966, 0, 0, 2),(@NPC + 15, 0, 45967, 0, 0, 2),(@NPC + 15, 0, 45968, 0, 0, 2),(@NPC + 15, 0, 45969, 0, 0, 2),(@NPC + 15, 0, 45970, 0, 0, 2),(@NPC + 15, 0, 45971, 0, 0, 2),(@NPC + 15, 0, 48402, 0, 0, 2),(@NPC + 15, 0, 48404, 0, 0, 2),(@NPC + 15, 0, 48406, 0, 0, 2),(@NPC + 15, 0, 48408, 0, 0, 2),(@NPC + 15, 0, 48410, 0, 0, 2),(@NPC + 15, 0, 48412, 0, 0, 2),(@NPC + 15, 0, 48414, 0, 0, 2),(@NPC + 15, 0, 48420, 0, 0, 2),(@NPC + 15, 0, 48422, 0, 0, 2),(@NPC + 15, 0, 48424, 0, 0, 2),(@NPC + 15, 0, 48426, 0, 0, 2),(@NPC + 15, 0, 48428, 0, 0, 2),(@NPC + 15, 0, 48432, 0, 0, 2),(@NPC + 15, 0, 48435, 0, 0, 2),(@NPC + 15, 0, 48438, 0, 0, 2),(@NPC + 15, 0, 48440, 0, 0, 2),(@NPC + 15, 0, 48442, 0, 0, 2),(@NPC + 15, 0, 48444, 0, 0, 2),(@NPC + 15, 0, 48507, 0, 0, 2),(@NPC + 15, 0, 48509, 0, 0, 2),(@NPC + 15, 0, 48511, 0, 0, 2),(@NPC + 15, 0, 48513, 0, 0, 2),(@NPC + 15, 0, 48515, 0, 0, 2),(@NPC + 15, 0, 48517, 0, 0, 2),(@NPC + 15, 0, 48519, 0, 0, 2),(@NPC + 15, 0, 48521, 0, 0, 2),(@NPC + 15, 0, 48523, 0, 0, 2),(@NPC + 15, 0, 49185, 0, 0, 2),(@NPC + 15, 0, 49189, 0, 0, 2),(@NPC + 15, 0, 49191, 0, 0, 2);
DELETE FROM npc_vendor WHERE entry = @NPC + 8;
INSERT INTO npc_vendor VALUES (@NPC + 8, 0, 40111, 0, 0, 2),(@NPC + 8, 0, 40112, 0, 0, 2),(@NPC + 8, 0, 40113, 0, 0, 2),(@NPC + 8, 0, 40114, 0, 0, 2),(@NPC + 8, 0, 40115, 0, 0, 2),(@NPC + 8, 0, 40116, 0, 0, 2),(@NPC + 8, 0, 40117, 0, 0, 2),(@NPC + 8, 0, 40118, 0, 0, 2),(@NPC + 8, 0, 40119, 0, 0, 2),(@NPC + 8, 0, 40120, 0, 0, 2),(@NPC + 8, 0, 40121, 0, 0, 2),(@NPC + 8, 0, 40122, 0, 0, 2),(@NPC + 8, 0, 40123, 0, 0, 2),(@NPC + 8, 0, 40124, 0, 0, 2),(@NPC + 8, 0, 40125, 0, 0, 2),(@NPC + 8, 0, 40126, 0, 0, 2),(@NPC + 8, 0, 40127, 0, 0, 2),(@NPC + 8, 0, 40128, 0, 0, 2),(@NPC + 8, 0, 40129, 0, 0, 2),(@NPC + 8, 0, 40130, 0, 0, 2),(@NPC + 8, 0, 40131, 0, 0, 2),(@NPC + 8, 0, 40132, 0, 0, 2),(@NPC + 8, 0, 40133, 0, 0, 2),(@NPC + 8, 0, 40134, 0, 0, 2),(@NPC + 8, 0, 40135, 0, 0, 2),(@NPC + 8, 0, 40136, 0, 0, 2),(@NPC + 8, 0, 40137, 0, 0, 2),(@NPC + 8, 0, 40138, 0, 0, 2),(@NPC + 8, 0, 40139, 0, 0, 2),(@NPC + 8, 0, 40140, 0, 0, 2),(@NPC + 8, 0, 40141, 0, 0, 2),(@NPC + 8, 0, 40142, 0, 0, 2),(@NPC + 8, 0, 40143, 0, 0, 2),(@NPC + 8, 0, 40144, 0, 0, 2),(@NPC + 8, 0, 40145, 0, 0, 2),(@NPC + 8, 0, 40146, 0, 0, 2),(@NPC + 8, 0, 40147, 0, 0, 2),(@NPC + 8, 0, 40148, 0, 0, 2),(@NPC + 8, 0, 40149, 0, 0, 2),(@NPC + 8, 0, 40150, 0, 0, 2),(@NPC + 8, 0, 40151, 0, 0, 2),(@NPC + 8, 0, 40152, 0, 0, 2),(@NPC + 8, 0, 40153, 0, 0, 2),(@NPC + 8, 0, 40154, 0, 0, 2),(@NPC + 8, 0, 40155, 0, 0, 2),(@NPC + 8, 0, 40156, 0, 0, 2),(@NPC + 8, 0, 40157, 0, 0, 2),(@NPC + 8, 0, 40158, 0, 0, 2),(@NPC + 8, 0, 40159, 0, 0, 2),(@NPC + 8, 0, 40160, 0, 0, 2),(@NPC + 8, 0, 40161, 0, 0, 2),(@NPC + 8, 0, 40162, 0, 0, 2),(@NPC + 8, 0, 40163, 0, 0, 2),(@NPC + 8, 0, 40164, 0, 0, 2),(@NPC + 8, 0, 40165, 0, 0, 2),(@NPC + 8, 0, 40166, 0, 0, 2),(@NPC + 8, 0, 40167, 0, 0, 2),(@NPC + 8, 0, 40168, 0, 0, 2),(@NPC + 8, 0, 40169, 0, 0, 2),(@NPC + 8, 0, 40170, 0, 0, 2),(@NPC + 8, 0, 40171, 0, 0, 2),(@NPC + 8, 0, 40172, 0, 0, 2),(@NPC + 8, 0, 40173, 0, 0, 2),(@NPC + 8, 0, 40174, 0, 0, 2),(@NPC + 8, 0, 40175, 0, 0, 2),(@NPC + 8, 0, 40176, 0, 0, 2),(@NPC + 8, 0, 40177, 0, 0, 2),(@NPC + 8, 0, 40178, 0, 0, 2),(@NPC + 8, 0, 40179, 0, 0, 2),(@NPC + 8, 0, 40180, 0, 0, 2),(@NPC + 8, 0, 40181, 0, 0, 2),(@NPC + 8, 0, 40182, 0, 0, 2),(@NPC + 8, 0, 41266, 0, 0, 2),(@NPC + 8, 0, 41285, 0, 0, 2),(@NPC + 8, 0, 41307, 0, 0, 2),(@NPC + 8, 0, 41333, 0, 0, 2),(@NPC + 8, 0, 41334, 0, 0, 2),(@NPC + 8, 0, 41335, 0, 0, 2),(@NPC + 8, 0, 41339, 0, 0, 2),(@NPC + 8, 0, 41375, 0, 0, 2),(@NPC + 8, 0, 41376, 0, 0, 2),(@NPC + 8, 0, 41377, 0, 0, 2),(@NPC + 8, 0, 41378, 0, 0, 2),(@NPC + 8, 0, 41379, 0, 0, 2),(@NPC + 8, 0, 41380, 0, 0, 2),(@NPC + 8, 0, 41381, 0, 0, 2),(@NPC + 8, 0, 41382, 0, 0, 2),(@NPC + 8, 0, 41385, 0, 0, 2),(@NPC + 8, 0, 41389, 0, 0, 2),(@NPC + 8, 0, 41395, 0, 0, 2),(@NPC + 8, 0, 41396, 0, 0, 2),(@NPC + 8, 0, 41397, 0, 0, 2),(@NPC + 8, 0, 41398, 0, 0, 2),(@NPC + 8, 0, 41400, 0, 0, 2),(@NPC + 8, 0, 41401, 0, 0, 2),(@NPC + 8, 0, 42701, 0, 0, 2),(@NPC + 8, 0, 42702, 0, 0, 2),(@NPC + 8, 0, 44066, 0, 0, 2),(@NPC + 8, 0, 44076, 0, 0, 2),(@NPC + 8, 0, 44078, 0, 0, 2),(@NPC + 8, 0, 44081, 0, 0, 2),(@NPC + 8, 0, 44082, 0, 0, 2),(@NPC + 8, 0, 44084, 0, 0, 2),(@NPC + 8, 0, 44087, 0, 0, 2),(@NPC + 8, 0, 44088, 0, 0, 2),(@NPC + 8, 0, 44089, 0, 0, 2),(@NPC + 8, 0, 45862, 0, 0, 2),(@NPC + 8, 0, 45879, 0, 0, 2),(@NPC + 8, 0, 45880, 0, 0, 2),(@NPC + 8, 0, 45881, 0, 0, 2),(@NPC + 8, 0, 45882, 0, 0, 2),(@NPC + 8, 0, 45883, 0, 0, 2),(@NPC + 8, 0, 45987, 0, 0, 2),(@NPC + 8, 0, 49110, 0, 0, 2);
DELETE FROM npc_vendor WHERE entry = @NPC + 9;
INSERT INTO npc_vendor VALUES (@NPC + 9, 0, 38925, 0, 0, 2),(@NPC + 9, 0, 38926, 0, 0, 2),(@NPC + 9, 0, 38927, 0, 0, 2),(@NPC + 9, 0, 38928, 0, 0, 2),(@NPC + 9, 0, 38929, 0, 0, 2),(@NPC + 9, 0, 38930, 0, 0, 2),(@NPC + 9, 0, 38931, 0, 0, 2),(@NPC + 9, 0, 38932, 0, 0, 2),(@NPC + 9, 0, 38933, 0, 0, 2),(@NPC + 9, 0, 38934, 0, 0, 2),(@NPC + 9, 0, 38935, 0, 0, 2),(@NPC + 9, 0, 38936, 0, 0, 2),(@NPC + 9, 0, 38937, 0, 0, 2),(@NPC + 9, 0, 38938, 0, 0, 2),(@NPC + 9, 0, 38939, 0, 0, 2),(@NPC + 9, 0, 38940, 0, 0, 2),(@NPC + 9, 0, 38941, 0, 0, 2),(@NPC + 9, 0, 38942, 0, 0, 2),(@NPC + 9, 0, 38943, 0, 0, 2),(@NPC + 9, 0, 38944, 0, 0, 2),(@NPC + 9, 0, 38945, 0, 0, 2),(@NPC + 9, 0, 38946, 0, 0, 2),(@NPC + 9, 0, 38947, 0, 0, 2),(@NPC + 9, 0, 38948, 0, 0, 2),(@NPC + 9, 0, 38949, 0, 0, 2),(@NPC + 9, 0, 38950, 0, 0, 2),(@NPC + 9, 0, 38951, 0, 0, 2),(@NPC + 9, 0, 38953, 0, 0, 2),(@NPC + 9, 0, 38954, 0, 0, 2),(@NPC + 9, 0, 38955, 0, 0, 2),(@NPC + 9, 0, 38956, 0, 0, 2),(@NPC + 9, 0, 38959, 0, 0, 2),(@NPC + 9, 0, 38960, 0, 0, 2),(@NPC + 9, 0, 38961, 0, 0, 2),(@NPC + 9, 0, 38962, 0, 0, 2),(@NPC + 9, 0, 38963, 0, 0, 2),(@NPC + 9, 0, 38964, 0, 0, 2),(@NPC + 9, 0, 38965, 0, 0, 2),(@NPC + 9, 0, 38966, 0, 0, 2),(@NPC + 9, 0, 38967, 0, 0, 2),(@NPC + 9, 0, 38968, 0, 0, 2),(@NPC + 9, 0, 38969, 0, 0, 2),(@NPC + 9, 0, 38971, 0, 0, 2),(@NPC + 9, 0, 38972, 0, 0, 2),(@NPC + 9, 0, 38973, 0, 0, 2),(@NPC + 9, 0, 38974, 0, 0, 2),(@NPC + 9, 0, 38975, 0, 0, 2),(@NPC + 9, 0, 38976, 0, 0, 2),(@NPC + 9, 0, 38977, 0, 0, 2),(@NPC + 9, 0, 38978, 0, 0, 2),(@NPC + 9, 0, 38979, 0, 0, 2),(@NPC + 9, 0, 38980, 0, 0, 2),(@NPC + 9, 0, 38981, 0, 0, 2),(@NPC + 9, 0, 38982, 0, 0, 2),(@NPC + 9, 0, 38984, 0, 0, 2),(@NPC + 9, 0, 38985, 0, 0, 2),(@NPC + 9, 0, 38986, 0, 0, 2),(@NPC + 9, 0, 38987, 0, 0, 2),(@NPC + 9, 0, 38988, 0, 0, 2),(@NPC + 9, 0, 38989, 0, 0, 2),(@NPC + 9, 0, 38990, 0, 0, 2),(@NPC + 9, 0, 38991, 0, 0, 2),(@NPC + 9, 0, 38992, 0, 0, 2),(@NPC + 9, 0, 38993, 0, 0, 2),(@NPC + 9, 0, 38995, 0, 0, 2),(@NPC + 9, 0, 38997, 0, 0, 2),(@NPC + 9, 0, 38998, 0, 0, 2),(@NPC + 9, 0, 38999, 0, 0, 2),(@NPC + 9, 0, 39000, 0, 0, 2),(@NPC + 9, 0, 39001, 0, 0, 2),(@NPC + 9, 0, 39002, 0, 0, 2),(@NPC + 9, 0, 39003, 0, 0, 2),(@NPC + 9, 0, 39004, 0, 0, 2),(@NPC + 9, 0, 39005, 0, 0, 2),(@NPC + 9, 0, 39006, 0, 0, 2),(@NPC + 9, 0, 41601, 0, 0, 2),(@NPC + 9, 0, 41602, 0, 0, 2),(@NPC + 9, 0, 41603, 0, 0, 2),(@NPC + 9, 0, 41604, 0, 0, 2),(@NPC + 9, 0, 41611, 0, 0, 2),(@NPC + 9, 0, 41976, 0, 0, 2),(@NPC + 9, 0, 42500, 0, 0, 2),(@NPC + 9, 0, 43987, 0, 0, 2),(@NPC + 9, 0, 44449, 0, 0, 2),(@NPC + 9, 0, 44453, 0, 0, 2),(@NPC + 9, 0, 44455, 0, 0, 2),(@NPC + 9, 0, 44456, 0, 0, 2),(@NPC + 9, 0, 44457, 0, 0, 2),(@NPC + 9, 0, 44458, 0, 0, 2),(@NPC + 9, 0, 44463, 0, 0, 2),(@NPC + 9, 0, 44465, 0, 0, 2),(@NPC + 9, 0, 44466, 0, 0, 2),(@NPC + 9, 0, 44467, 0, 0, 2),(@NPC + 9, 0, 44469, 0, 0, 2),(@NPC + 9, 0, 44470, 0, 0, 2),(@NPC + 9, 0, 44493, 0, 0, 2),(@NPC + 9, 0, 44497, 0, 0, 2),(@NPC + 9, 0, 44815, 0, 0, 2),(@NPC + 9, 0, 44963, 0, 0, 2),(@NPC + 9, 0, 44936, 0, 0, 2),(@NPC + 9, 0, 44947, 0, 0, 2),(@NPC + 9, 0, 45056, 0, 0, 2),(@NPC + 9, 0, 45060, 0, 0, 2),(@NPC + 9, 0, 45628, 0, 0, 2),(@NPC + 9, 0, 46026, 0, 0, 2),(@NPC + 9, 0, 46098, 0, 0, 2),(@NPC + 9, 0, 50816, 0, 0, 2),(@NPC + 9, 0, 44946, 0, 0, 2),(@NPC + 9, 0, 38957, 0, 0, 2),(@NPC + 9, 0, 38958, 0, 0, 2),(@NPC + 9, 0, 38970, 0, 0, 2),(@NPC + 9, 0, 38983, 0, 0, 2),(@NPC + 9, 0, 38994, 0, 0, 2),(@NPC + 9, 0, 38996, 0, 0, 2),(@NPC + 9, 0, 43097, 0, 0, 2);
DELETE FROM npc_vendor WHERE entry = @NPC + 10;
INSERT INTO npc_vendor VALUES (@NPC + 10, 0, 45521, 0, 0, 2),(@NPC + 10, 0, 45527, 0, 0, 2),(@NPC + 10, 0, 45533, 0, 0, 2),(@NPC + 10, 0, 45570, 0, 0, 2),(@NPC + 10, 0, 45605, 0, 0, 2),(@NPC + 10, 0, 45607, 0, 0, 2),(@NPC + 10, 0, 45612, 0, 0, 2),(@NPC + 10, 0, 45613, 0, 0, 2),(@NPC + 10, 0, 45620, 0, 0, 2),(@NPC + 10, 0, 45685, 0, 0, 2),(@NPC + 10, 0, 45695, 0, 0, 2),(@NPC + 10, 0, 45700, 0, 0, 2),(@NPC + 10, 0, 45713, 0, 0, 2),(@NPC + 10, 0, 45868, 0, 0, 2),(@NPC + 10, 0, 45870, 0, 0, 2),(@NPC + 10, 0, 45872, 0, 0, 2),(@NPC + 10, 0, 45876, 0, 0, 2),(@NPC + 10, 0, 45886, 0, 0, 2),(@NPC + 10, 0, 45892, 0, 0, 2),(@NPC + 10, 0, 45930, 0, 0, 2),(@NPC + 10, 0, 45934, 0, 0, 2),(@NPC + 10, 0, 45947, 0, 0, 2),(@NPC + 10, 0, 45972, 0, 0, 2),(@NPC + 10, 0, 45990, 0, 0, 2),(@NPC + 10, 0, 45996, 0, 0, 2),(@NPC + 10, 0, 46011, 0, 0, 2),(@NPC + 10, 0, 46016, 0, 0, 2),(@NPC + 10, 0, 46017, 0, 0, 2),(@NPC + 10, 0, 46018, 0, 0, 2),(@NPC + 10, 0, 46024, 0, 0, 2),(@NPC + 10, 0, 46025, 0, 0, 2),(@NPC + 10, 0, 46031, 0, 0, 2),(@NPC + 10, 0, 46033, 0, 0, 2),(@NPC + 10, 0, 46035, 0, 0, 2),(@NPC + 10, 0, 46036, 0, 0, 2),(@NPC + 10, 0, 46067, 0, 0, 2),(@NPC + 10, 0, 46097, 0, 0, 2),(@NPC + 10, 0, 46339, 0, 0, 2),(@NPC + 10, 0, 46342, 0, 0, 2),(@NPC + 10, 0, 46350, 0, 0, 2),(@NPC + 10, 0, 46351, 0, 0, 2),(@NPC + 10, 0, 46958, 0, 0, 2),(@NPC + 10, 0, 46969, 0, 0, 2),(@NPC + 10, 0, 46979, 0, 0, 2),(@NPC + 10, 0, 46980, 0, 0, 2),(@NPC + 10, 0, 46994, 0, 0, 2),(@NPC + 10, 0, 46995, 0, 0, 2),(@NPC + 10, 0, 46996, 0, 0, 2),(@NPC + 10, 0, 47001, 0, 0, 2),(@NPC + 10, 0, 47069, 0, 0, 2),(@NPC + 10, 0, 47078, 0, 0, 2),(@NPC + 10, 0, 47104, 0, 0, 2),(@NPC + 10, 0, 47113, 0, 0, 2),(@NPC + 10, 0, 47114, 0, 0, 2),(@NPC + 10, 0, 47130, 0, 0, 2),(@NPC + 10, 0, 47148, 0, 0, 2),(@NPC + 10, 0, 47156, 0, 0, 2),(@NPC + 10, 0, 47193, 0, 0, 2),(@NPC + 10, 0, 47206, 0, 0, 2),(@NPC + 10, 0, 47233, 0, 0, 2),(@NPC + 10, 0, 47239, 0, 0, 2),(@NPC + 10, 0, 47255, 0, 0, 2),(@NPC + 10, 0, 47261, 0, 0, 2),(@NPC + 10, 0, 47266, 0, 0, 2),(@NPC + 10, 0, 47267, 0, 0, 2),(@NPC + 10, 0, 47285, 0, 0, 2),(@NPC + 10, 0, 47300, 0, 0, 2),(@NPC + 10, 0, 47302, 0, 0, 2),(@NPC + 10, 0, 47314, 0, 0, 2),(@NPC + 10, 0, 47322, 0, 0, 2),(@NPC + 10, 0, 47329, 0, 0, 2),(@NPC + 10, 0, 47416, 0, 0, 2),(@NPC + 10, 0, 47422, 0, 0, 2),(@NPC + 10, 0, 47427, 0, 0, 2),(@NPC + 10, 0, 47428, 0, 0, 2),(@NPC + 10, 0, 47446, 0, 0, 2),(@NPC + 10, 0, 47461, 0, 0, 2),(@NPC + 10, 0, 47463, 0, 0, 2),(@NPC + 10, 0, 47475, 0, 0, 2),(@NPC + 10, 0, 47483, 0, 0, 2),(@NPC + 10, 0, 47491, 0, 0, 2),(@NPC + 10, 0, 47493, 0, 0, 2),(@NPC + 10, 0, 47506, 0, 0, 2),(@NPC + 10, 0, 47513, 0, 0, 2),(@NPC + 10, 0, 47515, 0, 0, 2),(@NPC + 10, 0, 47516, 0, 0, 2),(@NPC + 10, 0, 47517, 0, 0, 2),(@NPC + 10, 0, 47518, 0, 0, 2),(@NPC + 10, 0, 47519, 0, 0, 2),(@NPC + 10, 0, 47520, 0, 0, 2),(@NPC + 10, 0, 47521, 0, 0, 2),(@NPC + 10, 0, 47523, 0, 0, 2),(@NPC + 10, 0, 47524, 0, 0, 2),(@NPC + 10, 0, 47525, 0, 0, 2),(@NPC + 10, 0, 47526, 0, 0, 2),(@NPC + 10, 0, 47528, 0, 0, 2),(@NPC + 10, 0, 47612, 0, 0, 2),(@NPC + 10, 0, 47676, 0, 0, 2),(@NPC + 10, 0, 47724, 0, 0, 2),(@NPC + 10, 0, 47736, 0, 0, 2),(@NPC + 10, 0, 47737, 0, 0, 2),(@NPC + 10, 0, 47740, 0, 0, 2),(@NPC + 10, 0, 47741, 0, 0, 2),(@NPC + 10, 0, 47743, 0, 0, 2),(@NPC + 10, 0, 47808, 0, 0, 2),(@NPC + 10, 0, 47809, 0, 0, 2),(@NPC + 10, 0, 47810, 0, 0, 2),(@NPC + 10, 0, 47814, 0, 0, 2),(@NPC + 10, 0, 47815, 0, 0, 2),(@NPC + 10, 0, 47816, 0, 0, 2),(@NPC + 10, 0, 47834, 0, 0, 2),(@NPC + 10, 0, 47856, 0, 0, 2),(@NPC + 10, 0, 47871, 0, 0, 2),(@NPC + 10, 0, 47874, 0, 0, 2),(@NPC + 10, 0, 47883, 0, 0, 2),(@NPC + 10, 0, 47884, 0, 0, 2),(@NPC + 10, 0, 47886, 0, 0, 2),(@NPC + 10, 0, 47892, 0, 0, 2),(@NPC + 10, 0, 47894, 0, 0, 2),(@NPC + 10, 0, 47898, 0, 0, 2),(@NPC + 10, 0, 47899, 0, 0, 2),(@NPC + 10, 0, 47900, 0, 0, 2),(@NPC + 10, 0, 47903, 0, 0, 2),(@NPC + 10, 0, 47905, 0, 0, 2),(@NPC + 10, 0, 47907, 0, 0, 2),(@NPC + 10, 0, 47911, 0, 0, 2),(@NPC + 10, 0, 47922, 0, 0, 2),(@NPC + 10, 0, 47938, 0, 0, 2),(@NPC + 10, 0, 47941, 0, 0, 2),(@NPC + 10, 0, 47950, 0, 0, 2),(@NPC + 10, 0, 47951, 0, 0, 2),(@NPC + 10, 0, 47953, 0, 0, 2),(@NPC + 10, 0, 47960, 0, 0, 2),(@NPC + 10, 0, 47962, 0, 0, 2),(@NPC + 10, 0, 47966, 0, 0, 2),(@NPC + 10, 0, 47967, 0, 0, 2),(@NPC + 10, 0, 47968, 0, 0, 2),(@NPC + 10, 0, 47971, 0, 0, 2),(@NPC + 10, 0, 47973, 0, 0, 2),(@NPC + 10, 0, 47975, 0, 0, 2),(@NPC + 10, 0, 47979, 0, 0, 2),(@NPC + 10, 0, 47995, 0, 0, 2),(@NPC + 10, 0, 48010, 0, 0, 2),(@NPC + 10, 0, 48013, 0, 0, 2),(@NPC + 10, 0, 48022, 0, 0, 2),(@NPC + 10, 0, 48023, 0, 0, 2),(@NPC + 10, 0, 48025, 0, 0, 2),(@NPC + 10, 0, 48036, 0, 0, 2),(@NPC + 10, 0, 48039, 0, 0, 2),(@NPC + 10, 0, 48043, 0, 0, 2),(@NPC + 10, 0, 48044, 0, 0, 2),(@NPC + 10, 0, 48045, 0, 0, 2),(@NPC + 10, 0, 48048, 0, 0, 2),(@NPC + 10, 0, 48050, 0, 0, 2),(@NPC + 10, 0, 48052, 0, 0, 2),(@NPC + 10, 0, 48056, 0, 0, 2),(@NPC + 10, 0, 48693, 0, 0, 2),(@NPC + 10, 0, 48695, 0, 0, 2),(@NPC + 10, 0, 48697, 0, 0, 2),(@NPC + 10, 0, 48699, 0, 0, 2),(@NPC + 10, 0, 48701, 0, 0, 2),(@NPC + 10, 0, 48703, 0, 0, 2),(@NPC + 10, 0, 48705, 0, 0, 2),(@NPC + 10, 0, 48708, 0, 0, 2),(@NPC + 10, 0, 48709, 0, 0, 2),(@NPC + 10, 0, 48710, 0, 0, 2),(@NPC + 10, 0, 48711, 0, 0, 2),(@NPC + 10, 0, 48712, 0, 0, 2),(@NPC + 10, 0, 48713, 0, 0, 2),(@NPC + 10, 0, 48714, 0, 0, 2);
DELETE FROM npc_vendor WHERE entry = @NPC + 11;
INSERT INTO npc_vendor VALUES (@NPC + 11, 0, 41852, 0, 0, 2),(@NPC + 11, 0, 41853, 0, 0, 2),(@NPC + 11, 0, 41854, 0, 0, 2),(@NPC + 11, 0, 41855, 0, 0, 2),(@NPC + 11, 0, 41857, 0, 0, 2),(@NPC + 11, 0, 41858, 0, 0, 2),(@NPC + 11, 0, 41859, 0, 0, 2),(@NPC + 11, 0, 41860, 0, 0, 2),(@NPC + 11, 0, 41862, 0, 0, 2),(@NPC + 11, 0, 41863, 0, 0, 2),(@NPC + 11, 0, 41864, 0, 0, 2),(@NPC + 11, 0, 41865, 0, 0, 2),(@NPC + 11, 0, 41867, 0, 0, 2),(@NPC + 11, 0, 41868, 0, 0, 2),(@NPC + 11, 0, 41869, 0, 0, 2),(@NPC + 11, 0, 41870, 0, 0, 2),(@NPC + 11, 0, 41872, 0, 0, 2),(@NPC + 11, 0, 41873, 0, 0, 2),(@NPC + 11, 0, 41874, 0, 0, 2),(@NPC + 11, 0, 41875, 0, 0, 2),(@NPC + 11, 0, 41877, 0, 0, 2),(@NPC + 11, 0, 41878, 0, 0, 2),(@NPC + 11, 0, 41879, 0, 0, 2),(@NPC + 11, 0, 41880, 0, 0, 2),(@NPC + 11, 0, 41881, 0, 0, 2),(@NPC + 11, 0, 41882, 0, 0, 2),(@NPC + 11, 0, 41884, 0, 0, 2),(@NPC + 11, 0, 41885, 0, 0, 2),(@NPC + 11, 0, 41886, 0, 0, 2),(@NPC + 11, 0, 41892, 0, 0, 2),(@NPC + 11, 0, 41893, 0, 0, 2),(@NPC + 11, 0, 41894, 0, 0, 2),(@NPC + 11, 0, 41896, 0, 0, 2),(@NPC + 11, 0, 41897, 0, 0, 2),(@NPC + 11, 0, 41898, 0, 0, 2),(@NPC + 11, 0, 41899, 0, 0, 2),(@NPC + 11, 0, 41901, 0, 0, 2),(@NPC + 11, 0, 41902, 0, 0, 2),(@NPC + 11, 0, 41903, 0, 0, 2),(@NPC + 11, 0, 41904, 0, 0, 2),(@NPC + 11, 0, 41907, 0, 0, 2),(@NPC + 11, 0, 41908, 0, 0, 2),(@NPC + 11, 0, 41909, 0, 0, 2),(@NPC + 11, 0, 41910, 0, 0, 2),(@NPC + 11, 0, 41913, 0, 0, 2),(@NPC + 11, 0, 41914, 0, 0, 2),(@NPC + 11, 0, 41915, 0, 0, 2),(@NPC + 11, 0, 41916, 0, 0, 2),(@NPC + 11, 0, 41919, 0, 0, 2),(@NPC + 11, 0, 41920, 0, 0, 2),(@NPC + 11, 0, 41921, 0, 0, 2),(@NPC + 11, 0, 41922, 0, 0, 2),(@NPC + 11, 0, 41925, 0, 0, 2),(@NPC + 11, 0, 41926, 0, 0, 2),(@NPC + 11, 0, 41927, 0, 0, 2),(@NPC + 11, 0, 41928, 0, 0, 2),(@NPC + 11, 0, 41931, 0, 0, 2),(@NPC + 11, 0, 41933, 0, 0, 2),(@NPC + 11, 0, 41934, 0, 0, 2),(@NPC + 11, 0, 41935, 0, 0, 2),(@NPC + 11, 0, 41938, 0, 0, 2),(@NPC + 11, 0, 41939, 0, 0, 2),(@NPC + 11, 0, 41940, 0, 0, 2),(@NPC + 11, 0, 41941, 0, 0, 2),(@NPC + 11, 0, 41944, 0, 0, 2),(@NPC + 11, 0, 41945, 0, 0, 2),(@NPC + 11, 0, 41946, 0, 0, 2),(@NPC + 11, 0, 41947, 0, 0, 2),(@NPC + 11, 0, 41950, 0, 0, 2),(@NPC + 11, 0, 41951, 0, 0, 2),(@NPC + 11, 0, 41953, 0, 0, 2),(@NPC + 11, 0, 41954, 0, 0, 2),(@NPC + 11, 0, 41957, 0, 0, 2),(@NPC + 11, 0, 41958, 0, 0, 2),(@NPC + 11, 0, 41959, 0, 0, 2),(@NPC + 11, 0, 41960, 0, 0, 2),(@NPC + 11, 0, 41963, 0, 0, 2),(@NPC + 11, 0, 41964, 0, 0, 2),(@NPC + 11, 0, 41965, 0, 0, 2),(@NPC + 11, 0, 41966, 0, 0, 2),(@NPC + 11, 0, 41969, 0, 0, 2),(@NPC + 11, 0, 41970, 0, 0, 2),(@NPC + 11, 0, 41971, 0, 0, 2),(@NPC + 11, 0, 41972, 0, 0, 2),(@NPC + 11, 0, 41991, 0, 0, 2),(@NPC + 11, 0, 41992, 0, 0, 2),(@NPC + 11, 0, 41993, 0, 0, 2),(@NPC + 11, 0, 41994, 0, 0, 2),(@NPC + 11, 0, 41997, 0, 0, 2),(@NPC + 11, 0, 41998, 0, 0, 2),(@NPC + 11, 0, 41999, 0, 0, 2),(@NPC + 11, 0, 42001, 0, 0, 2),(@NPC + 11, 0, 42003, 0, 0, 2),(@NPC + 11, 0, 42004, 0, 0, 2),(@NPC + 11, 0, 42005, 0, 0, 2),(@NPC + 11, 0, 42006, 0, 0, 2),(@NPC + 11, 0, 42009, 0, 0, 2),(@NPC + 11, 0, 42010, 0, 0, 2),(@NPC + 11, 0, 42011, 0, 0, 2),(@NPC + 11, 0, 42012, 0, 0, 2),(@NPC + 11, 0, 42015, 0, 0, 2),(@NPC + 11, 0, 42016, 0, 0, 2),(@NPC + 11, 0, 42017, 0, 0, 2),(@NPC + 11, 0, 42018, 0, 0, 2),(@NPC + 11, 0, 49179, 0, 0, 2),(@NPC + 11, 0, 49181, 0, 0, 2),(@NPC + 11, 0, 49183, 0, 0, 2);

SET @GUID := (SELECT MAX(guid) FROM creature) + 100;
DELETE FROM creature WHERE id BETWEEN @NPC AND @NPC + 17;
DELETE FROM creature WHERE id BETWEEN @NPC + 50 AND @NPC + 51;
INSERT INTO `creature` (`guid`, `id`, `map`, `position_x`, `position_y`, `position_z`, `orientation`) VALUES 
(@GUID, @NPC, 1, 16234.13, 16273.34, 14.24, 5.30),
(@GUID + 1, @NPC + 1, 1, 16236.69, 16275.47, 14.75, 5.31),
(@GUID + 2, @NPC + 2, 1, 16239.31, 16277.91, 14.81, 5.41),
(@GUID + 3, @NPC + 3, 1, 16242.36, 16279.04, 14.50, 4.77),
(@GUID + 4, @NPC + 4, 1, 16246.74, 16279.38, 14.01, 4.67),
(@GUID + 5, @NPC + 5, 1, 16214.80, 16253.65, 13.66, 0.47),
(@GUID + 6, @NPC + 6, 1, 16214.63, 16250.09, 13.37, 6.15),
(@GUID + 7, @NPC + 7, 1, 16214.56, 16264.90, 13.73, 0.02),
(@GUID + 8, @NPC + 8, 1, 16214.40, 16260.97, 14.07, 0.07),
(@GUID + 9, @NPC + 9, 1, 16214.55, 16257.00, 14.09, 0.09),
(@GUID + 10, @NPC + 10, 1, 16250.12, 16279.86, 13.86, 4.38),
(@GUID + 11,26324,1,16251.3,16263.2,16.7209,1.67206),
(@GUID + 12,26325,1,16249.3,16263,16.6273,1.67206),
(@GUID + 13,26326,1,16247.3,16262.8,16.476,1.67206),
(@GUID + 14,26327,1,16245.4,16262.6,16.2902,1.67206),
(@GUID + 15,26328,1,16243.4,16262.4,15.9379,1.67206),
(@GUID + 16,26329,1,16241.4,16262.2,15.5471,1.67206),
(@GUID + 17,26330,1,16239.4,16262,15.0803,1.67206),
(@GUID + 18,26331,1,16237.4,16261.8,14.5784,1.67206),
(@GUID + 19,26332,1,16235.4,16261.6,14.1869,1.67206),
(@GUID + 20,33251,1,16253.3,16263.4,16.7209,1.67206),
(@GUID + 21,@NPC + 11,1,16235.56,16274.47,14.56,5.26),
(@GUID + 22,@NPC + 12,1,16238.07,16276.80,14.87,5.40),
(@GUID + 23,@NPC + 13,1,16240.88,16278.45,14.66,5.02),
(@GUID + 24,@NPC + 14,1,16244.58,16279.33,14.23,4.82),
(@GUID + 25,@NPC + 15,1,16252.82,16280.46,14.26,4.92),
(@GUID + 26,@NPC + 16,1,16214.16,16247.98,12.61,5.87),
(@GUID + 27,@NPC + 17,1,16215.17,16252.04,13.06,5.99),
(@GUID + 28,@NPC + 51,1,16223.33,16242.88,11.17,1.58),
(@GUID + 29,@NPC + 50,571,5804.65,620.70,647.93,1.63);



SET @GUID := (SELECT MAX(guid) FROM gameobject) + 100;
INSERT INTO `gameobject` VALUES
(@GUID, 202079, 1, 1, 1, 16254.24, 16233.35, 33.86, 1.35, 0, 0, 0, 0, 600, 0, 1, 0);

UPDATE playercreateinfo SET map = 1, zone = 876, position_x = 16226.20, position_y = 16257.90, position_z = 13.20, orientation = 1.65