SET @CREATURE_GUID_10:= 79171;
SET @PATH_6:= @CREATURE_GUID_10 * 10;
SET @CREATURE_GUID_11:= 79170;
SET @CREATURE_GUID_12:= 79273;
DELETE FROM waypoint_data WHERE id = @PATH_6;
INSERT INTO waypoint_data (`id`, `point`, `position_x`, `position_y`, `position_z`) VALUES
(@PATH_6, 1, -189.129364, -486.595764, 54.048809),
(@PATH_6, 2, -185.443237, -494.079346, 53.662010),
(@PATH_6, 3, -179.295380, -501.302887, 53.856094),
(@PATH_6, 4, -171.910049, -506.253265, 53.804138),
(@PATH_6, 5, -179.295380, -501.302887, 53.856094),
(@PATH_6, 6, -185.891190, -501.569000, 53.039371),
(@PATH_6, 7, -185.443237, -494.079346, 53.662010),
(@PATH_6, 8, -189.129364, -486.595764, 54.048809);
DELETE FROM creature_formations WHERE leaderGUID = @CREATURE_GUID_10;
INSERT INTO creature_formations (`leaderGUID`, `memberGUID`, `dist`, `angle`, `groupAI`, `point_1`, `point_2`) VALUES
(@CREATURE_GUID_10, @CREATURE_GUID_10, 0, 0, 515, 0, 0),
(@CREATURE_GUID_10, @CREATURE_GUID_11, 2, 270, 515, 0, 0),
(@CREATURE_GUID_10, @CREATURE_GUID_12, 2, 90, 515, 0, 0);
DELETE FROM `creature_addon` WHERE `guid` = @CREATURE_GUID_10;
INSERT INTO `creature_addon` (`guid`, `path_id`) VALUES
(@CREATURE_GUID_10, @PATH_6);
UPDATE creature SET MovementType = 2 WHERE guid = @CREATURE_GUID_10;
--
SET @CREATURE_GUID_13:= 79244;
SET @PATH_7:= @CREATURE_GUID_13 * 10;
SET @CREATURE_GUID_14:= 79245;
SET @CREATURE_GUID_15:= 79177;
DELETE FROM waypoint_data WHERE id = @PATH_7;
INSERT INTO waypoint_data (`id`, `point`, `position_x`, `position_y`, `position_z`) VALUES
(@PATH_7, 1, -203.676132, -505.916168, 52.389137),
(@PATH_7, 2, -215.461487, -511.200287, 50.771843),
(@PATH_7, 3, -213.469391, -504.346954, 50.885693),
(@PATH_7, 4, -221.578461, -494.888184, 48.302456),
(@PATH_7, 5, -223.277573, -488.765045, 48.565800),
(@PATH_7, 6, -234.333130, -483.018188, 49.067600),
(@PATH_7, 7, -249.631012, -482.717102, 49.448582),
(@PATH_7, 8, -234.333130, -483.018188, 49.067600),
(@PATH_7, 9, -223.277573, -488.765045, 48.565800),
(@PATH_7, 10, -221.578461, -494.888184, 48.302456),
(@PATH_7, 11, -213.469391, -504.346954, 50.885693),
(@PATH_7, 12, -203.676132, -505.916168, 52.389137);
DELETE FROM creature_formations WHERE leaderGUID = @CREATURE_GUID_13;
INSERT INTO creature_formations (`leaderGUID`, `memberGUID`, `dist`, `angle`, `groupAI`, `point_1`, `point_2`) VALUES
(@CREATURE_GUID_13, @CREATURE_GUID_13, 0, 0, 515, 0, 0),
(@CREATURE_GUID_13, @CREATURE_GUID_14, 2, 270, 515, 0, 0),
(@CREATURE_GUID_13, @CREATURE_GUID_15, 2, 90, 515, 0, 0);
DELETE FROM `creature_addon` WHERE `guid` = @CREATURE_GUID_13;
INSERT INTO `creature_addon` (`guid`, `path_id`) VALUES
(@CREATURE_GUID_13, @PATH_7);
UPDATE creature SET MovementType = 2 WHERE guid = @CREATURE_GUID_13;
--
SET @CREATURE_GUID_16:= 79229;
SET @PATH_8:= @CREATURE_GUID_16 * 10;
SET @CREATURE_GUID_17:= 79230;
SET @CREATURE_GUID_18:= 79233;
DELETE FROM waypoint_data WHERE id = @PATH_8;
INSERT INTO waypoint_data (`id`, `point`, `position_x`, `position_y`, `position_z`) VALUES
(@PATH_8, 1, -301.654358, -598.587463, 48.132729),
(@PATH_8, 2, -305.715088, -589.772156, 47.539680),
(@PATH_8, 3, -297.788696, -577.531921, 47.901054),
(@PATH_8, 4, -290.433777, -564.302246, 49.062832),
(@PATH_8, 5, -290.428131, -556.427246, 49.448643),
(@PATH_8, 6, -290.433777, -564.302246, 49.062832),
(@PATH_8, 7, -297.788696, -577.531921, 47.901054),
(@PATH_8, 8, -305.715088, -589.772156, 47.539680),
(@PATH_8, 9, -301.654358, -598.587463, 48.132729);
DELETE FROM creature_formations WHERE leaderGUID = @CREATURE_GUID_16;
INSERT INTO creature_formations (`leaderGUID`, `memberGUID`, `dist`, `angle`, `groupAI`, `point_1`, `point_2`) VALUES
(@CREATURE_GUID_16, @CREATURE_GUID_16, 0, 0, 515, 0, 0),
(@CREATURE_GUID_16, @CREATURE_GUID_17, 2, 270, 515, 0, 0),
(@CREATURE_GUID_16, @CREATURE_GUID_18, 2, 90, 515, 0, 0);
DELETE FROM `creature_addon` WHERE `guid` = @CREATURE_GUID_16;
INSERT INTO `creature_addon` (`guid`, `path_id`) VALUES
(@CREATURE_GUID_16, @PATH_8);
UPDATE creature SET MovementType = 2 WHERE guid = @CREATURE_GUID_16;
--
SET @CREATURE_GUID_19:= 79377;
SET @PATH_9:= @CREATURE_GUID_19 * 10;
SET @CREATURE_GUID_20:= 79376;
DELETE FROM waypoint_data WHERE id = @PATH_9;
INSERT INTO waypoint_data (`id`, `point`, `position_x`, `position_y`, `position_z`) VALUES
(@PATH_9, 1, -254.430145, -578.501099, 51.149895),
(@PATH_9, 2, -271.009369, -579.705383, 49.744621),
(@PATH_9, 3, -278.961609, -592.509155, 51.002937),
(@PATH_9, 4, -286.019287, -600.730835, 48.863724),
(@PATH_9, 5, -297.759766, -603.540527, 47.489330),
(@PATH_9, 6, -286.019287, -600.730835, 48.863724),
(@PATH_9, 7, -278.961609, -592.509155, 51.002937),
(@PATH_9, 8, -271.009369, -579.705383, 49.744621),
(@PATH_9, 9, -254.430145, -578.501099, 51.149895);
DELETE FROM creature_formations WHERE leaderGUID = @CREATURE_GUID_19;
INSERT INTO creature_formations (`leaderGUID`, `memberGUID`, `dist`, `angle`, `groupAI`, `point_1`, `point_2`) VALUES
(@CREATURE_GUID_19, @CREATURE_GUID_19, 0, 0, 515, 0, 0),
(@CREATURE_GUID_19, @CREATURE_GUID_20, 2, 90, 515, 0, 0);
DELETE FROM `creature_addon` WHERE `guid` = @CREATURE_GUID_19;
INSERT INTO `creature_addon` (`guid`, `path_id`) VALUES
(@CREATURE_GUID_19, @PATH_9);
UPDATE creature SET MovementType = 2 WHERE guid = @CREATURE_GUID_19;

SET @CREATURE_GUID_21:= 79280;
SET @PATH_10:= @CREATURE_GUID_21 * 10;
SET @CREATURE_GUID_22:= 79281;
DELETE FROM waypoint_data WHERE id = @PATH_10;
INSERT INTO waypoint_data (`id`, `point`, `position_x`, `position_y`, `position_z`) VALUES
(@PATH_10, 1, -166.577179, -506.737488, 53.402554),
(@PATH_10, 2, -159.116867, -508.080719, 53.366032),
(@PATH_10, 3, -155.714111, -512.510620, 52.921089),
(@PATH_10, 4, -153.810699, -518.118408, 52.477470),
(@PATH_10, 5, -152.648575, -525.248047, 51.651775),
(@PATH_10, 6, -153.810699, -518.118408, 52.477470),
(@PATH_10, 7, -155.714111, -512.510620, 52.921089),
(@PATH_10, 8, -159.116867, -508.080719, 53.366032),
(@PATH_10, 9, -166.577179, -506.737488, 53.402554);
DELETE FROM creature_formations WHERE leaderGUID = @CREATURE_GUID_21;
INSERT INTO creature_formations (`leaderGUID`, `memberGUID`, `dist`, `angle`, `groupAI`, `point_1`, `point_2`) VALUES
(@CREATURE_GUID_21, @CREATURE_GUID_21, 0, 0, 515, 0, 0),
(@CREATURE_GUID_21, @CREATURE_GUID_22, 2, 90, 515, 0, 0);
DELETE FROM `creature_addon` WHERE `guid` = @CREATURE_GUID_21;
INSERT INTO `creature_addon` (`guid`, `path_id`) VALUES
(@CREATURE_GUID_21, @PATH_10);
UPDATE creature SET MovementType = 2 WHERE guid = @CREATURE_GUID_21;