SET @VYRAGOSA = 202441;
UPDATE `creature_template` SET `AIName` = "SmartAI", `ScriptName` = "" WHERE `entry` IN (32491,32630);
DELETE FROM `smart_scripts` WHERE `entryorguid` IN (32491,32630);
INSERT INTO `smart_scripts` VALUES
(32491, 0, 0, 0, 0, 0, 100, 0, 5000, 6000, 12000, 15000, 11, 51020, 0, 0, 0, 0, 0, 2, 0, 0, 0, 0, 0, 0, 0, 'Time-Lost Proto Drake - In Combat - Cast \'Time Lapse\''),
(32491, 0, 1, 0, 1, 0, 100, 0, 9000, 12000, 20000, 25000, 11, 61084, 1, 0, 0, 0, 0, 1, 0, 0, 0, 0, 0, 0, 0, 'Time-Lost Proto Drake - Out of Combat - Cast \'Time Shift\''),
(32630, 0, 0, 0, 9, 0, 100, 0, 0, 35, 7000, 9000, 11, 47425, 0, 0, 0, 0, 0, 2, 0, 0, 0, 0, 0, 0, 0, 'Vyragosa - Within 0-35 Range - Cast \'Frost Breath\''),
(32630, 0, 1, 0, 9, 0, 100, 0, 0, 5, 3000, 6000, 11, 51857, 0, 0, 0, 0, 0, 2, 0, 0, 0, 0, 0, 0, 0, 'Vyragosa - Within 0-5 Range - Cast \'Frost Cleave\'');

DELETE FROM `pool_template` WHERE `entry` = 60002;
INSERT INTO `pool_template` VALUES (60002, 1, 'Vyragosa / Time Lost');

DELETE FROM `pool_creature` WHERE `guid` BETWEEN 202461 AND 202480;
DELETE FROM `pool_creature` WHERE `guid` BETWEEN @VYRAGOSA AND @VYRAGOSA+10;
INSERT INTO `pool_creature` VALUES
(202461, 60002, 0, "Timelost Proto Drake"),
(202462, 60002, 0,  "Timelost Proto Drake"),
(202463, 60002, 0, "Timelost Proto Drake"),
(202464, 60002, 0,  "Timelost Proto Drake"),
(202465, 60002, 0, "Timelost Proto Drake"),
(202466, 60002, 0,  "Timelost Proto Drake"),
(202467, 60002, 0,  "Timelost Proto Drake"),
(202468, 60002, 0, "Timelost Proto Drake"),
(202469, 60002, 0,  "Timelost Proto Drake"),
(202470, 60002, 0,  "Timelost Proto Drake"),
(202471, 60002, 0,  "Timelost Proto Drake"),
(@VYRAGOSA, 60002, 0, "Vyragosa "),
(@VYRAGOSA+1, 60002, 0,  "Vyragosa "),
(@VYRAGOSA+2, 60002, 0, "Vyragosa "),
(@VYRAGOSA+3, 60002, 0,  "Vyragosa "),
(@VYRAGOSA+4, 60002, 0, "Vyragosa "),
(@VYRAGOSA+5, 60002, 0,  "Vyragosa "),
(@VYRAGOSA+6, 60002, 0,  "Vyragosa "),
(@VYRAGOSA+7, 60002, 0, "Vyragosa "),
(@VYRAGOSA+8, 60002, 0,  "Vyragosa "),
(@VYRAGOSA+9, 60002, 0,  "Vyragosa "),
(@VYRAGOSA+10, 60002, 0,  "Vyragosa ");

DELETE FROM `creature` WHERE id IN (32491, 32630);
INSERT INTO `creature` VALUES 
(202461, 32491, 571, 1, 1, 0, 0, 7210.96, -1046.89, 1006.18, 2.8705, 43200, 0, 0, 18900, 0, 2, 0, 0, 0),
(202462, 32491, 571, 1, 1, 0, 0, 7440.4, -1295.86, 997.291, 2.8705, 43200, 0, 0, 18900, 0, 2, 0, 0, 0),
(202463, 32491, 571, 1, 1, 0, 0, 6563.27, -811.767, 749.876, 2.8705, 43200, 0, 0, 18900, 0, 2, 0, 0, 0),
(202464, 32491, 571, 1, 1, 0, 0, 6614.79, -875.755, 812.765, 2.8705, 43200, 0, 0, 18900, 0, 2, 0, 0, 0),
(202465, 32491, 571, 1, 1, 0, 0, 7513.78, -106.35, 900.23, 2.8705, 43200, 0, 0, 18900, 0, 2, 0, 0, 0),
(202466, 32491, 571, 1, 1, 0, 0, 7513.78, -106.35, 900.23, 2.8705, 43200, 0, 0, 18900, 0, 2, 0, 0, 0),
(202467, 32491, 571, 1, 1, 0, 0, 7089.68, -306.03, 843.31, 2.8705, 43200, 0, 0, 18900, 0, 2, 0, 0, 0),
(202468, 32491, 571, 1, 1, 0, 0, 7577.20, -864.34, 959.59, 2.8705, 43200, 0, 0, 18900, 0, 2, 0, 0, 0),
(202469, 32491, 571, 1, 1, 0, 0, 7543.19, -866.90, 935.17, 2.8705, 43200, 0, 0, 18900, 0, 2, 0, 0, 0),
(202470, 32491, 571, 1, 1, 0, 0, 6453.71, -852.91, 621.82, 2.8705, 43200, 0, 0, 18900, 0, 2, 0, 0, 0),
(202471, 32491, 571, 1, 1, 0, 0, 7067.23, -426.92, 790.72, 2.8705, 43200, 0, 0, 18900, 0, 2, 0, 0, 0),
(@VYRAGOSA, 32630, 571, 1, 1, 0, 0, 7210.96, -1046.89, 1006.18, 2.8705, 43200, 0, 0, 18900, 0, 2, 0, 0, 0),
(@VYRAGOSA+1, 32630, 571, 1, 1, 0, 0, 7440.4, -1295.86, 997.291, 2.8705, 43200, 0, 0, 18900, 0, 2, 0, 0, 0),
(@VYRAGOSA+2, 32630, 571, 1, 1, 0, 0, 6563.27, -811.767, 749.876, 2.8705, 43200, 0, 0, 18900, 0, 2, 0, 0, 0),
(@VYRAGOSA+3, 32630, 571, 1, 1, 0, 0, 6614.79, -875.755, 812.765, 2.8705, 43200, 0, 0, 18900, 0, 2, 0, 0, 0),
(@VYRAGOSA+4, 32630, 571, 1, 1, 0, 0, 7513.78, -106.35, 900.23, 2.8705, 43200, 0, 0, 18900, 0, 2, 0, 0, 0),
(@VYRAGOSA+5, 32630, 571, 1, 1, 0, 0, 7513.78, -106.35, 900.23, 2.8705, 43200, 0, 0, 18900, 0, 2, 0, 0, 0),
(@VYRAGOSA+6, 32630, 571, 1, 1, 0, 0, 7089.68, -306.03, 843.31, 2.8705, 43200, 0, 0, 18900, 0, 2, 0, 0, 0),
(@VYRAGOSA+7, 32630, 571, 1, 1, 0, 0, 7577.20, -864.34, 959.59, 2.8705, 43200, 0, 0, 18900, 0, 2, 0, 0, 0),
(@VYRAGOSA+8, 32630, 571, 1, 1, 0, 0, 7543.19, -866.90, 935.17, 2.8705, 43200, 0, 0, 18900, 0, 2, 0, 0, 0),
(@VYRAGOSA+9, 32630, 571, 1, 1, 0, 0, 6453.71, -852.91, 621.82, 2.8705, 43200, 0, 0, 18900, 0, 2, 0, 0, 0),
(@VYRAGOSA+10, 32630, 571, 1, 1, 0, 0, 7067.23, -426.92, 790.72, 2.8705, 43200, 0, 0, 18900, 0, 2, 0, 0, 0);

DELETE FROM `creature_addon` WHERE `guid` BETWEEN 202461 AND 202480;
DELETE FROM `creature_addon` WHERE `guid` BETWEEN @VYRAGOSA AND @VYRAGOSA+10;
INSERT INTO `creature_addon` VALUES
(202461, 2024410, 0, 50331648, 0, 0, NULL),
(202462, 2024430, 0, 50331648, 0, 0, NULL),
(202463, 2024450, 0, 50331648, 0, 0, NULL),
(202464, 2024470, 0, 50331648, 0, 0, NULL),
(202466, 2024660, 0, 50331648, 0, 0, NULL),
(202465, 2024420, 0, 50331648, 0, 0, NULL),
(202467, 2024670, 0, 50331648, 0, 0, NULL),
(202468, 2024680, 0, 50331648, 0, 0, NULL),
(202469, 2024690, 0, 50331648, 0, 0, NULL),
(202470, 2024700, 0, 50331648, 0, 0, NULL),
(202471, 2024710, 0, 50331648, 0, 0, NULL),
(@VYRAGOSA, 2024410, 0, 50331648, 0, 0, NULL),
(@VYRAGOSA+1, 2024430, 0, 50331648, 0, 0, NULL),
(@VYRAGOSA+2, 2024450, 0, 50331648, 0, 0, NULL),
(@VYRAGOSA+3, 2024470, 0, 50331648, 0, 0, NULL),
(@VYRAGOSA+4, 2024660, 0, 50331648, 0, 0, NULL),
(@VYRAGOSA+5, 2024420, 0, 50331648, 0, 0, NULL),
(@VYRAGOSA+6, 2024670, 0, 50331648, 0, 0, NULL),
(@VYRAGOSA+7, 2024680, 0, 50331648, 0, 0, NULL),
(@VYRAGOSA+8, 2024690, 0, 50331648, 0, 0, NULL),
(@VYRAGOSA+9, 2024700, 0, 50331648, 0, 0, NULL),
(@VYRAGOSA+10, 2024710, 0, 50331648, 0, 0, NULL);

DELETE FROM `waypoint_data` WHERE `id`IN ( 
2024410,
2024430,
2024450,
2024470,
2024420,
2024660,
2024670,
2024680,
2024690,
2024700,
2024710,
@VYRAGOSA,
@VYRAGOSA+1,
@VYRAGOSA+2,
@VYRAGOSA+3,
@VYRAGOSA+4,
@VYRAGOSA+5,
@VYRAGOSA+6,
@VYRAGOSA+7,
@VYRAGOSA+8,
@VYRAGOSA+9,
@VYRAGOSA+10);
INSERT INTO `waypoint_data` VALUES
-- Path for mob 202461 - blue path
(2024410, 1, 7210.96, -1046.89, 1006.18, 0, 0, 0, 0, 100, 0),
(2024410, 2, 7225.58, -831.26, 969.11, 0, 0, 1, 0, 100, 0),
(2024410, 3, 7135.95, -759.27, 919.89, 0, 0, 1, 0, 100, 0),
(2024410, 4, 7064.56, -749.31, 840.31, 0, 0, 1, 0, 100, 0),
(2024410, 5, 7003.93, -757.70, 793.59, 0, 0, 1, 0, 100, 0),
(2024410, 6, 6915.90, -764.32, 786.82, 0, 0, 1, 0, 100, 0),
(2024410, 7, 6726.91, -774.96, 768.68, 0, 0, 1, 0, 100, 0),
(2024410, 8, 6585.13, -807.00, 724.09, 0, 0, 1, 0, 100, 0),
(2024410, 9, 6299.5, -797.577, 529.126, 0, 0, 1, 0, 100, 0),
(2024410, 10, 6319.25, -1251.66, 468.626, 0, 0, 1, 0, 100, 0),
(2024410, 11, 6309.16, -1537.86, 615.042, 0, 0, 1, 0, 100, 0),
(2024410, 12, 6748.21, -1664.31, 919.312, 0, 0, 1, 0, 100, 0),
(2024410, 13, 6913.31, -1725.26, 954.792, 0, 0, 1, 0, 100, 0),
(2024410, 14, 7167.58, -1501.69, 962.569, 0, 0, 1, 0, 100, 0),
(2024410, 15, 7440.4, -1295.86, 997.291, 0, 0, 1, 0, 100, 0),
  
 -- Path for mob 202462 - blue path
(2024430, 1, 7440.4, -1295.86, 997.291, 0, 0, 1, 0, 100, 0),
(2024430, 2, 7210.96, -1046.89, 1006.18, 0, 0, 1, 0, 100, 0),
(2024430, 3, 6998.46, -1076.85, 1024.82, 0, 0, 1, 0, 100, 0),
(2024430, 4, 6874.25, -1097.38, 927.736, 0, 0, 1, 0, 100, 0),
(2024430, 5, 6614.79, -875.755, 812.765, 0, 0, 1, 0, 100, 0),
(2024430, 6, 6563.27, -811.767, 749.876, 0, 0, 1, 0, 100, 0),
(2024430, 7, 6299.5, -797.577, 529.126, 0, 0, 1, 0, 100, 0),
(2024430, 8, 6319.25, -1251.66, 468.626, 0, 0, 1, 0, 100, 0),
(2024430, 9, 6309.16, -1537.86, 615.042, 0, 0, 1, 0, 100, 0),
(2024430, 10, 6748.21, -1664.31, 919.312, 0, 0, 1, 0, 100, 0),
(2024430, 11, 6913.31, -1725.26, 954.792, 0, 0, 1, 0, 100, 0),
(2024430, 12, 7167.58, -1501.69, 962.569, 0, 0, 1, 0, 100, 0),
(2024430, 13, 7440.4, -1295.86, 997.291, 0, 0, 1, 0, 100, 0),
   
 -- Path for mob 202463 - blue path 
(2024450, 1, 6563.27, -811.767, 749.876, 0, 0, 1, 0, 100, 0),
(2024450, 2, 6299.5, -797.577, 529.126, 0, 0, 1, 0, 100, 0),
(2024450, 3, 6194.55, -1013.14, 501.542, 0, 0, 1, 0, 100, 0),
(2024450, 4, 6319.25, -1251.66, 468.626, 0, 0, 1, 0, 100, 0),
(2024450, 5, 6309.16, -1537.86, 615.042, 0, 0, 1, 0, 100, 0),
(2024450, 6, 6748.21, -1664.31, 919.312, 0, 0, 1, 0, 100, 0),
(2024450, 7, 6913.31, -1725.26, 954.792, 0, 0, 1, 0, 100, 0),
(2024450, 8, 7167.58, -1501.69, 962.569, 0, 0, 1, 0, 100, 0),
(2024450, 9, 7440.4, -1295.86, 997.291, 0, 0, 1, 0, 100, 0),
(2024450, 10, 7440.4, -1295.86, 997.291, 0, 0, 1, 0, 100, 0),
(2024450, 11, 7210.96, -1046.89, 1006.18, 0, 0, 1, 0, 100, 0),
(2024450, 12, 6998.46, -1076.85, 1024.82, 0, 0, 1, 0, 100, 0),
(2024450, 13, 6874.25, -1097.38, 927.736, 0, 0, 1, 0, 100, 0),
(2024450, 14, 6614.79, -875.755, 812.765, 0, 0, 1, 0, 100, 0),
 
 -- Path for mob 202464- blue
(2024470, 1, 6614.79, -875.755, 812.765, 0, 0, 1, 0, 100, 0),
(2024470, 2, 6563.27, -811.767, 749.876, 0, 0, 1, 0, 100, 0),
(2024470, 3, 6299.5, -797.577, 529.126, 0, 0, 1, 0, 100, 0),
(2024470, 4, 6194.55, -1013.14, 501.542, 0, 0, 1, 0, 100, 0),
(2024470, 5, 6319.25, -1251.66, 468.626, 0, 0, 1, 0, 100, 0),
(2024470, 6, 6309.16, -1537.86, 615.042, 0, 0, 1, 0, 100, 0),
(2024470, 7, 6748.21, -1664.31, 919.312, 0, 0, 1, 0, 100, 0),
(2024470, 8, 6913.31, -1725.26, 954.792, 0, 0, 1, 0, 100, 0),
(2024470, 9, 7167.58, -1501.69, 962.569, 0, 0, 1, 0, 100, 0),
(2024470, 10, 7440.4, -1295.86, 997.291, 0, 0, 1, 0, 100, 0),
(2024470, 11, 7210.96, -1046.89, 1006.18, 0, 0, 1, 0, 100, 0),
(2024470, 12, 6998.46, -1076.85, 1024.82, 0, 0, 1, 0, 100, 0),
(2024470, 13, 6874.25, -1097.38, 927.736, 0, 0, 1, 0, 100, 0),
 
 -- Path for mob 202465 - red line
 
(2024420, 1, 7513.78, -106.35, 900.23, 0, 0, 1, 0, 100, 0),
(2024420, 2, 7218.68, -114.89, 857.65, 0, 0, 1, 0, 100, 0),
(2024420, 3, 7089.68, -306.03, 843.31, 0, 0, 1, 0, 100, 0),
(2024420, 4, 7076.29, -520.53, 814.08, 0, 0, 1, 0, 100, 0),
(2024420, 5, 7133.63, -725.14, 915.32, 0, 0, 1, 0, 100, 0),
(2024420, 6, 7305.76, -936.95, 962.84, 0, 0, 1, 0, 100, 0),
(2024420, 7, 7413.81, -1293.22, 974.22, 0, 0, 1, 0, 100, 0),
(2024420, 8, 7766.46, -1712.14, 1409.57, 0, 0, 1, 0, 100, 0),
(2024420, 9, 7813.19, -1718.14, 1314.63, 0, 0, 1, 0, 100, 0),
(2024420, 10, 8366.90, -1403.10, 1092.88, 0, 0, 1, 0, 100, 0),
(2024420, 11, 8603.47, -1635.67, 1055.01, 0, 0, 1, 0, 100, 0),
(2024420, 12, 8745.11, -1451.94, 1029.35, 0, 0, 1, 0, 100, 0),
(2024420, 13, 8457.49, -679.32, 990.07, 0, 0, 1, 0, 100, 0),
(2024420, 14, 8434.81, -197.85, 1026.14, 0, 0, 1, 0, 100, 0),
(2024420, 15, 7755.35, -206.39, 995.27, 0, 0, 1, 0, 100, 0),
(2024420, 16, 7513.78, -106.35, 900.23, 0, 0, 1, 0, 100, 0),
  
 -- Path for mob 202466  - black line
(2024660, 1, 7513.78, -106.35, 900.23, 0, 0, 1, 0, 100, 0),
(2024660, 2, 7326.12, -41.77, 846.99, 0, 0, 1, 0, 100, 0),
(2024660, 3, 7218.68, -114.89, 857.65, 0, 0, 1, 0, 100, 0),
(2024660, 4, 7089.68, -306.03, 843.31, 0, 0, 1, 0, 100, 0),
(2024660, 5, 7076.29, -520.53, 814.08, 0, 0, 1, 0, 100, 0),
(2024660, 6, 7133.63, -725.14, 915.32, 0, 0, 1, 0, 100, 0),
(2024660, 7, 7305.76, -936.95, 962.84, 0, 0, 1, 0, 100, 0), 
(2024660, 8,7740.89, -1111.97, 1020.01 , 0, 0, 1, 0, 100, 0),
(2024660, 9, 8170.97, -998.86, 1096.11, 0, 0, 1, 0, 100, 0),
(2024660, 10, 8220.81, -859.76, 1052.20, 0, 0, 1, 0, 100, 0), 
(2024660, 11, 7956.43, -468.93, 1019.68, 0, 0, 1, 0, 100, 0),
(2024660, 12, 7789.11, -282.76, 953.80, 0, 0, 1, 0, 100, 0), 
(2024660, 13, 7755.35, -206.39, 995.27, 0, 0, 1, 0, 100, 0),
(2024660, 14, 7513.78, -106.35, 900.23, 0, 0, 1, 0, 100, 0),
 
 
 -- Path for mob 202467 - black line 2
(2024670, 1, 7089.68, -306.03, 843.31, 0, 0, 1, 0, 100, 0),
(2024670, 2, 7076.29, -520.53, 814.08, 0, 0, 1, 0, 100, 0),
(2024670, 3, 7133.63, -725.14, 915.32, 0, 0, 1, 0, 100, 0),
(2024670, 4, 7305.76, -936.95, 962.84, 0, 0, 1, 0, 100, 0),
(2024670, 5, 7577.20, -864.34, 959.59, 0, 0, 1, 0, 100, 0),
(2024670, 6, 7834.41, -906.22, 1172.22, 0, 0, 1, 0, 100, 0),
(2024670, 7, 8220.81, -859.76, 1052.20, 0, 0, 1, 0, 100, 0), 
(2024670, 8, 7956.43, -468.93, 1019.68, 0, 0, 1, 0, 100, 0),
(2024670, 9, 7789.11, -282.76, 953.80, 0, 0, 1, 0, 100, 0), 
(2024670, 10, 7755.35, -206.39, 995.27, 0, 0, 1, 0, 100, 0),
(2024670, 11, 7513.78, -106.35, 900.23, 0, 0, 1, 0, 100, 0),
(2024670, 12, 7218.68, -114.89, 857.65, 0, 0, 1, 0, 100, 0),
  
-- Path for mob 202468 - black line 3

(2024680, 1, 7577.20, -864.34, 959.59, 0, 0, 1, 0, 100, 0),
(2024680, 2, 7305.76, -936.95, 962.84, 0, 0, 1, 0, 100, 0),
(2024680, 3, 7890.58, -859.02, 1193.18, 0, 0, 1, 0, 100, 0),
(2024680, 4, 8153.89, -877.01, 1021.46, 0, 0, 1, 0, 100, 0),
(2024680, 5, 7956.43, -468.93, 1019.68, 0, 0, 1, 0, 100, 0),
(2024680, 6, 7789.11, -282.76, 953.80, 0, 0, 1, 0, 100, 0), 
(2024680, 7, 7755.35, -206.39, 995.27, 0, 0, 1, 0, 100, 0),
(2024680, 8, 7513.78, -106.35, 900.23, 0, 0, 1, 0, 100, 0),
(2024680, 9, 7133.63, -725.14, 915.32, 0, 0, 1, 0, 100, 0),
(2024680, 10, 7305.76, -936.95, 962.84, 0, 0, 1, 0, 100, 0),

-- Path for mob 202469 - black line 4

(2024690, 1, 7543.19, -866.90, 935.17, 0, 0, 1, 0, 100, 0),
(2024690, 2,7672.12, -784.77, 1075.51 , 0, 0, 1, 0, 100, 0),
(2024690, 3, 7805.72, -715.93, 1236.77, 0, 0, 1, 0, 100, 0),
(2024690, 4, 7903.82, -598.97, 1078.14, 0, 0, 1, 0, 100, 0),
(2024690, 5, 7784.16, -303.67, 949.13, 0, 0, 1, 0, 100, 0),
(2024690, 6, 7614.57, -130.40, 921.51, 0, 0, 1, 0, 100, 0),
(2024690, 7, 7218.68, -114.89, 857.65, 0, 0, 1, 0, 100, 0),
(2024690, 8, 7089.68, -306.03, 843.31, 0, 0, 1, 0, 100, 0),
(2024690, 9, 7076.29, -520.53, 814.08, 0, 0, 1, 0, 100, 0),
(2024690, 10, 7133.63, -725.14, 915.32, 0, 0, 1, 0, 100, 0),
(2024690, 11, 7305.76, -936.95, 962.84, 0, 0, 1, 0, 100, 0),
(2024690, 12, 7413.81, -1293.22, 974.22, 0, 0, 1, 0, 100, 0),

-- Path for mob 202470 - green line
(2024700, 1, 6453.71, -852.91, 621.82, 0, 0, 1, 0, 100, 0),
(2024700, 2, 6648.69, -783.81, 749.28, 0, 0, 1, 0, 100, 0),
(2024700, 3, 6982.45, -755.87, 782.42, 0, 0, 1, 0, 100, 0),
(2024700, 4, 7074.69, -656.65, 778.75, 0, 0, 1, 0, 100, 0),
(2024700, 5, 7067.23, -426.92, 790.72, 0, 0, 1, 0, 100, 0),
(2024700, 6, 7045.11, -229.14, 816.82, 0, 0, 1, 0, 100, 0),
(2024700, 7, 6832.45, -124.20, 796.70, 0, 0, 1, 0, 100, 0),
(2024700, 8, 6677.64, -13.29, 810.74, 0, 0, 1, 0, 100, 0),
(2024700, 9, 6480.69, -81.82, 783.65, 0, 0, 1, 0, 100, 0),
(2024700, 10, 6449.33, -297.78, 821.59, 0, 0, 1, 0, 100, 0),
(2024700, 11, 6298.11, -620.29, 484.70, 0, 0, 1, 0, 100, 0),
(2024700, 12, 6354.35, -788.27, 496.15, 0, 0, 1, 0, 100, 0),
(2024700, 13, 6453.71, -852.91, 621.82, 0, 0, 1, 0, 100, 0),

-- Path for mob 202471 - green line 2

(2024710, 1, 7067.23, -426.92, 790.72, 0, 0, 1, 0, 100, 0),
(2024710, 2, 7045.11, -229.14, 816.82, 0, 0, 1, 0, 100, 0),
(2024710, 3, 6832.45, -124.20, 796.70, 0, 0, 1, 0, 100, 0),
(2024710, 4, 6677.64, -13.29, 810.74, 0, 0, 1, 0, 100, 0),
(2024710, 5, 6480.69, -81.82, 783.65, 0, 0, 1, 0, 100, 0),
(2024710, 6, 6449.33, -297.78, 821.59, 0, 0, 1, 0, 100, 0),
(2024710, 7, 6298.11, -620.29, 484.70, 0, 0, 1, 0, 100, 0),
(2024710, 8, 6083.04, -840.46, 436.01, 0, 0, 1, 0, 100, 0),
(2024710, 9, 6183.05, -1158.04, 480.63, 0, 0, 1, 0, 100, 0),
(2024710, 10, 6344.53, -982.98, 487.90, 0, 0, 1, 0, 100, 0),
(2024710, 11, 6453.71, -852.91, 621.82, 0, 0, 1, 0, 100, 0),
(2024710, 12, 6648.69, -783.81, 749.28, 0, 0, 1, 0, 100, 0),
(2024710, 13, 6982.45, -755.87, 782.42, 0, 0, 1, 0, 100, 0),
(2024710, 14, 7074.69, -656.65, 778.75, 0, 0, 1, 0, 100, 0);