UPDATE `creature` SET `MovementType` = 2 WHERE `guid` = 14053;
DELETE FROM `creature_addon` WHERE `guid` = 14053;
INSERT INTO `creature_addon` VALUES
(14053, 140530, 0, 0, 0, 0, '');
DELETE FROM `creature_formations` WHERE `leaderGUID` = 14053;
INSERT INTO `creature_formations` VALUES
(14053, 14053, 0, 0, 3, 0, 0),
(14053, 14054, 4, 90, 3, 0, 0),
(14053, 14050, 3, 270, 3, 0, 0),
(14053, 14052, 4, 30, 3, 0, 0),
(14053, 14051, 3, 90, 3, 0, 0);
SET @PATH = 140530;
DELETE FROM `waypoint_data` WHERE `id` = @PATH;
INSERT INTO `waypoint_data` VALUES
(@PATH, 1, -2628.031, -1896.360, 96.07117, 0,0, 0, 0,100, 0),
(@PATH, 2, -2603.483, -1884.217, 94.95394, 0,0, 0, 0,100, 0),
(@PATH, 3, -2572.469, -1867.995, 91.66851, 0,0, 0, 0,100, 0),
(@PATH, 4, -2547.874, -1851.456, 91.87266, 0,0, 0, 0,100, 0),
(@PATH, 5, -2520.750, -1832.467, 94.03913, 0,0, 0, 0,100, 0),
(@PATH, 6, -2482.074, -1819.896, 93.73948, 0,0, 0, 0,100, 0),
(@PATH, 7, -2448.687, -1809.025, 93.00179, 0,0, 0, 0,100, 0),
(@PATH, 8, -2424.056, -1785.877, 93.59377, 0,0, 0, 0,100, 0),
(@PATH, 9, -2398.980, -1765.640, 98.52843, 0,0, 0, 0,100, 0),
(@PATH, 10, -2369.848, -1768.583, 92.77349, 0,0, 0,0,100, 0),
(@PATH, 11, -2353.493, -1774.797, 91.16112, 0,0, 0,0,100, 0),
(@PATH, 12, -2321.827, -1789.619, 95.94930, 0,0, 0,0,100, 0),
(@PATH, 13, -2292.005, -1798.230, 94.85985, 0,0, 0,0,100, 0),
(@PATH, 14, -2257.018, -1797.604, 94.30159, 0,0, 0,0,100, 0),
(@PATH, 15, -2224.482, -1799.469, 91.66661, 0,0, 0,0,100, 0),
(@PATH, 16, -2190.721, -1808.526, 94.43497, 0,0, 0,0,100, 0),
(@PATH, 17, -2140.097, -1822.435, 93.96465, 0,0, 0,0,100, 0),
(@PATH, 18, -2098.112, -1836.512, 93.03159, 0,0, 0,0,100, 0),
(@PATH, 19, -2057.309, -1858.878, 91.66679, 0,0, 0,0,100, 0),
(@PATH, 20, -2025.616, -1892.873, 94.96066, 0,0, 0,0,100, 0),
(@PATH, 21, -2006.017, -1920.448, 92.35011, 0,0, 0,0,100, 0),
(@PATH, 22, -1992.566, -1957.504, 91.66945, 0,0, 0,0,100, 0),
(@PATH, 23, -1996.428, -1997.149, 93.96352, 0,0, 0,0,100, 0),
(@PATH, 24, -2012.498, -2033.223, 91.67265, 0,0, 0,0,100, 0),
(@PATH, 25, -2048.788, -2073.737, 92.96328, 0,0, 0,0,100, 0),
(@PATH, 26, -2079.083, -2091.142, 92.34497, 0,0, 0,0,100, 0),
(@PATH, 27, -2110.879, -2105.770, 92.38611, 0,0, 0,0,100, 0),
(@PATH, 28, -2142.793, -2120.140, 92.68478, 0,0, 0,0,100, 0),
(@PATH, 29, -2174.707, -2134.509, 91.66678, 0,0, 0,0,100, 0),
(@PATH, 30, -2220.079, -2156.942, 92.43989, 0,0, 0,0,100, 0),
(@PATH, 31, -2238.063, -2175.912, 94.00526, 0,0, 0,0,100, 0),
(@PATH, 32, -2248.126, -2194.318, 93.55046, 0,0, 0,0,100, 0),
(@PATH, 33, -2258.714, -2227.676, 92.82426, 0,0, 0,0,100, 0),
(@PATH, 34, -2275.457, -2277.416, 91.96793, 0,0, 0,0,100, 0),
(@PATH, 35, -2293.183, -2310.069, 92.15795, 0,0, 0,0,100, 0),
(@PATH, 36, -2325.992, -2343.955, 94.75246, 0,0, 0,0,100, 0),
(@PATH, 37, -2357.433, -2365.708, 91.74555, 0,0, 0,0,100, 0),
(@PATH, 38, -2404.910, -2387.962, 91.77469, 0,0, 0,0,100, 0),
(@PATH, 39, -2431.397, -2396.976, 92.61308, 0,0, 0,0,100, 0),
(@PATH, 40, -2483.388, -2400.967, 91.66673, 0,0, 0,0,100, 0),
(@PATH, 41, -2525.219, -2382.906, 92.04632, 0,0, 0,0,100, 0),
(@PATH, 42, -2548.397, -2362.470, 91.74214, 0,0, 0,0,100, 0),
(@PATH, 43, -2575.032, -2316.856, 91.66782, 0,0, 0,0,100, 0),
(@PATH, 44, -2570.678, -2277.692, 92.40724, 0,0, 0,0,100, 0),
(@PATH, 45, -2561.279, -2230.282, 92.22377, 0,0, 0,0,100, 0),
(@PATH, 46, -2569.500, -2187.141, 95.84205, 0,0, 0,0,100, 0),
(@PATH, 47, -2587.931, -2157.389, 96.21458, 0,0, 0,0,100, 0),
(@PATH, 48, -2620.637, -2116.588, 93.98842, 0,0, 0,0,100, 0),
(@PATH, 49, -2664.691, -2068.568, 97.86559, 0,0, 0,0,100, 0),
(@PATH, 50, -2666.025, -2026.397, 98.31170, 0,0, 0,0,100, 0),
(@PATH, 51, -2674.583, -1995.319, 96.75991, 0,0, 0,0,100, 0),
(@PATH, 52, -2698.135, -1953.118, 97.75171, 0,0, 0,0,100, 0),
(@PATH, 53, -2682.686, -1924.114, 97.60419, 0,0, 0,0,100, 0),
(@PATH, 54, -2636.680, -1900.496, 95.93082, 0,0, 0,0,100, 0);
UPDATE `creature` SET `MovementType` = 1, `spawndist` = 20 WHERE `guid` IN (14049);

UPDATE `creature` SET `MovementType` = 2 WHERE `guid` = 14042;
DELETE FROM `creature_addon` WHERE `guid` = 14042;
INSERT INTO `creature_addon` VALUES
(14042, 140420, 0, 0, 0, 0, '');
DELETE FROM `creature_formations` WHERE `leaderGUID` = 14042;
INSERT INTO `creature_formations` VALUES
(14042, 14042, 0, 0, 3, 0, 0),
(14042, 14046, 4, 180, 3, 0, 0),
(14042, 14043, 5, 190, 3, 0, 0),
(14042, 14044, 4, 205, 3, 0, 0),
(14042, 14047, 7, 180, 3, 0, 0),
(14042, 14045, 5, 205, 3, 0, 0);

SET @PATH = 140420;
DELETE FROM `waypoint_data` WHERE `id` = @PATH;
INSERT INTO `waypoint_data` VALUES
(@PATH, 0, -505.005, -1993.759, 94.74446, 0,0, 0,0, 100, 0),
(@PATH, 1, -505.005, -1993.759, 94.74446, 0,0, 0,0, 100, 0),
(@PATH, 2, -517.209, -1981.284, 95.28165, 0,0, 0,0, 100, 0),
(@PATH, 3, -541.846, -1956.461, 92.64752, 0,0, 0,0, 100, 0),
(@PATH, 4, -564.546, -1921.477, 91.84145, 0,0, 0,0, 100, 0),
(@PATH, 5, -602.243, -1879.903, 91.74144, 0,0, 0,0, 100, 0),
(@PATH, 6, -634.173, -1864.792, 93.41166, 0,0, 0,0, 100, 0),
(@PATH, 7, -646.466, -1840.619, 94.35494, 0,0, 0,0, 100, 0),
(@PATH, 8, -651.678, -1806.015, 91.66709, 0,0, 0,0, 100, 0),
(@PATH, 9, -663.518, -1768.881, 91.66668, 0,0, 0,0, 100, 0),
(@PATH, 10, -686.963, -1742.898, 92.73549, 0,0, 0,0, 100, 0),
(@PATH, 11, -721.999, -1718.691, 92.03577, 0,0, 0,0, 100, 0),
(@PATH, 12, -735.216, -1720.632, 91.67261, 0,0, 0,0, 100, 0),
(@PATH, 13, -783.767, -1737.176, 93.62919, 0,0, 0,0, 100, 0),
(@PATH, 14, -835.419, -1746.146, 92.41457, 0,0, 0,0, 100, 0),
(@PATH, 15, -870.399, -1747.074, 93.63547, 0,0, 0,0, 100, 0),
(@PATH, 16, -917.596, -1748.869, 92.62141, 0,0, 0,0, 100, 0),
(@PATH, 17, -951.810, -1755.855, 92.68140, 0,0, 0,0, 100, 0),
(@PATH, 18, -979.953, -1763.340, 91.66673, 0,0, 0,0, 100, 0),
(@PATH, 19, -1012.684, -1775.730, 91.66673, 0,0, 0,0, 100, 0),
(@PATH, 20, -1056.280, -1786.420, 91.66799, 0,0, 0,0, 100, 0),
(@PATH, 21, -1092.849, -1784.014, 91.66671, 0,0, 0,0, 100, 0),
(@PATH, 22, -1124.049, -1780.192, 94.28237, 0,0, 0,0, 100, 0),
(@PATH, 23, -1155.471, -1780.836, 92.45727, 0,0, 0,0, 100, 0),
(@PATH, 24, -1189.826, -1787.476, 87.56985, 0,0, 0,0, 100, 0),
(@PATH, 25, -1232.766, -1798.267, 90.46080, 0,0, 0,0, 100, 0),
(@PATH, 26, -1253.959, -1794.344, 91.26968, 0,0, 0,0, 100, 0),
(@PATH, 27, -1271.479, -1797.706, 93.28507, 0,0, 0,0, 100, 0),
(@PATH, 28, -1309.461, -1816.336, 91.69682, 0,0, 0,0, 100, 0),
(@PATH, 29, -1342.940, -1821.069, 93.08844, 0,0, 0,0, 100, 0),
(@PATH, 30, -1388.405, -1822.393, 91.69766, 0,0, 0,0, 100, 0),
(@PATH, 31, -1439.656, -1811.896, 91.71181, 0,0, 0,0, 100, 0),
(@PATH, 32, -1472.752, -1800.508, 91.68562, 0,0, 0,0, 100, 0),
(@PATH, 33, -1522.395, -1783.426, 91.66679, 0,0, 0,0, 100, 0),
(@PATH, 34, -1552.758, -1779.788, 91.90059, 0,0, 0,0, 100, 0),
(@PATH, 35, -1583.852, -1787.016, 94.23230, 0,0, 0,0, 100, 0),
(@PATH, 36, -1615.828, -1810.935, 93.52682, 0,0, 0,0, 100, 0),
(@PATH, 37, -1637.991, -1838.016, 91.66843, 0,0, 0,0, 100, 0),
(@PATH, 38, -1668.727, -1880.437, 94.60297, 0,0, 0,0, 100, 0),
(@PATH, 39, -1696.231, -1925.156, 93.29340, 0,0, 0,0, 100, 0),
(@PATH, 40, -1723.731, -1969.877, 91.68181, 0,0, 0,0, 100, 0),
(@PATH, 41, -1739.255, -1995.890, 94.02467, 0,0, 0,0, 100, 0),
(@PATH, 42, -1754.310, -2043.266, 93.30954, 0,0, 0,0, 100, 0),
(@PATH, 43, -1755.285, -2070.073, 93.75838, 0,0, 0,0, 100, 0),
(@PATH, 44, -1752.959, -2118.919, 91.66741, 0,0, 0,0, 100, 0),
(@PATH, 45, -1743.782, -2170.517, 92.75687, 0,0, 0,0, 100, 0),
(@PATH, 46, -1729.119, -2211.584, 94.41665, 0,0, 0,0, 100, 0),
(@PATH, 47, -1704.779, -2234.996, 90.27221, 0,0, 0,0, 100, 0),
(@PATH, 48, -1670.673, -2234.027, 87.75437, 0,0, 0,0, 100, 0),
(@PATH, 49, -1652.783, -2211.421, 87.05291, 0,0, 0,0, 100, 0),
(@PATH, 50, -1662.418, -2179.053, 90.88470, 0,0, 0,0, 100, 0),
(@PATH, 51, -1676.677, -2129.270, 91.66791, 0,0, 0,0, 100, 0),
(@PATH, 52, -1671.707, -2077.113, 93.88309, 0,0, 0,0, 100, 0),
(@PATH, 53, -1646.861, -2038.678, 92.91505, 0,0, 0,0, 100, 0),
(@PATH, 54, -1608.602, -2008.345, 92.83280, 0,0, 0,0, 100, 0),
(@PATH, 55, -1564.341, -1980.110, 91.69971, 0,0, 0,0, 100, 0),
(@PATH, 56, -1520.837, -1950.723, 91.66663, 0,0, 0,0, 100, 0),
(@PATH, 57, -1470.735, -1928.430, 93.19936, 0,0, 0,0, 100, 0),
(@PATH, 58, -1420.124, -1914.670, 92.71674, 0,0, 0,0, 100, 0),
(@PATH, 59, -1386.349, -1905.488, 92.64747, 0,0, 0,0, 100, 0),
(@PATH, 60, -1349.714, -1885.067, 94.11631, 0,0, 0,0, 100, 0),
(@PATH, 61, -1337.826, -1856.034, 92.05839, 0,0, 0,0, 100, 0),
(@PATH, 62, -1310.890, -1813.048, 91.68245, 0,0, 0,0, 100, 0),
(@PATH, 63, -1284.727, -1805.151, 92.62919, 0,0, 0,0, 100, 0),
(@PATH, 64, -1249.940, -1791.102, 91.13501, 0,0, 0,0, 100, 0),
(@PATH, 65, -1212.763, -1766.120, 91.47067, 0,0, 0,0, 100, 0),
(@PATH, 66, -1182.739, -1757.159, 89.62570, 0,0, 0,0, 100, 0),
(@PATH, 67, -1153.766, -1764.371, 91.76490, 0,0, 0,0, 100, 0),
(@PATH, 68, -1124.626, -1780.644, 94.27637, 0,0, 0,0, 100, 0),
(@PATH, 69, -1081.510, -1777.477, 91.66743, 0,0, 0,0, 100, 0),
(@PATH, 70, -1045.170, -1786.729, 91.65854, 0,0, 0,0, 100, 0),
(@PATH, 71, -975.140, -1783.494, 91.66695, 0,0, 0,0, 100, 0),
(@PATH, 72, -940.884, -1796.388, 91.66695, 0,0, 0,0, 100, 0),
(@PATH, 73, -897.486, -1825.858, 91.67052, 0,0, 0,0, 100, 0),
(@PATH, 74, -840.120, -1865.971, 91.69636, 0,0, 0,0, 100, 0),
(@PATH, 75, -797.107, -1896.048, 91.85781, 0,0, 0,0, 100, 0),
(@PATH, 76, -758.580, -1921.205, 93.31875, 0,0, 0,0, 100, 0),
(@PATH, 77, -709.370, -1931.842, 92.82742, 0,0, 0,0, 100, 0),
(@PATH, 78, -657.029, -1935.515, 91.82703, 0,0, 0,0, 100, 0),
(@PATH, 79, -605.235, -1943.945, 91.66804, 0,0, 0,0, 100, 0),
(@PATH, 80, -556.826, -1956.854, 92.46399, 0,0, 0,0, 100, 0),
(@PATH, 81, -520.259, -1984.717, 95.20473, 0,0, 0,0, 100, 0),
(@PATH, 82, -490.125, -2027.626, 91.66679, 0,0, 0,0, 100, 0),
(@PATH, 83, -459.358, -2070.137, 91.66669, 0,0, 0,0, 100, 0),
(@PATH, 84, -420.073, -2107.958, 91.66927, 0,0, 0,0, 100, 0),
(@PATH, 85, -385.310, -2112.687, 92.53429, 0,0, 0,0, 100, 0),
(@PATH, 86, -353.206, -2094.917, 93.07420, 0,0, 0,0, 100, 0),
(@PATH, 87, -340.793, -2051.415, 93.34587, 0,0, 0,0, 100, 0),
(@PATH, 88, -353.871, -2005.854, 93.64605, 0,0, 0,0, 100, 0),
(@PATH, 89, -397.023, -1995.159, 91.71830, 0,0, 0,0, 100, 0),
(@PATH, 90, -431.359, -2001.819, 92.45318, 0,0, 0,0, 100, 0),
(@PATH, 91, -481.574, -2011.769, 93.31016, 0,0, 0,0, 100, 0),
(@PATH, 92, -495.833, -2002.822, 93.70450, 0,0, 0,0, 100, 0);

UPDATE `creature` SET `MovementType` = 2 WHERE `guid` = 14009;
DELETE FROM `creature_addon` WHERE `guid` = 14009;
INSERT INTO `creature_addon` VALUES
(14009, 140090, 0, 0, 0, 0, '');
DELETE FROM `creature_formations` WHERE `leaderGUID` = 14009;
INSERT INTO `creature_formations` VALUES
(14009, 14009, 0, 0, 3, 0, 0),
(14009, 14026, 3, 270, 3, 0, 0),
(14009, 14024, 2, 90, 3, 0, 0),
(14009, 14025, 5, 330, 3, 0, 0),
(14009, 14023, 6, 345, 3, 0, 0);

SET @PATH = 140090;
DELETE FROM `waypoint_data` WHERE `id` = @PATH;
INSERT INTO `waypoint_data` VALUES
(@PATH, 1, -564.739, -2551.594, 92.50654, 0,0, 0,0, 100, 0),
(@PATH, 2, -525.909, -2516.269, 94.23488, 0,0, 0,0, 100, 0),
(@PATH, 3, -500.416, -2492.287, 93.85171, 0,0, 0,0, 100, 0),
(@PATH, 4, -474.917, -2468.341, 93.84131, 0,0, 0,0, 100, 0),
(@PATH, 5, -462.375, -2456.148, 94.06733, 0,0, 0,0, 100, 0),
(@PATH, 6, -431.588, -2413.639, 91.71129, 0,0, 0,0, 100, 0),
(@PATH, 7, -411.956, -2386.076, 91.66665, 0,0, 0,0, 100, 0),
(@PATH, 8, -384.738, -2352.330, 94.34435, 0,0, 0,0, 100, 0),
(@PATH, 9, -381.830, -2325.374, 95.63525, 0,0, 0,0, 100, 0),
(@PATH, 10, -407.736, -2308.502, 94.11064, 0,0, 0,0, 100, 0),
(@PATH, 11, -437.607, -2318.159, 93.52621, 0,0, 0,0, 100, 0),
(@PATH, 12, -462.836, -2349.861, 94.89908, 0,0, 0,0, 100, 0),
(@PATH, 13, -470.667, -2374.831, 92.57580, 0,0, 0,0, 100, 0),
(@PATH, 14, -476.332, -2410.407, 91.96246, 0,0, 0,0, 100, 0),
(@PATH, 15, -504.903, -2430.293, 91.68112, 0,0, 0,0, 100, 0),
(@PATH, 16, -534.645, -2443.950, 91.66691, 0,0, 0,0, 100, 0),
(@PATH, 17, -556.304, -2468.147, 91.66691, 0,0, 0,0, 100, 0),
(@PATH, 18, -591.296, -2468.668, 91.66691, 0,0, 0,0, 100, 0),
(@PATH, 19, -643.958, -2479.686, 91.66725, 0,0, 0,0, 100, 0),
(@PATH, 20, -675.753, -2494.231, 91.71698, 0,0, 0,0, 100, 0),
(@PATH, 21, -706.927, -2510.143, 93.25056, 0,0, 0,0, 100, 0),
(@PATH, 22, -741.136, -2518.800, 94.04654, 0,0, 0,0, 100, 0),
(@PATH, 23, -784.310, -2514.352, 93.79084, 0,0, 0,0, 100, 0),
(@PATH, 24, -810.136, -2486.346, 92.12654, 0,0, 0,0, 100, 0),
(@PATH, 25, -812.310, -2453.865, 92.67025, 0,0, 0,0, 100, 0),
(@PATH, 26, -813.344, -2401.403, 94.35316, 0,0, 0,0, 100, 0),
(@PATH, 27, -817.513, -2349.088, 93.39612, 0,0, 0,0, 100, 0),
(@PATH, 28, -826.150, -2311.886, 94.00035, 0,0, 0,0, 100, 0),
(@PATH, 29, -859.682, -2300.931, 92.17515, 0,0, 0,0, 100, 0),
(@PATH, 30, -911.459, -2309.545, 91.69933, 0,0, 0,0, 100, 0),
(@PATH, 31, -948.900, -2324.814, 91.96920, 0,0, 0,0, 100, 0),
(@PATH, 32, -966.808, -2359.123, 91.66720, 0,0, 0,0, 100, 0),
(@PATH, 33, -980.114, -2378.452, 92.31311, 0,0, 0,0, 100, 0),
(@PATH, 34, -980.171, -2424.173, 94.14903, 0,0, 0,0, 100, 0),
(@PATH, 35, -975.612, -2470.555, 93.70128, 0,0, 0,0, 100, 0),
(@PATH, 36, -944.795, -2471.032, 96.19765, 0,0, 0,0, 100, 0),
(@PATH, 37, -899.654, -2474.627, 95.92970, 0,0, 0,0, 100, 0),
(@PATH, 38, -882.432, -2477.734, 92.75272, 0,0, 0,0, 100, 0),
(@PATH, 39, -831.267, -2485.557, 92.44479, 0,0, 0,0, 100, 0),
(@PATH, 40, -784.559, -2509.381, 93.45564, 0,0, 0,0, 100, 0),
(@PATH, 41, -754.343, -2527.043, 94.21911, 0,0, 0,0, 100, 0),
(@PATH, 42, -711.320, -2545.880, 93.50190, 0,0, 0,0, 100, 0),
(@PATH, 43, -655.602, -2548.228, 93.53566, 0,0, 0,0, 100, 0),
(@PATH, 44, -619.588, -2549.705, 91.66692, 0,0, 0,0, 100, 0),
(@PATH, 45, -571.414, -2553.050, 92.39326, 0,0, 0,0, 100, 0);


UPDATE `creature` SET `MovementType` = 2 WHERE `guid` = 14013;
DELETE FROM `creature_addon` WHERE `guid` = 14013;
INSERT INTO `creature_addon` VALUES
(14013, 140130, 0, 0, 0, 0, '');
DELETE FROM `creature_formations` WHERE `leaderGUID` = 14013;
INSERT INTO `creature_formations` VALUES
(14013, 14013, 0, 0, 3, 0, 0),
(14013, 14011, 4, 330, 3, 0, 0),
(14013, 14015, 3, 0, 3, 0, 0),
(14013, 14014, 4, 30, 3, 0, 0),
(14013, 14017, 4, 350, 3, 0, 0),
(14013, 14012, 6, 345, 3, 0, 0);

SET @PATH = 140130;
DELETE FROM `waypoint_data` WHERE `id` = @PATH;
INSERT INTO `waypoint_data` VALUES
(@PATH, 1, -1560.476, -1882.401, 95.58187, 0,0, 0,0, 100, 0),
(@PATH, 2, -1521.706, -1847.014, 95.85148, 0,0, 0,0, 100, 0),
(@PATH, 3, -1482.789, -1811.776, 93.42683, 0,0, 0,0, 100, 0),
(@PATH, 4, -1465.257, -1793.170, 91.66767, 0,0, 0,0, 100, 0),
(@PATH, 5, -1454.645, -1749.799, 92.96983, 0,0, 0,0, 100, 0),
(@PATH, 6, -1451.985, -1697.387, 91.66676, 0,0, 0,0, 100, 0),
(@PATH, 7, -1442.148, -1646.494, 91.66747, 0,0, 0,0, 100, 0),
(@PATH, 8, -1436.275, -1597.045, 91.69061, 0,0, 0,0, 100, 0),
(@PATH, 9, -1457.182, -1600.689, 93.15680, 0,0, 0,0, 100, 0),
(@PATH, 10, -1490.478, -1628.689, 91.66775, 0,0, 0,0, 100, 0),
(@PATH, 11, -1522.158, -1670.549, 91.66695, 0,0, 0,0, 100, 0),
(@PATH, 12, -1556.842, -1703.925, 91.66695, 0,0, 0,0, 100, 0),
(@PATH, 13, -1595.801, -1708.057, 91.66695, 0,0, 0,0, 100, 0),
(@PATH, 14, -1630.697, -1696.874, 91.66695, 0,0, 0,0, 100, 0),
(@PATH, 15, -1676.662, -1687.641, 91.66748, 0,0, 0,0, 100, 0),
(@PATH, 16, -1708.038, -1704.123, 91.75858, 0,0, 0,0, 100, 0),
(@PATH, 17, -1755.772, -1733.174, 91.66692, 0,0, 0,0, 100, 0),
(@PATH, 18, -1778.899, -1735.457, 91.67419, 0,0, 0,0, 100, 0),
(@PATH, 19, -1833.841, -1753.119, 91.66688, 0,0, 0,0, 100, 0),
(@PATH, 20, -1859.762, -1776.615, 91.66688, 0,0, 0,0, 100, 0),
(@PATH, 21, -1897.409, -1813.206, 93.31126, 0,0, 0,0, 100, 0),
(@PATH, 22, -1947.605, -1861.995, 91.66679, 0,0, 0,0, 100, 0),
(@PATH, 23, -1985.252, -1898.587, 93.89896, 0,0, 0,0, 100, 0),
(@PATH, 24, -2000.627, -1919.852, 91.76305, 0,0, 0,0, 100, 0),
(@PATH, 25, -2010.939, -1971.320, 92.51692, 0,0, 0,0, 100, 0),
(@PATH, 26, -2023.406, -2040.189, 91.66753, 0,0, 0,0, 100, 0),
(@PATH, 27, -2022.105, -2075.956, 93.21415, 0,0, 0,0, 100, 0),
(@PATH, 28, -2003.678, -2101.308, 92.31129, 0,0, 0,0, 100, 0),
(@PATH, 29, -1966.246, -2138.119, 91.67760, 0,0, 0,0, 100, 0),
(@PATH, 30, -1928.831, -2174.934, 93.16553, 0,0, 0,0, 100, 0),
(@PATH, 31, -1891.532, -2211.832, 94.75665, 0,0, 0,0, 100, 0),
(@PATH, 32, -1870.831, -2225.051, 95.76884, 0,0, 0,0, 100, 0),
(@PATH, 33, -1829.481, -2224.696, 94.72838, 0,0, 0,0, 100, 0),
(@PATH, 34, -1792.140, -2207.233, 93.10667, 0,0, 0,0, 100, 0),
(@PATH, 35, -1749.694, -2176.349, 92.22337, 0,0, 0,0, 100, 0),
(@PATH, 36, -1708.952, -2143.246, 91.66674, 0,0, 0,0, 100, 0),
(@PATH, 37, -1668.549, -2109.722, 91.66753, 0,0, 0,0, 100, 0),
(@PATH, 38, -1641.771, -2087.227, 91.66785, 0,0, 0,0, 100, 0),
(@PATH, 39, -1606.320, -2048.667, 93.04043, 0,0, 0,0, 100, 0),
(@PATH, 40, -1581.746, -2016.754, 91.66677, 0,0, 0,0, 100, 0),
(@PATH, 41, -1561.446, -1968.466, 91.66875, 0,0, 0,0, 100, 0),
(@PATH, 42, -1547.324, -1917.922, 93.24113, 0,0, 0,0, 100, 0),
(@PATH, 43, -1550.234, -1887.728, 96.47820, 0,0, 0,0, 100, 0);
