DELETE FROM `conditions` WHERE `SourceTypeOrReferenceId`=13 AND `SourceEntry` IN (39384,37474,37476,37453,37454,37427,37428,37406,37413,
37471,37472,37465,37469,37459,37461,37498,37502);
INSERT INTO `conditions` VALUES
(13,1,39384,0,0,31,0,3,21684,0,0,0,0,'','Chess Event - Medivh Cheat - Burning Flames targets KingA'),
(13,1,39384,0,1,31,0,3,21160,0,0,0,0,'','Chess Event - Medivh Cheat - Burning Flames targets RookA'),
(13,1,39384,0,2,31,0,3,21682,0,0,0,0,'','Chess Event - Medivh Cheat - Burning Flames targets BishopA'),
(13,1,39384,0,3,31,0,3,21683,0,0,0,0,'','Chess Event - Medivh Cheat - Burning Flames targets QueenA'),
(13,1,39384,0,4,31,0,3,21664,0,0,0,0,'','Chess Event - Medivh Cheat - Burning Flames targets KnightA'),
(13,1,39384,0,5,31,0,3,17211,0,0,0,0,'','Chess Event - Medivh Cheat - Burning Flames targets PawnA'),

(13,2,39384,0,0,31,0,3,21752,0,0,0,0,'','Chess Event - Medivh Cheat - Burning Flames targets KingH'),
(13,2,39384,0,1,31,0,3,21726,0,0,0,0,'','Chess Event - Medivh Cheat - Burning Flames targets RookH'),
(13,2,39384,0,2,31,0,3,21747,0,0,0,0,'','Chess Event - Medivh Cheat - Burning Flames targets BishopH'),
(13,2,39384,0,3,31,0,3,21750,0,0,0,0,'','Chess Event - Medivh Cheat - Burning Flames targets QueenH'),
(13,2,39384,0,4,31,0,3,21748,0,0,0,0,'','Chess Event - Medivh Cheat - Burning Flames targets KnightH'),
(13,2,39384,0,5,31,0,3,17469,0,0,0,0,'','Chess Event - Medivh Cheat - Burning Flames targets PawnH'),

(13,1,37476,0,0,31,0,3,21684,0,0,0,0,'','Cleave targets KingA'),
(13,1,37476,0,1,31,0,3,21160,0,0,0,0,'','Cleave targets RookA'),
(13,1,37476,0,2,31,0,3,21682,0,0,0,0,'','Cleave targets BishopA'),
(13,1,37476,0,3,31,0,3,21683,0,0,0,0,'','Cleave targets QueenA'),
(13,1,37476,0,4,31,0,3,21664,0,0,0,0,'','Cleave targets KnightA'),
(13,1,37476,0,5,31,0,3,17211,0,0,0,0,'','Cleave targets PawnA'),

(13,1,37474,0,0,31,0,3,21752,0,0,0,0,'','Sweep targets KingH'),
(13,1,37474,0,1,31,0,3,21726,0,0,0,0,'','Sweep targets RookH'),
(13,1,37474,0,2,31,0,3,21747,0,0,0,0,'','Sweep targets BishopH'),
(13,1,37474,0,3,31,0,3,21750,0,0,0,0,'','Sweep targets QueenH'),
(13,1,37474,0,4,31,0,3,21748,0,0,0,0,'','Sweep targets KnightH'),
(13,1,37474,0,5,31,0,3,17469,0,0,0,0,'','Sweep targets PawnH'),

(13,1,37454,0,0,31,0,3,21684,0,0,0,0,'','Bite targets KingA'),
(13,1,37454,0,1,31,0,3,21160,0,0,0,0,'','Bite targets RookA'),
(13,1,37454,0,2,31,0,3,21682,0,0,0,0,'','Bite targets BishopA'),
(13,1,37454,0,3,31,0,3,21683,0,0,0,0,'','Bite targets QueenA'),
(13,1,37454,0,4,31,0,3,21664,0,0,0,0,'','Bite targets KnightA'),
(13,1,37454,0,5,31,0,3,17211,0,0,0,0,'','Bite targets PawnA'),

(13,1,37453,0,0,31,0,3,21752,0,0,0,0,'','Smash targets KingH'),
(13,1,37453,0,1,31,0,3,21726,0,0,0,0,'','Smash targets RookH'),
(13,1,37453,0,2,31,0,3,21747,0,0,0,0,'','Smash targets BishopH'),
(13,1,37453,0,3,31,0,3,21750,0,0,0,0,'','Smash targets QueenH'),
(13,1,37453,0,4,31,0,3,21748,0,0,0,0,'','Smash targets KnightH'),
(13,1,37453,0,5,31,0,3,17469,0,0,0,0,'','Smash targets PawnH'),

(13,1,37428,0,0,31,0,3,21684,0,0,0,0,'','Hellfire targets KingA'),
(13,1,37428,0,1,31,0,3,21160,0,0,0,0,'','Hellfire targets RookA'),
(13,1,37428,0,2,31,0,3,21682,0,0,0,0,'','Hellfire targets BishopA'),
(13,1,37428,0,3,31,0,3,21683,0,0,0,0,'','Hellfire targets QueenA'),
(13,1,37428,0,4,31,0,3,21664,0,0,0,0,'','Hellfire targets KnightA'),
(13,1,37428,0,5,31,0,3,17211,0,0,0,0,'','Hellfire targets PawnA'),

(13,1,37427,0,0,31,0,3,21752,0,0,0,0,'','Geyser targets KingH'),
(13,1,37427,0,1,31,0,3,21726,0,0,0,0,'','Geyser targets RookH'),
(13,1,37427,0,2,31,0,3,21747,0,0,0,0,'','Geyser targets BishopH'),
(13,1,37427,0,3,31,0,3,21750,0,0,0,0,'','Geyser targets QueenH'),
(13,1,37427,0,4,31,0,3,21748,0,0,0,0,'','Geyser targets KnightH'),
(13,1,37427,0,5,31,0,3,17469,0,0,0,0,'','Geyser targets PawnH'),

(13,1,37413,0,0,31,0,3,21684,0,0,0,0,'','Vicious Strike targets KingA'),
(13,1,37413,0,1,31,0,3,21160,0,0,0,0,'','Vicious Strike targets RookA'),
(13,1,37413,0,2,31,0,3,21682,0,0,0,0,'','Vicious Strike targets BishopA'),
(13,1,37413,0,3,31,0,3,21683,0,0,0,0,'','Vicious Strike targets QueenA'),
(13,1,37413,0,4,31,0,3,21664,0,0,0,0,'','Vicious Strike targets KnightA'),
(13,1,37413,0,5,31,0,3,17211,0,0,0,0,'','Vicious Strike targets PawnA'),

(13,1,37406,0,0,31,0,3,21752,0,0,0,0,'','Heroic Blow targets KingH'),
(13,1,37406,0,1,31,0,3,21726,0,0,0,0,'','Heroic Blow targets RookH'),
(13,1,37406,0,2,31,0,3,21747,0,0,0,0,'','Heroic Blow targets BishopH'),
(13,1,37406,0,3,31,0,3,21750,0,0,0,0,'','Heroic Blow targets QueenH'),
(13,1,37406,0,4,31,0,3,21748,0,0,0,0,'','Heroic Blow targets KnightH'),
(13,1,37406,0,5,31,0,3,17469,0,0,0,0,'','Heroic Blow targets PawnH'),

(13,1,37471,0,1,31,0,3,21160,0,0,0,0,'','Heroism targets RookA'),
(13,1,37471,0,2,31,0,3,21682,0,0,0,0,'','Heroism targets BishopA'),
(13,1,37471,0,3,31,0,3,21683,0,0,0,0,'','Heroism targets QueenA'),
(13,1,37471,0,4,31,0,3,21664,0,0,0,0,'','Heroism targets KnightA'),
(13,1,37471,0,5,31,0,3,17211,0,0,0,0,'','Heroism targets PawnA'),

(13,1,37472,0,1,31,0,3,21726,0,0,0,0,'','Bloodlust targets RookH'),
(13,1,37472,0,2,31,0,3,21747,0,0,0,0,'','Bloodlust targets BishopH'),
(13,1,37472,0,3,31,0,3,21750,0,0,0,0,'','Bloodlust targets QueenH'),
(13,1,37472,0,4,31,0,3,21748,0,0,0,0,'','Bloodlust targets KnightH'),
(13,1,37472,0,5,31,0,3,17469,0,0,0,0,'','Bloodlust targets PawnH'),

(13,1,37469,0,0,31,0,3,21684,0,0,0,0,'','Poison Cloud targets KingA'),
(13,1,37469,0,1,31,0,3,21160,0,0,0,0,'','Poison Cloud targets RookA'),
(13,1,37469,0,2,31,0,3,21682,0,0,0,0,'','Poison Cloud targets BishopA'),
(13,1,37469,0,3,31,0,3,21683,0,0,0,0,'','Poison Cloud targets QueenA'),
(13,1,37469,0,4,31,0,3,21664,0,0,0,0,'','Poison Cloud targets KnightA'),
(13,1,37469,0,5,31,0,3,17211,0,0,0,0,'','Poison Cloud targets PawnA'),

(13,1,37465,0,0,31,0,3,21752,0,0,0,0,'','Rain of Fire targets KingH'),
(13,1,37465,0,1,31,0,3,21726,0,0,0,0,'','Rain of Fire targets RookH'),
(13,1,37465,0,2,31,0,3,21747,0,0,0,0,'','Rain of Fire targets BishopH'),
(13,1,37465,0,3,31,0,3,21750,0,0,0,0,'','Rain of Fire targets QueenH'),
(13,1,37465,0,4,31,0,3,21748,0,0,0,0,'','Rain of Fire targets KnightH'),
(13,1,37465,0,5,31,0,3,17469,0,0,0,0,'','Rain of Fire targets PawnH'),

(13,1,37461,0,0,31,0,3,21684,0,0,0,0,'','Shadow Spear targets KingA'),
(13,1,37461,0,1,31,0,3,21160,0,0,0,0,'','Shadow Spear targets RookA'),
(13,1,37461,0,2,31,0,3,21682,0,0,0,0,'','Shadow Spear targets BishopA'),
(13,1,37461,0,3,31,0,3,21683,0,0,0,0,'','Shadow Spear targets QueenA'),
(13,1,37461,0,4,31,0,3,21664,0,0,0,0,'','Shadow Spear targets KnightA'),
(13,1,37461,0,5,31,0,3,17211,0,0,0,0,'','Shadow Spear targets PawnA'),

(13,1,37459,0,0,31,0,3,21752,0,0,0,0,'','Holy Lance targets KingH'),
(13,1,37459,0,1,31,0,3,21726,0,0,0,0,'','Holy Lance targets RookH'),
(13,1,37459,0,2,31,0,3,21747,0,0,0,0,'','Holy Lance targets BishopH'),
(13,1,37459,0,3,31,0,3,21750,0,0,0,0,'','Holy Lance targets QueenH'),
(13,1,37459,0,4,31,0,3,21748,0,0,0,0,'','Holy Lance targets KnightH'),
(13,1,37459,0,5,31,0,3,17469,0,0,0,0,'','Holy Lance targets PawnH'),

(13,1,37502,0,0,31,0,3,21684,0,0,0,0,'','Howl targets KingA'),
(13,1,37502,0,1,31,0,3,21160,0,0,0,0,'','Howl targets RookA'),
(13,1,37502,0,2,31,0,3,21682,0,0,0,0,'','Howl targets BishopA'),
(13,1,37502,0,3,31,0,3,21683,0,0,0,0,'','Howl targets QueenA'),
(13,1,37502,0,4,31,0,3,21664,0,0,0,0,'','Howl targets KnightA'),
(13,1,37502,0,5,31,0,3,17211,0,0,0,0,'','Howl targets PawnA'),

(13,1,37498,0,0,31,0,3,21752,0,0,0,0,'','Stomp targets KingH'),
(13,1,37498,0,1,31,0,3,21726,0,0,0,0,'','Stomp targets RookH'),
(13,1,37498,0,2,31,0,3,21747,0,0,0,0,'','Stomp targets BishopH'),
(13,1,37498,0,3,31,0,3,21750,0,0,0,0,'','Stomp targets QueenH'),
(13,1,37498,0,4,31,0,3,21748,0,0,0,0,'','Stomp targets KnightH'),
(13,1,37498,0,5,31,0,3,17469,0,0,0,0,'','Stomp targets PawnH');

DELETE FROM `creature_template` WHERE `entry` IN (21684,21160,21682,21683,21664,17211,21752,21726,21747,21750,21748,17469);
INSERT INTO `creature_template` VALUES 
(17211,0,0,0,0,0,16276,0,0,0,'Human Footman',NULL,NULL,0,70,70,1,1690,1,2,1.42857,1,1,1000,1000,0,304,7.5,2000,2000,1,32832,2048,0,0,0,0,0,0,215,320,44,7,8,0,0,0,0,0,0,0,0,0,30284,37146,37406,37414,0,0,0,0,0,0,0,0,'',1,3,1,7.15717,1,1,0,0,0,0,0,0,0,151,1,0,2,'npc_chesspiece',12340),
(17469,0,0,0,0,0,16264,0,0,0,'Orc Grunt',NULL,NULL,0,70,70,1,1691,1,2,1.42857,1,1,1000,1000,0,304,7.5,2000,2000,1,32832,2048,0,0,0,0,0,0,215,320,44,7,8,0,0,0,0,0,0,0,0,0,30284,37146,37413,37416,0,0,0,0,0,0,0,0,'',1,3,1,7.15717,1,1,0,0,0,0,0,0,0,151,1,0,2,'npc_chesspiece',12340),
(21160,0,0,0,0,0,5564,0,0,0,'Conjured Water Elemental',NULL,NULL,0,70,70,1,1690,1,2,1.42857,1,1,1000,1000,0,304,7.5,2000,2000,1,64,2048,0,0,0,0,0,0,215,320,44,7,8,0,0,0,0,0,0,0,0,0,30284,37153,37427,37432,0,0,0,0,0,0,0,0,'',1,3,1,11.4515,1,1,0,0,0,0,0,0,0,151,1,0,2,'npc_chesspiece',12340),
(21664,0,0,0,0,0,19783,0,0,0,'Human Charger',NULL,NULL,0,70,70,1,1690,1,2,1.42857,1,1,1000,1000,0,304,7.5,2000,2000,1,64,2048,0,0,0,0,0,0,215,320,44,7,8,0,0,0,0,0,0,0,0,0,30284,37144,37453,37498,0,0,0,0,0,0,0,0,'',1,3,1,9.30432,1,1,0,0,0,0,0,0,0,151,1,0,2,'npc_chesspiece',12340),
(21682,0,0,0,0,0,16278,0,0,0,'Human Cleric',NULL,NULL,0,70,70,1,1690,1,2,1.42857,1,1,1000,1000,0,304,7.5,2000,2000,1,32832,2048,0,0,0,0,0,0,215,320,44,7,8,0,0,0,0,0,0,0,0,0,30284,37152,37455,37459,0,0,0,0,0,0,0,0,'',1,3,1,8.58861,1,1,0,0,0,0,0,0,0,151,1,0,2,'npc_chesspiece',12340),
(21683,0,0,0,0,0,16280,0,0,0,'Human Conjurer',NULL,NULL,0,70,70,1,1690,1,2,1.42857,1,1,1000,1000,0,304,7.5,2000,2000,1,32832,2048,0,0,0,0,0,0,215,320,44,7,8,0,0,0,0,0,0,0,0,0,30284,37148,37462,37465,0,0,0,0,0,0,0,0,'',1,3,1,11.4515,1,1,0,0,0,0,0,0,0,151,1,0,2,'npc_chesspiece',12340),
(21684,0,0,0,0,0,16293,0,0,0,'King Llane',NULL,NULL,0,70,70,1,1690,1,2,1.42857,1,1,1000,1000,0,304,7.5,2000,2000,1,32832,2048,0,0,0,0,0,0,215,320,44,7,8,0,0,0,0,0,0,0,0,0,30284,37151,37471,37474,0,0,0,0,0,0,0,0,'',1,3,1,21.4715,1,1,0,0,0,0,0,0,0,151,1,0,2,'npc_chesspiece',12340),
(21726,0,0,0,0,0,16269,0,0,0,'Summoned Daemon',NULL,NULL,0,70,70,1,1691,1,2,1.42857,1,1,1000,1000,0,304,7.5,2000,2000,1,64,2048,0,0,0,0,0,0,215,320,44,7,8,0,0,0,0,0,0,0,0,0,30284,37153,37434,37428,0,0,0,0,0,0,0,0,'',1,3,1,11.4515,1,1,0,0,0,0,0,0,0,151,1,0,2,'npc_chesspiece',12340),
(21747,0,0,0,0,0,16267,0,0,0,'Orc Necrolyte',NULL,NULL,0,70,70,1,1691,1,2,1.42857,1,1,1000,1000,0,304,7.5,2000,2000,1,32832,2048,0,0,0,0,0,0,215,320,44,7,8,0,0,0,0,0,0,0,0,0,30284,37152,37456,37461,0,0,0,0,0,0,0,0,'',1,3,1,8.58861,1,1,0,0,0,0,0,0,0,151,1,0,2,'npc_chesspiece',12340),
(21748,0,0,0,0,0,2352,0,0,0,'Orc Wolf',NULL,NULL,0,70,70,1,1691,1,2,1.42857,1,1,1000,1000,0,304,7.5,2000,2000,1,64,2048,0,0,0,0,0,0,215,320,44,7,8,0,0,0,0,0,0,0,0,0,30284,37144,37454,37502,0,0,0,0,0,0,0,0,'',1,3,1,9.30432,1,1,0,0,0,0,0,0,0,151,1,0,2,'npc_chesspiece',12340),
(21750,0,0,0,0,0,16263,0,0,0,'Orc Warlock',NULL,NULL,0,70,70,1,1691,1,2,1.42857,1,1,1000,1000,0,304,7.5,2000,2000,1,32832,2048,0,0,0,0,0,0,215,320,44,7,8,0,0,0,0,0,0,0,0,0,30284,37148,37463,37469,0,0,0,0,0,0,0,0,'',1,3,1,11.4515,1,1,0,0,0,0,0,0,0,151,1,0,2,'npc_chesspiece',12340),
(21752,0,0,0,0,0,16270,0,0,0,'Warchief Blackhand',NULL,NULL,0,70,70,1,1691,1,1,1.14286,1,1,1000,1000,0,0,1,0,0,1,0,0,0,0,0,0,0,0,0,0,0,7,8,0,0,0,0,0,0,0,0,0,30284,37151,37472,37476,0,0,0,0,0,0,0,0,'',1,3,1,1,1,1,0,0,0,0,0,0,0,0,1,67109122,2129920,'npc_chesspiece',1);


UPDATE `creature_template` SET `minlevel`=70, `maxlevel`=70 WHERE `entry`=22521;

UPDATE `creature_template` SET `minlevel` = 70, `maxlevel` = 70, `armor_mod` = 0, `mindmg` = 1000, `maxdmg` = 1000, `attackpower` = 0 WHERE `entry` IN (21684,21160,21682,21683,21664,17211,21752,21726,21747,21750,21748,17469);

DELETE FROM `creature` WHERE `id` IN (17211,17469,21160,21664,21682,21683,21684,21726,21747,21748,21750,21752);
DELETE FROM `creature` WHERE `id` = 22519;
DELETE FROM `creature` WHERE `id` IN (17316, 17317, 17208, 17305, 21921);

DELETE FROM `spell_linked_spell` WHERE `spell_trigger` = -30019;
INSERT INTO `spell_linked_spell` VALUES (-30019, 30529, 0, 'Add debuff when player stopped possessing Chesspiece');

DELETE FROM `creature_text` WHERE `entry` = 16816;
INSERT INTO `creature_text` VALUES 
(16816,1,0,'Very well. Let the game begin.',14,0,0,0,0,10338,0,'Chess Event - Event Start'),
(16816,2,0,'Yes...all according to plan.',14,0,0,0,0,10349,0,'Chess Event - LOSE_KNIGHT_P'),
(16816,3,0,'Yes...of course.',14,0,0,0,0,10350,0,'Chess Event - LOSE_KNIGHT_M'),
(16816,4,0,'A transparent stratagem.',14,0,0,0,0,10339,0,'Chess Event - LOSE_PAWN_P_1'),
(16816,5,0,'Let us see.',14,0,0,0,0,10340,0,'Chess Event - LOSE_PAWN_P_2'),
(16816,6,0,'Ah, the wheels have begun to turn.',14,0,0,0,0,10341,0,'Chess Event - LOSE_PAWN_P_3'),
(16816,7,0,'Hmm.',14,0,0,0,0,10342,0,'Chess Event - LOSE_PAWN_M_1'),
(16816,8,0,'No matter.',14,0,0,0,0,10344,0,'Chess Event - LOSE_PAWN_M_2'),
(16816,9,0,'Interesting.',14,0,0,0,0,10343,0,'Chess Event - LOSE_PAWN_M_3'),
(16816,10,0,'Now it gets interesting.',14,0,0,0,0,10351,0,'Chess Event - LOSE_QUEEN_P'),
(16816,11,0,'Ahh, I should have known..',14,0,0,0,0,10352,0,'Chess Event - LOSE_QUEEN_M'),
(16816,12,0,'The slightest loss of concentration is all it takes.',14,0,0,0,0,10347,0,'Chess Event - LOSE_BISHOP_P'),
(16816,13,0,'A necessary sacrifice.',14,0,0,0,0,10348,0,'Chess Event - LOSE_BISHOP_M'),
(16816,14,0,'Foolish! Very foolish!',14,0,0,0,0,10345,0,'Chess Event - LOSE_ROOK_P'),
(16816,15,0,'A minor concern.',14,0,0,0,0,10346,0,'Chess Event - LOSE_ROOK_M'),
(16816,16,0,'And so, the end draws near.',14,0,0,0,0,10353,0,'Chess Event - PLAYER_CHECK'),
(16816,17,0,'As it should be.',14,0,0,0,0,10354,0,'Chess Event - MEDIVH_CHECK'),
(16816,18,0,'And so it ends.',14,0,0,0,0,10355,0,'Chess Event - PLAYER_WIN'),
(16816,19,0,'Nothing less than perfection will do.',14,0,0,0,0,10356,0,'Chess Event - MEDIVH_WIN'),
(16816,20,0,'Perhaps a change is in order.',14,0,0,0,0,10357,0,'Chess Event - MEDIVH_CHEAT_1'),
(16816,21,0,'Time for an alternative scenario.',14,0,0,0,0,10358,0,'Chess Event - MEDIVH_CHEAT_2'),
(16816,22,0,'One must not become too complacent.',14,0,0,0,0,10359,0,'Chess Event - MEDIVH_CHEAT_3');

DELETE FROM `conditions` WHERE `sourceEntry` IN (37146, 30012, 37144, 37148, 37151, 37152, 37153, 30284);
INSERT INTO `conditions` VALUES 
(13,1,37146,0,0,31,0,3,22519,0,0,0,0,'','Karazhan Chess Event - Move target Chess Piece'),
(13,1,30012,0,0,31,0,3,22519,0,0,0,0,'','Karazhan Chess Event - Move target Chess Piece'),
(13,1,37144,0,0,31,0,3,22519,0,0,0,0,'','Karazhan Chess Event - Move target Chess Piece'),
(13,1,37148,0,0,31,0,3,22519,0,0,0,0,'','Karazhan Chess Event - Move target Chess Piece'),
(13,1,37151,0,0,31,0,3,22519,0,0,0,0,'','Karazhan Chess Event - Move target Chess Piece'),
(13,1,37152,0,0,31,0,3,22519,0,0,0,0,'','Karazhan Chess Event - Move target Chess Piece'),
(13,1,37153,0,0,31,0,3,22519,0,0,0,0,'','Karazhan Chess Event - Move target Chess Piece'),
(13,1,30284,0,0,31,0,3,22519,0,0,0,0,'','Karazhan Chess Event - Move target Chess Piece');