UPDATE `creature_template` SET `ScriptName` = 'npc_anzu_spirit', `type_flags` = `type_flags` | 0x04000000 WHERE `entry` IN (23134, 23135, 23136);
UPDATE `creature_template` SET `ScriptName` = 'npc_brood_of_anzu' WHERE `entry` = 23132;
DELETE FROM `spell_script_names` WHERE `spell_id` = 40098;
INSERT INTO `spell_script_names` VALUES (40098, 'spell_summon_raven_lord');

DELETE FROM `creature` WHERE `id` = 23046;
INSERT INTO `creature` VALUES (501100,23046,556,2,1,0,0,-87.5742,287.856,26.4832,0.0877018,7200,0,0,1,0,0,0,0,0);

DELETE FROM `creature` WHERE `id` = 23058;
INSERT INTO `creature` VALUES 
(501120,23058,556,2,1,0,0,-60.0178,259.103,49.4026,5.61655,7200,0,0,1,0,0,0,0,0),
(501121,23058,556,2,1,0,0,-55.5887,259.197,49.4026,5.61655,7200,0,0,1,0,0,0,0,0),
(501122,23058,556,2,1,0,0,-79.8145,258.72,49.4547,5.61655,7200,0,0,1,0,0,0,0,0),
(501123,23058,556,2,1,0,0,-84.2373,258.395,49.8633,5.61655,7200,0,0,1,0,0,0,0,0),
(501124,23058,556,2,1,0,0,-87.9647,258.651,49.8035,5.61655,7200,0,0,1,0,0,0,0,0),
(501125,23058,556,2,1,0,0,-108.388,258.668,49.5745,5.61655,7200,0,0,1,0,0,0,0,0),
(501126,23058,556,2,1,0,0,-112.798,258.679,49.0179,5.61655,7200,0,0,1,0,0,0,0,0),
(501127,23058,556,2,1,0,0,-113.927,313.998,49.5604,5.61655,7200,0,0,1,0,0,0,0,0),
(501128,23058,556,2,1,0,0,-109.484,314.084,49.4821,5.61655,7200,0,0,1,0,0,0,0,0),
(501129,23058,556,2,1,0,0,-86.7479,314.083,49.0207,5.61655,7200,0,0,1,0,0,0,0,0),
(501130,23058,556,2,1,0,0,-82.4557,314.246,49.6519,5.61655,7200,0,0,1,0,0,0,0,0),
(501131,23058,556,2,1,0,0,-78.768,314.018,49.9418,5.61655,7200,0,0,1,0,0,0,0,0),
(501132,23058,556,2,1,0,0,-58.9259,314.055,49.5131,5.61655,7200,0,0,1,0,0,0,0,0),
(501133,23058,556,2,1,0,0,-54.532,315.237,49.3668,5.61655,7200,0,0,1,0,0,0,0,0);

DELETE FROM `creature` WHERE `id` = 23057;
INSERT INTO `creature` VALUES (501099,23057,556,2,1,0,0,-88.6554,288.395,85.9209,1.99433,7200,0,0,1,0,0,0,0,0);

SET @CGUID := 502000;
DELETE FROM `creature` WHERE `id` = 21931 AND `map` = 556;
INSERT INTO `creature` VALUES 
(501105,21931,556,3,1,0,0,-69.078,255.062,27.6692,2.23169,7200,0,0,1,0,2,0,0,0),
(501106,21931,556,3,1,0,0,84.9162,251.397,37.0668,3.20414,7200,0,0,1,0,2,0,0,0),
(501107,21931,556,3,1,0,0,82.7928,251.065,37.0668,3.1921,7200,0,0,1,0,2,0,0,0),
(501108,21931,556,3,1,0,0,-55.3543,292.414,27.8438,3.33441,7200,0,0,1,0,2,0,0,0),
(501109,21931,556,3,1,0,0,-56.8114,293.477,27.8298,1.0669,7200,0,0,1,0,2,0,0,0),
(501110,21931,556,3,1,0,0,-109.229,288.209,53.3584,3.24935,7200,0,0,1,0,2,0,0,0),
(501111,21931,556,3,1,0,0,-77.7733,299.15,60.5558,5.75716,7200,0,0,1,0,2,0,0,0),
(501112,21931,556,3,1,0,0,-52.3969,293.288,27.8296,1.42095,7200,0,0,1,0,2,0,0,0),
(501113,21931,556,3,1,0,0,-119.16,291.958,26.7305,0.830551,7200,0,0,1,0,2,0,0,0),
(501114,21931,556,3,1,0,0,-59.42,289.1,27.8929,2.89434,7200,0,0,1,0,2,0,0,0),
(501115,21931,556,3,1,0,0,-102.279,278.86,56.0703,5.41457,7200,0,0,1,0,2,0,0,0),
(501116,21931,556,3,1,0,0,-86.6064,286.122,27.4832,2.95394,7200,0,0,1,0,2,0,0,0),
(501117,21931,556,3,1,0,0,-68.3353,281.741,61.757,3.84418,7200,0,0,1,0,2,0,0,0),
(501118,21931,556,3,1,0,0,-71.9701,272.574,59.1446,6.18433,7200,0,0,1,0,2,0,0,0),
(501119,21931,556,3,1,0,0,-84.3563,263.728,27.8079,4.52383,7200,0,0,1,0,2,0,0,0);

DELETE FROM `creature_addon` WHERE guid BETWEEN 501105 AND 501119;
INSERT INTO `creature_addon` VALUES
(501105, 5011050, 0, 0, 0, 0, ''),
(501106, 5011060, 0, 0, 0, 0, ''),
(501107, 5011070, 0, 0, 0, 0, ''),
(501108, 5011080, 0, 0, 0, 0, ''),
(501109, 5011090, 0, 0, 0, 0, ''),
(501110, 5011100, 0, 0, 0, 0, ''),
(501111, 5011110, 0, 0, 0, 0, ''),
(501112, 5011120, 0, 0, 0, 0, ''),
(501113, 5011130, 0, 0, 0, 0, ''),
(501114, 5011140, 0, 0, 0, 0, ''),
(501115, 5011150, 0, 0, 0, 0, ''),
(501116, 5011160, 0, 0, 0, 0, ''),
(501117, 5011170, 0, 0, 0, 0, ''),
(501118, 5011180, 0, 0, 0, 0, ''),
(501119, 5011190, 0, 0, 0, 0, '');

DELETE FROM `waypoint_data` WHERE `id` BETWEEN 5011050 AND 5011190;
INSERT INTO `waypoint_data` VALUES 
(5011050,1,-69.078,255.062,27.6692,0,1000,1,0,100,0),
(5011050,2,-69.078,255.062,27.6692,0,0,1,0,100,0),
(5011050,3,-77.6467,256.825,27.8182,0,0,1,0,100,0),
(5011050,4,-85.5541,263.248,37.4314,0,0,1,0,100,0),
(5011050,5,-89.3701,273.449,46.1637,0,0,1,0,100,0),
(5011050,6,-87.3918,283.626,55.5433,0,0,1,0,100,0),
(5011050,7,-81.6323,288.392,67.374,0,0,1,0,100,0),
(5011050,8,-83.6451,281.803,77.323,0,0,1,0,100,0),
(5011050,9,-97.3242,280.983,74.488,0,0,1,0,100,0),
(5011050,10,-95.2966,294.303,27.4832,0,0,1,0,100,0),
(5011050,11,-91.9066,298.554,40.3148,0,0,1,0,100,0),
(5011050,12,-84.9968,296.969,52.3776,0,0,1,0,100,0),
(5011050,13,-81.5458,289.807,63.8514,0,0,1,0,100,0),
(5011050,14,-91.5585,284.275,71.9894,0,0,1,0,100,0),
(5011050,15,-95.834,292.943,27.4832,0,0,1,0,100,0),
(5011050,16,-94.3393,295.352,41.1404,0,0,1,0,100,0),
(5011050,17,-88.5665,292.19,53.5047,0,0,1,0,100,0),
(5011050,18,-88.0789,284.173,65.0211,0,0,1,0,100,0),
(5011050,19,-96.7033,282.247,75.63,0,0,1,0,100,0),
(5011050,20,-92.1857,296.241,27.4832,0,0,1,0,100,0),
(5011060,1,84.9162,251.397,37.0668,0,1000,1,0,100,0),
(5011060,2,83.9651,251.088,37.0668,0,0,1,0,100,0),
(5011060,3,51.4796,252.183,37.0668,0,0,1,0,100,0),
(5011060,4,33.2474,282.432,37.0668,0,0,1,0,100,0),
(5011060,5,-4.58595,288.248,37.0668,0,0,1,0,100,0),
(5011060,6,-33.1252,287.388,33.6501,0,0,1,0,100,0),
(5011060,7,-63.6614,287.145,37.0668,0,0,1,0,100,0),
(5011060,8,-77.5616,286.325,98.1903,0,3000,1,0,100,0),
(5011070,1,84.9162,251.397,37.0668,0,1000,1,0,100,0),
(5011070,2,83.9651,251.088,37.0668,0,0,1,0,100,0),
(5011070,3,51.4796,252.183,37.0668,0,0,1,0,100,0),
(5011070,4,33.2474,282.432,37.0668,0,0,1,0,100,0),
(5011070,5,-4.58595,288.248,37.0668,0,0,1,0,100,0),
(5011070,6,-33.1252,287.388,33.6501,0,0,1,0,100,0),
(5011070,7,-63.6614,287.145,37.0668,0,0,1,0,100,0),
(5011070,8,-86.5805,281.312,37.0668,0,0,1,0,100,0),
(5011070,9,-122.867,287.583,33.7057,0,0,1,0,100,0),
(5011070,10,-166.135,286.002,37.0668,0,0,1,0,100,0),
(5011070,11,-197.129,319.599,41.5668,0,0,1,0,100,0),
(5011070,12,-226.722,321.688,41.5391,0,0,1,0,100,0),
(5011070,13,-241.978,284.026,37.0668,0,0,1,0,100,0),
(5011070,14,-241.867,239.697,34.7891,0,0,1,0,100,0),
(5011070,15,-240.409,205.258,33.289,0,0,1,0,100,0),
(5011070,16,-247.921,181.826,37.0668,0,0,1,0,100,0),
(5011070,17,-258.541,176.818,28.8724,0,0,1,0,100,0),
(5011070,18,-254.589,187.929,17.5946,0,0,1,0,100,0),
(5011070,19,-233.282,183.525,9.45569,0,0,1,0,100,0),
(5011070,20,-207.969,174.104,9.45569,0,0,1,0,100,0),
(5011070,21,-174.273,173.592,7.17792,0,0,1,0,100,0),
(5011070,22,-153.428,164.087,10.4835,0,0,1,0,100,0),
(5011070,23,-141.719,162.854,10.9835,0,0,1,0,100,0),
(5011070,24,-125.931,171.58,9.15015,0,0,1,0,100,0),
(5011070,25,-97.7346,173.65,7.15014,0,0,1,0,100,0),
(5011070,26,-82.8989,173.921,10.3168,0,0,1,0,100,0),
(5011070,27,-73.9182,173.077,10.3168,0,0,1,0,100,0),
(5011070,28,-69.9846,163.459,10.3168,0,0,1,0,100,0),
(5011070,29,-70.2812,156.773,9.34458,0,0,1,0,100,0),
(5011070,30,-71.1548,128.592,6.7057,0,0,1,0,100,0),
(5011070,31,-80.0383,115.576,7.51125,0,0,1,0,100,0),
(5011070,32,-82.5443,99.0856,7.51125,0,0,1,0,100,0),
(5011070,33,-74.7056,88.5289,7.51125,0,0,1,0,100,0),
(5011070,34,-60.1037,87.1475,7.51125,0,0,1,0,100,0),
(5011070,35,-43.8567,99.2091,7.03903,0,0,1,0,100,0),
(5011070,36,-21.4774,99.8071,7.26125,0,0,1,0,100,0),
(5011070,37,7.50968,100.248,7.51125,0,0,1,0,100,0),
(5011070,38,27.4025,97.8097,19.3168,0,0,1,0,100,0),
(5011070,39,37.0373,95.8226,30.8446,0,3000,1,0,100,0),
(5011080,1,-62.0894,286.098,48.6939,0,1000,1,0,100,0),
(5011080,2,-76.8407,304.686,51.9439,0,0,1,0,100,0),
(5011080,3,-98.7576,303.572,46.4161,0,0,1,0,100,0),
(5011080,4,-119.16,291.958,26.7305,0,0,1,0,100,0),
(5011080,5,-119.16,291.958,26.7305,0,0,1,0,100,0),
(5011080,6,-118.246,291.551,26.7198,0,0,1,0,100,0),
(5011080,7,-116.125,290.169,41.5238,0,0,1,0,100,0),
(5011080,8,-114.528,275.12,40.1532,0,0,1,0,100,0),
(5011080,9,-90.689,265.24,41.0333,0,0,1,0,100,0),
(5011090,1,-56.8114,293.477,27.8298,0,1000,1,0,100,0),
(5011090,2,-58.7468,295.764,29.4033,0,0,1,0,100,0),
(5011090,3,-80.8255,317.109,28.9557,0,0,1,0,100,0),
(5011090,4,-84.6018,313.357,62.0829,0,0,1,0,100,0),
(5011090,5,-100.485,310.06,60.6726,0,0,1,0,100,0),
(5011090,6,-119.643,290.201,57.4676,0,0,1,0,100,0),
(5011090,7,-119.602,271.028,61.3137,0,0,1,0,100,0),
(5011090,8,-99.3827,260.039,59.8997,0,0,1,0,100,0),
(5011090,9,-62.9444,265.206,63.3061,0,0,1,0,100,0),
(5011090,10,-53.9817,286.896,63.0482,0,0,1,0,100,0),
(5011090,11,-66.9341,300.934,58.5854,0,0,1,0,100,0),
(5011090,12,-82.0958,309.241,61.3414,0,0,1,0,100,0),
(5011090,13,-100.199,310.19,60.9001,0,0,1,0,100,0),
(5011090,14,-109.249,296.2,58.5368,0,0,1,0,100,0),
(5011090,15,-112.956,287.824,28.945,0,0,1,0,100,0),
(5011090,16,-131.244,263.41,30.9794,0,0,1,0,100,0),
(5011090,17,-124.562,262.687,57.9071,0,0,1,0,100,0),
(5011090,18,-89.1208,261.935,60.3001,0,0,1,0,100,0),
(5011090,19,-66.6449,264.328,64.3038,0,0,1,0,100,0),
(5011090,20,-56.4546,270.201,65.3866,0,0,1,0,100,0),
(5011090,21,-53.7442,287.453,64.0839,0,0,1,0,100,0),
(5011090,22,-56.4072,293.549,29.5758,0,0,1,0,100,0),
(5011100,1,-109.229,288.209,53.3584,0,1000,1,0,100,0),
(5011100,2,-102.279,278.86,56.0703,0,0,1,0,100,0),
(5011100,3,-88.1313,272.423,59.4688,0,0,1,0,100,0),
(5011100,4,-71.9701,272.574,59.1446,0,0,1,0,100,0),
(5011100,5,-68.3353,281.741,61.757,0,0,1,0,100,0),
(5011100,6,-77.7733,299.15,60.5558,0,0,1,0,100,0),
(5011100,7,-94.7425,300.49,56.1018,0,0,1,0,100,0),
(5011110,1,-77.7733,299.15,60.5558,0,1000,1,0,100,0),
(5011110,2,-94.7425,300.49,56.1018,0,0,1,0,100,0),
(5011110,3,-109.229,288.209,53.3584,0,0,1,0,100,0),
(5011110,4,-102.279,278.86,56.0703,0,0,1,0,100,0),
(5011110,5,-88.1313,272.423,59.4688,0,0,1,0,100,0),
(5011110,6,-71.9701,272.574,59.1446,0,0,1,0,100,0),
(5011110,7,-68.3353,281.741,61.757,0,0,1,0,100,0),
(5011120,1,-52.3969,293.288,27.8296,0,1000,1,0,100,0),
(5011120,2,-58.7468,295.764,29.4033,0,0,1,0,100,0),
(5011120,3,-80.8255,317.109,28.9557,0,0,1,0,100,0),
(5011120,4,-84.6018,313.357,62.0829,0,0,1,0,100,0),
(5011120,5,-100.485,310.06,60.6726,0,0,1,0,100,0),
(5011120,6,-119.643,290.201,57.4676,0,0,1,0,100,0),
(5011120,7,-119.602,271.028,61.3137,0,0,1,0,100,0),
(5011120,8,-99.3827,260.039,59.8997,0,0,1,0,100,0),
(5011120,9,-62.9444,265.206,63.3061,0,0,1,0,100,0),
(5011120,10,-53.9817,286.896,63.0482,0,0,1,0,100,0),
(5011120,11,-66.9341,300.934,58.5854,0,0,1,0,100,0),
(5011120,12,-82.0958,309.241,61.3414,0,0,1,0,100,0),
(5011120,13,-100.199,310.19,60.9001,0,0,1,0,100,0),
(5011120,14,-109.249,296.2,58.5368,0,0,1,0,100,0),
(5011120,15,-112.956,287.824,28.945,0,0,1,0,100,0),
(5011120,16,-131.244,263.41,30.9794,0,0,1,0,100,0),
(5011120,17,-124.562,262.687,57.9071,0,0,1,0,100,0),
(5011120,18,-89.1208,261.935,60.3001,0,0,1,0,100,0),
(5011120,19,-66.6449,264.328,64.3038,0,0,1,0,100,0),
(5011120,20,-56.4546,270.201,65.3866,0,0,1,0,100,0),
(5011120,21,-53.7442,287.453,64.0839,0,0,1,0,100,0),
(5011120,22,-56.4072,293.549,29.5758,0,0,1,0,100,0),
(5011130,1,-119.16,291.958,26.7305,0,1000,1,0,100,0),
(5011130,2,-119.16,291.958,26.7305,0,0,1,0,100,0),
(5011130,3,-118.246,291.551,26.7198,0,0,1,0,100,0),
(5011130,4,-116.125,290.169,41.5238,0,0,1,0,100,0),
(5011130,5,-114.528,275.12,40.1532,0,0,1,0,100,0),
(5011130,6,-90.689,265.24,41.0333,0,0,1,0,100,0),
(5011130,7,-62.0894,286.098,48.6939,0,0,1,0,100,0),
(5011130,8,-76.8407,304.686,51.9439,0,0,1,0,100,0),
(5011130,9,-98.7576,303.572,46.4161,0,0,1,0,100,0),
(5011140,1,-59.42,289.1,27.8929,0,1000,1,0,100,0),
(5011140,2,-58.7468,295.764,29.4033,0,0,1,0,100,0),
(5011140,3,-80.8255,317.109,28.9557,0,0,1,0,100,0),
(5011140,4,-84.6018,313.357,62.0829,0,0,1,0,100,0),
(5011140,5,-100.485,310.06,60.6726,0,0,1,0,100,0),
(5011140,6,-119.643,290.201,57.4676,0,0,1,0,100,0),
(5011140,7,-119.602,271.028,61.3137,0,0,1,0,100,0),
(5011140,8,-99.3827,260.039,59.8997,0,0,1,0,100,0),
(5011140,9,-62.9444,265.206,63.3061,0,0,1,0,100,0),
(5011140,10,-53.9817,286.896,63.0482,0,0,1,0,100,0),
(5011140,11,-66.9341,300.934,58.5854,0,0,1,0,100,0),
(5011140,12,-82.0958,309.241,61.3414,0,0,1,0,100,0),
(5011140,13,-100.199,310.19,60.9001,0,0,1,0,100,0),
(5011140,14,-109.249,296.2,58.5368,0,0,1,0,100,0),
(5011140,15,-112.956,287.824,28.945,0,0,1,0,100,0),
(5011140,16,-131.244,263.41,30.9794,0,0,1,0,100,0),
(5011140,17,-124.562,262.687,57.9071,0,0,1,0,100,0),
(5011140,18,-89.1208,261.935,60.3001,0,0,1,0,100,0),
(5011140,19,-66.6449,264.328,64.3038,0,0,1,0,100,0),
(5011140,20,-56.4546,270.201,65.3866,0,0,1,0,100,0),
(5011140,21,-53.7442,287.453,64.0839,0,0,1,0,100,0),
(5011140,22,-56.4072,293.549,29.5758,0,0,1,0,100,0),
(5011150,1,-102.279,278.86,56.0703,0,1000,1,0,100,0),
(5011150,2,-88.1313,272.423,59.4688,0,0,1,0,100,0),
(5011150,3,-71.9701,272.574,59.1446,0,0,1,0,100,0),
(5011150,4,-68.3353,281.741,61.757,0,0,1,0,100,0),
(5011150,5,-77.7733,299.15,60.5558,0,0,1,0,100,0),
(5011150,6,-94.7425,300.49,56.1018,0,0,1,0,100,0),
(5011150,7,-109.229,288.209,53.3584,0,0,1,0,100,0),
(5011160,1,-86.6064,286.122,27.4832,0,1000,1,0,100,0),
(5011160,2,-84.2669,286.076,57.4227,0,0,1,0,100,0),
(5011160,3,-71.9701,272.574,59.1446,0,0,1,0,100,0),
(5011160,4,-68.3353,281.741,61.757,0,0,1,0,100,0),
(5011160,5,-77.7733,299.15,60.5558,0,0,1,0,100,0),
(5011160,6,-94.7425,300.49,56.1018,0,0,1,0,100,0),
(5011160,7,-109.229,288.209,53.3584,0,0,1,0,100,0),
(5011160,8,-102.279,278.86,56.0703,0,0,1,0,100,0),
(5011160,9,-88.1313,272.423,59.4688,0,0,1,0,100,0),
(5011170,1,-68.3353,281.741,61.757,0,1000,1,0,100,0),
(5011170,2,-77.7733,299.15,60.5558,0,0,1,0,100,0),
(5011170,3,-94.7425,300.49,56.1018,0,0,1,0,100,0),
(5011170,4,-109.229,288.209,53.3584,0,0,1,0,100,0),
(5011170,5,-102.279,278.86,56.0703,0,0,1,0,100,0),
(5011170,6,-88.1313,272.423,59.4688,0,0,1,0,100,0),
(5011170,7,-71.9701,272.574,59.1446,0,0,1,0,100,0),
(5011180,1,-71.9701,272.574,59.1446,0,1000,1,0,100,0),
(5011180,2,-68.3353,281.741,61.757,0,0,1,0,100,0),
(5011180,3,-77.7733,299.15,60.5558,0,0,1,0,100,0),
(5011180,4,-94.7425,300.49,56.1018,0,0,1,0,100,0),
(5011180,5,-109.229,288.209,53.3584,0,0,1,0,100,0),
(5011180,6,-102.279,278.86,56.0703,0,0,1,0,100,0),
(5011180,7,-88.1313,272.423,59.4688,0,0,1,0,100,0),
(5011190,1,-84.3563,263.728,27.8079,0,1000,1,0,100,0),
(5011190,2,-87.4666,261.464,58.4138,0,0,1,0,100,0),
(5011190,3,-94.4575,270.352,66.6585,0,0,1,0,100,0),
(5011190,4,-95.7386,284.443,27.4832,0,0,1,0,100,0),
(5011190,5,-91.3219,290.488,39.2894,0,0,1,0,100,0),
(5011190,6,-84.573,290.53,51.5467,0,0,1,0,100,0),
(5011190,7,-83.1581,284.409,64.0506,0,0,1,0,100,0),
(5011190,8,-92.9101,280.978,73.484,0,0,1,0,100,0),
(5011190,9,-96.079,293.202,74.566,0,0,1,0,100,0),
(5011190,10,-82.8515,297.569,74.9201,0,0,1,0,100,0),
(5011190,11,-77.4638,284.989,27.4832,0,0,1,0,100,0),
(5011190,12,-81.0183,279.803,39.9446,0,0,1,0,100,0),
(5011190,13,-89.1536,280.506,51.3678,0,0,1,0,100,0),
(5011190,14,-94.1382,293.611,27.4832,0,0,1,0,100,0),
(5011190,15,-88.9669,297.982,39.6762,0,0,1,0,100,0),
(5011190,16,-84.4414,293.357,52.098,0,0,1,0,100,0),
(5011190,17,-86.5034,284.787,63.0289,0,0,1,0,100,0),
(5011190,18,-97.8593,278.945,26.2094,0,0,1,0,100,0),
(5011190,19,-83.9472,285.452,63.0513,0,0,1,0,100,0),
(5011190,20,-93.4871,275.608,26.8408,0,0,1,0,100,0);

DELETE FROM `conditions` WHERE `SourceTypeOrReferenceId` = 13 AND `SourceEntry` = 40240;
INSERT INTO `conditions` VALUES 
(13,7,40240,0,0,31,0,4,0,0,1,0,0,'','Spite of the Eagle can\'t target players'),
(13,7,40240,0,0,31,0,3,23134,0,1,0,0,'','Spite of the Eagle can\'t target Hawk Spirit'),
(13,7,40240,0,0,31,0,3,23136,0,1,0,0,'','Spite of the Eagle can\'t target Eagle Spirit'),
(13,7,40240,0,0,31,0,3,23135,0,1,0,0,'','Spite of the Eagle can\'t target Falcon Spirit');