-- Liczba jednoczesnych spawnow - respia sie co minute
DELETE FROM `creature` WHERE `id` = 33214;
INSERT INTO `creature` VALUES
(136817, 33214, 603, 3, 1, 0, 0, 258.635, 49.4105, 472.742, 6.23371, 60, 0, 0, 6000, 0, 0, 0, 0, 0),
(136818, 33214, 603, 3, 1, 0, 0, 139.5, 320.38, 478.828, 3.06137, 60, 0, 0, 6000, 0, 0, 0, 0, 0),
(136819, 33214, 603, 3, 1, 0, 0, -166.072, 8.35549, 489.417, 3.05071, 60, 0, 0, 6000, 0, 0, 0, 0, 0),
(136820, 33214, 603, 3, 1, 0, 0, -113.712, -0.380384, 481.015, 2.89022, 60, 0, 0, 6000, 0, 0, 0, 0, 0),
(136821, 33214, 603, 3, 1, 0, 0, -50.7394, -299.134, 434.671, 1.34227, 60, 0, 0, 6000, 0, 0, 0, 0, 0),
(136822, 33214, 603, 3, 1, 0, 0, -105.602, -105.148, 468.897, 0.891995, 60, 0, 0, 6000, 0, 0, 0, 0, 0),
(136823, 33214, 603, 3, 1, 0, 0, 280.209, 50.9519, 475.942, 0.125323, 60, 0, 0, 6000, 0, 0, 0, 0, 0),
(136824, 33214, 603, 3, 1, 0, 0, 111.332, -318.567, 465.357, 3.44865, 60, 0, 0, 6000, 0, 0, 0, 0, 0),
(136825, 33214, 603, 3, 1, 0, 0, -84.9042, -52.5393, 477.609, 1.39426, 60, 0, 0, 6000, 0, 0, 0, 0, 0),
(136826, 33214, 603, 3, 1, 0, 0, 66.8388, -169.773, 487.852, 2.04378, 60, 0, 0, 6000, 0, 0, 0, 0, 0),
(136827, 33214, 603, 3, 1, 0, 0, 19.2691, 132.051, 480.604, 5.16471, 60, 0, 0, 6000, 0, 0, 0, 0, 0),
(136828, 33214, 603, 3, 1, 0, 0, 328.18, -119.956, 475.98, 1.17167, 60, 0, 0, 6000, 0, 0, 0, 0, 0),
(136829, 33214, 603, 3, 1, 0, 0, 19.4062, -9.89898, 480.604, 3.76015, 60, 0, 0, 6000, 0, 0, 0, 0, 0),
(136830, 33214, 603, 3, 1, 0, 0, -334.373, 30.6994, 460.041, 3.02898, 60, 0, 0, 6000, 0, 0, 0, 0, 0),
(136831, 33214, 603, 3, 1, 0, 0, -167.937, -294.064, 418.967, 1.33171, 60, 0, 0, 6000, 0, 0, 0, 0, 0),
(136832, 33214, 603, 3, 1, 0, 0, 475.196, 189.629, 471.613, 3.1383, 60, 0, 0, 6000, 0, 0, 0, 0, 0),
(136833, 33214, 603, 3, 1, 0, 0, 24.1112, -5.66054, 480.604, 4.0127, 60, 0, 0, 6000, 0, 0, 0, 0, 0),
(136834, 33214, 603, 3, 1, 0, 0, 441.481, -172.079, 464.45, 4.71716, 60, 0, 0, 6000, 0, 0, 0, 0, 0),
(136835, 33214, 603, 3, 1, 0, 0, 72.9102, -259.599, 483.218, 1.56279, 60, 0, 0, 6000, 0, 0, 0, 0, 0),
(136836, 33214, 603, 3, 1, 0, 0, 115.263, 283.153, 481.706, 4.57272, 60, 0, 0, 6000, 0, 0, 0, 0, 0),
(136837, 33214, 603, 3, 1, 0, 0, -417.223, 3.11017, 482.703, 3.10693, 60, 0, 0, 6000, 0, 0, 0, 0, 0),
(136838, 33214, 603, 3, 1, 0, 0, 111.779, 241.399, 480.679, 4.68709, 60, 0, 0, 6000, 0, 0, 0, 0, 0),
(136839, 33214, 603, 3, 1, 0, 0, -301.554, -3.94843, 484.769, 3.02965, 60, 0, 0, 6000, 0, 0, 0, 0, 0),
(136840, 33214, 603, 3, 1, 0, 0, 206.117, -137.637, 465.908, 4.7445, 60, 0, 0, 6000, 0, 0, 0, 0, 0),
(136841, 33214, 603, 3, 1, 0, 0, 4.38229, -15.5089, 480.574, 3.25054, 60, 0, 0, 6000, 0, 0, 0, 0, 0),
(136842, 33214, 603, 3, 1, 0, 0, -203.245, -226.505, 434.357, 3.28937, 60, 0, 0, 6000, 0, 0, 0, 0, 0),
(136843, 33214, 603, 3, 1, 0, 0, -65.4414, -26.6142, 474.577, 0.166172, 60, 0, 0, 6000, 0, 0, 0, 0, 0),
(136844, 33214, 603, 3, 1, 0, 0, 113.761, 270.463, 481.483, 4.61199, 60, 0, 0, 6000, 0, 0, 0, 0, 0),
(136845, 33214, 603, 3, 1, 0, 0, -38.9599, -15.3376, 480.624, 3.12545, 60, 0, 0, 6000, 0, 0, 0, 0, 0),
(136846, 33214, 603, 3, 1, 0, 0, -404.921, -115.83, 467.111, 5.88481, 60, 0, 0, 6000, 0, 0, 0, 0, 0),
(136847, 33214, 603, 3, 1, 0, 0, -415.63, 81.6631, 466.787, 2.99381, 60, 0, 0, 6000, 0, 0, 0, 0, 0),
(136848, 33214, 603, 3, 1, 0, 0, -233.567, -232.677, 422.764, 3.46498, 60, 0, 0, 6000, 0, 0, 0, 0, 0),
(136849, 33214, 603, 3, 1, 0, 0, 377.69, 70.5767, 476.371, 4.34197, 60, 0, 0, 6000, 0, 0, 0, 0, 0),
(136850, 33214, 603, 3, 1, 0, 0, 312.736, -235.559, 468.099, 1.72436, 60, 0, 0, 6000, 0, 0, 0, 0, 0),
(136851, 33214, 603, 3, 1, 0, 0, -276.315, 33.1802, 459.953, 3.17876, 60, 0, 0, 6000, 0, 0, 0, 0, 0),
(136852, 33214, 603, 3, 1, 0, 0, -426.19, 3.54054, 482.584, 3.12448, 60, 0, 0, 6000, 0, 0, 0, 0, 0),
(136853, 33214, 603, 3, 1, 0, 0, -143.465, -104.363, 467.111, 0.307166, 60, 0, 0, 6000, 0, 0, 0, 0, 0),
(136854, 33214, 603, 3, 1, 0, 0, 313.955, -242.38, 466.729, 1.77211, 60, 0, 0, 6000, 0, 0, 0, 0, 0),
(136855, 33214, 603, 3, 1, 0, 0, 281.739, 292.108, 477.178, 2.90827, 60, 0, 0, 6000, 0, 0, 0, 0, 0),
(136856, 33214, 603, 3, 1, 0, 0, -381.268, -69.3575, 463.15, 5.98758, 60, 0, 0, 6000, 0, 0, 0, 0, 0),
(136857, 33214, 603, 3, 1, 0, 0, 351.909, 198.248, 488.309, 1.58827, 60, 0, 0, 6000, 0, 0, 0, 0, 0),
(136858, 33214, 603, 3, 1, 0, 0, -30.0203, -102.123, 481.762, 2.59299, 60, 0, 0, 6000, 0, 0, 0, 0, 0),
(136859, 33214, 603, 3, 1, 0, 0, 319.112, -260.028, 464.244, 1.94367, 60, 0, 0, 6000, 0, 0, 0, 0, 0),
(136860, 33214, 603, 3, 1, 0, 0, -261.261, -347.847, 426.478, 4.9892, 60, 0, 0, 6000, 0, 0, 0, 0, 0),
(136861, 33214, 603, 3, 1, 0, 0, 344.828, -71.6687, 469.327, 1.44456, 60, 0, 0, 6000, 0, 0, 0, 0, 0),
(136862, 33214, 603, 3, 1, 0, 0, -88.5919, 155.691, 480.604, 0.007789, 60, 0, 0, 6000, 0, 0, 0, 0, 0),
(136863, 33214, 603, 3, 1, 0, 0, 384.217, -2.07122, 476.371, 5.99719, 60, 0, 0, 6000, 0, 0, 0, 0, 0),
(136864, 33214, 603, 3, 1, 0, 0, -426.1, 3.41496, 461.614, 3.15618, 60, 0, 0, 6000, 0, 0, 0, 0, 0),
(136865, 33214, 603, 3, 1, 0, 0, 403.108, -296.593, 464.652, 3.78286, 60, 0, 0, 6000, 0, 0, 0, 0, 0),
(136866, 33214, 603, 3, 1, 0, 0, -280.353, 25.8944, 476.172, 2.97826, 60, 0, 0, 6000, 0, 0, 0, 0, 0),
(136867, 33214, 603, 3, 1, 0, 0, -414.818, -12.7336, 459.973, 3.11446, 60, 0, 0, 6000, 0, 0, 0, 0, 0),
(136868, 33214, 603, 3, 1, 0, 0, 441.307, -182.892, 464.591, 4.6737, 60, 0, 0, 6000, 0, 0, 0, 0, 0),
(136869, 33214, 603, 3, 1, 0, 0, 368.535, -311.519, 464.652, 3.19066, 60, 0, 0, 6000, 0, 0, 0, 0, 0),
(136870, 33214, 603, 3, 1, 0, 0, -58.971, -237.059, 431.722, 2.11655, 60, 0, 0, 6000, 0, 0, 0, 0, 0),
(136871, 33214, 603, 3, 1, 0, 0, -455.397, 2.77045, 459.75, 3.15272, 60, 0, 0, 6000, 0, 0, 0, 0, 0),
(136872, 33214, 603, 3, 1, 0, 0, -209.099, -227.393, 432.989, 3.29598, 60, 0, 0, 6000, 0, 0, 0, 0, 0),
(136873, 33214, 603, 3, 1, 0, 0, 426.714, 183.395, 471.006, 3.46218, 60, 0, 0, 6000, 0, 0, 0, 0, 0),
(136874, 33214, 603, 3, 1, 0, 0, -341.92, -373.795, 418.04, 4.74354, 60, 0, 0, 6000, 0, 0, 0, 0, 0),
(136875, 33214, 603, 3, 1, 0, 0, 372.005, -311.162, 464.651, 3.29358, 60, 0, 0, 6000, 0, 0, 0, 0, 0),
(136876, 33214, 603, 3, 1, 0, 0, -4.52394, -117.42, 486.361, 2.61292, 60, 0, 0, 6000, 0, 0, 0, 0, 0),
(136877, 33214, 603, 3, 1, 0, 0, -63.6646, -325.849, 435.453, 0.929015, 60, 0, 0, 6000, 0, 0, 0, 0, 0),
(136878, 33214, 603, 3, 1, 0, 0, -419.897, -71.0565, 482.345, 0.007124, 60, 0, 0, 6000, 0, 0, 0, 0, 0),
(136879, 33214, 603, 3, 1, 0, 0, -302.618, 31.4145, 465.623, 3.09141, 60, 0, 0, 6000, 0, 0, 0, 0, 0),
(136880, 33214, 603, 3, 1, 0, 0, -418.172, 3.49806, 462.41, 3.14822, 60, 0, 0, 6000, 0, 0, 0, 0, 0),
(136881, 33214, 603, 3, 1, 0, 0, 401.9, -5.92901, 476.371, 6.12951, 60, 0, 0, 6000, 0, 0, 0, 0, 0),
(136882, 33214, 603, 3, 1, 0, 0, 215.04, 316.467, 473.045, 2.82136, 60, 0, 0, 6000, 0, 0, 0, 0, 0),
(136883, 33214, 603, 3, 1, 0, 0, 124.75, 55.8842, 462.744, 5.45148, 60, 0, 0, 6000, 0, 0, 0, 0, 0),
(136884, 33214, 603, 3, 1, 0, 0, 423.247, 190.982, 485.464, 3.95639, 60, 0, 0, 6000, 0, 0, 0, 0, 0),
(136885, 33214, 603, 3, 1, 0, 0, -179.703, 16.0907, 467.538, 3.17555, 60, 0, 0, 6000, 0, 0, 0, 0, 0),
(136886, 33214, 603, 3, 1, 0, 0, 441.006, -188.665, 464.637, 4.64671, 60, 0, 0, 6000, 0, 0, 0, 0, 0),
(136887, 33214, 603, 3, 1, 0, 0, -138.096, -50.3656, 484.905, 2.78558, 60, 0, 0, 6000, 0, 0, 0, 0, 0),
(136888, 33214, 603, 3, 1, 0, 0, 9.42913, -14.2137, 480.595, 3.36624, 60, 0, 0, 6000, 0, 0, 0, 0, 0),
(136889, 33214, 603, 3, 1, 0, 0, -130.519, -99.7497, 467.111, 0.385725, 60, 0, 0, 6000, 0, 0, 0, 0, 0),
(136890, 33214, 603, 3, 1, 0, 0, 21.6487, 125.864, 480.604, 5.00742, 60, 0, 0, 6000, 0, 0, 0, 0, 0),
(136891, 33214, 603, 3, 1, 0, 0, -111.655, 153.944, 480.604, 0.144506, 60, 0, 0, 6000, 0, 0, 0, 0, 0),
(136892, 33214, 603, 3, 1, 0, 0, 506.515, 147.462, 485.464, 6.25492, 60, 0, 0, 6000, 0, 0, 0, 0, 0),
(136893, 33214, 603, 3, 1, 0, 0, 175.758, -54.2964, 465.908, 5.49124, 60, 0, 0, 6000, 0, 0, 0, 0, 0),
(136894, 33214, 603, 3, 1, 0, 0, 167.041, 44.798, 462.739, 0.139633, 60, 0, 0, 6000, 0, 0, 0, 0, 0),
(136895, 33214, 603, 3, 1, 0, 0, 292.651, 134.731, 476.383, 1.64146, 60, 0, 0, 6000, 0, 0, 0, 0, 0),
(136896, 33214, 603, 3, 1, 0, 0, 382.802, 84.2061, 476.371, 4.3892, 60, 0, 0, 6000, 0, 0, 0, 0, 0),
(136897, 33214, 603, 3, 1, 0, 0, 73.7543, -9.88446, 465.908, 5.79663, 60, 0, 0, 6000, 0, 0, 0, 0, 0),
(136898, 33214, 603, 3, 1, 0, 0, 351.879, 201.307, 488.372, 1.57341, 60, 0, 0, 6000, 0, 0, 0, 0, 0),
(136899, 33214, 603, 3, 1, 0, 0, 386.304, 104.805, 476.371, 4.76449, 60, 0, 0, 6000, 0, 0, 0, 0, 0),
(136900, 33214, 603, 3, 1, 0, 0, 344.026, -76.7458, 469.706, 1.38354, 60, 0, 0, 6000, 0, 0, 0, 0, 0),
(136901, 33214, 603, 3, 1, 0, 0, 203.124, 52.7049, 462.197, 0.152689, 60, 0, 0, 6000, 0, 0, 0, 0, 0),
(136902, 33214, 603, 3, 1, 0, 0, 241.076, 51.2367, 468.617, 6.15359, 60, 0, 0, 6000, 0, 0, 0, 0, 0),
(136903, 33214, 603, 3, 1, 0, 0, 123.766, -33.2597, 465.908, 6.22311, 60, 0, 0, 6000, 0, 0, 0, 0, 0),
(136904, 33214, 603, 3, 1, 0, 0, 438.475, -51.8951, 470.16, 4.76412, 60, 0, 0, 6000, 0, 0, 0, 0, 0),
(136905, 33214, 603, 3, 1, 0, 0, 752.579, 154.036, 478.445, 1.67578, 60, 0, 0, 6000, 0, 0, 0, 0, 0),
(136906, 33214, 603, 3, 1, 0, 0, 140.407, 46.2978, 462.843, 6.01592, 60, 0, 0, 6000, 0, 0, 0, 0, 0),
(136907, 33214, 603, 3, 1, 0, 0, 441.345, -181.831, 464.58, 4.67839, 60, 0, 0, 6000, 0, 0, 0, 0, 0),
(136908, 33214, 603, 3, 1, 0, 0, 164.011, 44.4507, 462.812, 0.08591, 60, 0, 0, 6000, 0, 0, 0, 0, 0),
(136909, 33214, 603, 3, 1, 0, 0, 10.8948, -26.003, 465.27, 6.24394, 60, 0, 0, 6000, 0, 0, 0, 0, 0),
(136910, 33214, 603, 3, 1, 0, 0, 441.189, -159.952, 464.263, 4.75348, 60, 0, 0, 6000, 0, 0, 0, 0, 0),
(136911, 33214, 603, 3, 1, 0, 0, 529.079, 187.653, 471.613, 3.08562, 60, 0, 0, 6000, 0, 0, 0, 0, 0),
(136912, 33214, 603, 3, 1, 0, 0, 371.984, -20.3382, 464.667, 0.245616, 60, 0, 0, 6000, 0, 0, 0, 0, 0),
(136913, 33214, 603, 3, 1, 0, 0, 331.491, -112.182, 474.66, 1.16641, 60, 0, 0, 6000, 0, 0, 0, 0, 0),
(136914, 33214, 603, 3, 1, 0, 0, 439.461, -132.216, 464.131, 4.78348, 60, 0, 0, 6000, 0, 0, 0, 0, 0),
(136915, 33214, 603, 3, 1, 0, 0, 348.261, -46.6518, 467.96, 1.16717, 60, 0, 0, 6000, 0, 0, 0, 0, 0),
(136916, 33214, 603, 3, 1, 0, 0, 154.597, -38.3824, 465.908, 5.81168, 60, 0, 0, 6000, 0, 0, 0, 0, 0),
(136917, 33214, 603, 3, 1, 0, 0, 199.185, -96.8014, 465.908, 5.00509, 60, 0, 0, 6000, 0, 0, 0, 0, 0),
(136918, 33214, 603, 3, 1, 0, 0, 434.813, -243.159, 464.652, 4.52263, 60, 0, 0, 6000, 0, 0, 0, 0, 0),
(136919, 33214, 603, 3, 1, 0, 0, 389.366, -16.8451, 466.686, 0.145784, 60, 0, 0, 6000, 0, 0, 0, 0, 0),
(136920, 33214, 603, 3, 1, 0, 0, 153.342, -37.767, 465.908, 5.84351, 60, 0, 0, 6000, 0, 0, 0, 0, 0),
(136921, 33214, 603, 3, 1, 0, 0, 139.41, 46.5846, 462.843, 5.99008, 60, 0, 0, 6000, 0, 0, 0, 0, 0),
(136922, 33214, 603, 3, 1, 0, 0, 408.534, -6.82414, 476.371, 6.16814, 60, 0, 0, 6000, 0, 0, 0, 0, 0),
(136923, 33214, 603, 3, 1, 0, 0, 440.719, -150.713, 464.148, 4.77169, 60, 0, 0, 6000, 0, 0, 0, 0, 0),
(136924, 33214, 603, 3, 1, 0, 0, 371.063, 43.145, 471.371, 4.63374, 60, 0, 0, 6, 0, 0, 0, 0, 0),
(136926, 33214, 603, 3, 1, 0, 0, -236.634, 18.2052, 479.77, 2.96324, 60, 0, 0, 6, 0, 0, 0, 0, 0),
(136927, 33214, 603, 3, 1, 0, 0, 30.4507, 41.9962, 475.604, 4.73403, 60, 0, 0, 6, 0, 0, 0, 0, 0),
(136928, 33214, 603, 3, 1, 0, 0, -206.569, -227.004, 428.634, 3.29225, 60, 0, 0, 6, 0, 0, 0, 0, 0),
(136929, 33214, 603, 3, 1, 0, 0, -122.699, 3.13239, 482.085, 2.95481, 60, 0, 0, 6, 0, 0, 0, 0, 0),
(136930, 33214, 603, 3, 1, 0, 0, 371.053, 18.2057, 471.371, 4.77183, 60, 0, 0, 6, 0, 0, 0, 0, 0),
(136931, 33214, 603, 3, 1, 0, 0, 75.9035, -311.301, 468.664, 1.85764, 60, 0, 0, 6, 0, 0, 0, 0, 0),
(136932, 33214, 603, 3, 1, 0, 0, -197.157, 11.5765, 484.191, 3.012, 60, 0, 0, 6, 0, 0, 0, 0, 0),
(136933, 33214, 603, 3, 1, 0, 0, -0.046391, -120.014, 482.085, 2.62082, 60, 0, 0, 6, 0, 0, 0, 0, 0),
(136934, 33214, 603, 3, 1, 0, 0, 25.2573, 108.918, 475.604, 4.86789, 60, 0, 0, 6, 0, 0, 0, 0, 0),
(136935, 33214, 603, 3, 1, 0, 0, 438.867, -123.622, 459.277, 4.77834, 60, 0, 0, 6, 0, 0, 0, 0, 0),
(136936, 33214, 603, 3, 1, 0, 0, -80.2791, -8.63195, 476.208, 2.90706, 60, 0, 0, 6, 0, 0, 0, 0, 0),
(136937, 33214, 603, 3, 1, 0, 0, -460.808, 85.0527, 458.729, 3.12972, 60, 0, 0, 6, 0, 0, 0, 0, 0),
(136938, 33214, 603, 3, 1, 0, 0, -132.647, -164.526, 443.207, 1.27486, 60, 0, 0, 6, 0, 0, 0, 0, 0),
(136939, 33214, 603, 3, 1, 0, 0, 353.722, 181.104, 482.265, 1.8405, 60, 0, 0, 6, 0, 0, 0, 0, 0),
(136940, 33214, 603, 3, 1, 0, 0, -72.7006, -10.434, 476.212, 2.90939, 60, 0, 0, 6, 0, 0, 0, 0, 0),
(136941, 33214, 603, 3, 1, 0, 0, 368.576, -311.517, 459.652, 3.19201, 60, 0, 0, 6, 0, 0, 0, 0, 0),
(136942, 33214, 603, 3, 1, 0, 0, 68.4253, -168.137, 482.852, 1.53517, 60, 0, 0, 6, 0, 0, 0, 0, 0),
(136943, 33214, 603, 3, 1, 0, 0, 112.109, 191.258, 473.838, 4.7336, 60, 0, 0, 6, 0, 0, 0, 0, 0),
(136944, 33214, 603, 3, 1, 0, 0, -504.029, 0.798435, 477.499, 3.95375, 60, 0, 0, 6, 0, 0, 0, 0, 0),
(136945, 33214, 603, 3, 1, 0, 0, 112.557, 167.528, 472.309, 4.72515, 60, 0, 0, 6, 0, 0, 0, 0, 0),
(136946, 33214, 603, 3, 1, 0, 0, -418.296, 3.1473, 477.688, 3.10707, 60, 0, 0, 6, 0, 0, 0, 0, 0),
(136947, 33214, 603, 3, 1, 0, 0, 181.219, -249.286, 460.908, 4.34145, 60, 0, 0, 6, 0, 0, 0, 0, 0),
(136948, 33214, 603, 3, 1, 0, 0, 19.6958, 130.871, 475.604, 5.22064, 60, 0, 0, 6, 0, 0, 0, 0, 0),
(136949, 33214, 603, 3, 1, 0, 0, -111.196, -373.268, 430.483, 0.676009, 60, 0, 0, 6, 0, 0, 0, 0, 0),
(136950, 33214, 603, 3, 1, 0, 0, 196.865, -89.5903, 460.908, 5.04127, 60, 0, 0, 6, 0, 0, 0, 0, 0),
(136951, 33214, 603, 3, 1, 0, 0, 111.688, 214.931, 474.848, 4.72407, 60, 0, 0, 6, 0, 0, 0, 0, 0),
(136952, 33214, 603, 3, 1, 0, 0, -173.767, 18.5184, 475.572, 2.72238, 60, 0, 0, 6, 0, 0, 0, 0, 0),
(136953, 33214, 603, 3, 1, 0, 0, -234.703, 27.7406, 457.497, 2.88174, 60, 0, 0, 6, 0, 0, 0, 0, 0),
(136954, 33214, 603, 3, 1, 0, 0, -522.48, 66.1908, 456.754, 4.52253, 60, 0, 0, 6, 0, 0, 0, 0, 0),
(136955, 33214, 603, 3, 1, 0, 0, -160.001, -401.783, 430.398, 0.271683, 60, 0, 0, 6, 0, 0, 0, 0, 0),
(136956, 33214, 603, 3, 1, 0, 0, 573.214, 7.4696, 471.371, 0.135823, 60, 0, 0, 6, 0, 0, 0, 0, 0),
(136957, 33214, 603, 3, 1, 0, 0, 316.259, -152.446, 475.005, 1.29658, 60, 0, 0, 6, 0, 0, 0, 0, 0),
(136958, 33214, 603, 3, 1, 0, 0, -403.464, 79.4479, 462.248, 2.92167, 60, 0, 0, 6, 0, 0, 0, 0, 0),
(136959, 33214, 603, 3, 1, 0, 0, -185.408, -41.0516, 488.228, 2.76742, 60, 0, 0, 6, 0, 0, 0, 0, 0),
(136960, 33214, 603, 3, 1, 0, 0, -355.528, 38.5204, 456.386, 2.46838, 60, 0, 0, 6, 0, 0, 0, 0, 0),
(136961, 33214, 603, 3, 1, 0, 0, 338.158, -96.1852, 466.951, 1.19735, 60, 0, 0, 6, 0, 0, 0, 0, 0),
(136962, 33214, 603, 3, 1, 0, 0, 112.461, 173.804, 472.788, 4.72973, 60, 0, 0, 6, 0, 0, 0, 0, 0),
(136963, 33214, 603, 3, 1, 0, 0, -438.394, 3.1372, 455.571, 3.17379, 60, 0, 0, 6, 0, 0, 0, 0, 0),
(136964, 33214, 603, 3, 1, 0, 0, 113.843, 271.264, 476.5, 4.61025, 60, 0, 0, 6, 0, 0, 0, 0, 0),
(136965, 33214, 603, 3, 1, 0, 0, 6.38475, -25.8337, 460.351, 6.24747, 60, 0, 0, 6, 0, 0, 0, 0, 0),
(136966, 33214, 603, 3, 1, 0, 0, 311.556, -180.062, 474.195, 1.48105, 60, 0, 0, 6, 0, 0, 0, 0, 0),
(136967, 33214, 603, 3, 1, 0, 0, -49.6769, -293.595, 429.424, 1.41944, 60, 0, 0, 6, 0, 0, 0, 0, 0),
(136968, 33214, 603, 3, 1, 0, 0, 424.08, -274.603, 459.652, 4.16603, 60, 0, 0, 6, 0, 0, 0, 0, 0),
(136969, 33214, 603, 3, 1, 0, 0, 30.2276, 49.8813, 475.604, 4.74696, 60, 0, 0, 6, 0, 0, 0, 0, 0),
(136970, 33214, 603, 3, 1, 0, 0, -279.416, -7.67241, 464.591, 2.8565, 60, 0, 0, 6, 0, 0, 0, 0, 0),
(136971, 33214, 603, 3, 1, 0, 0, 354.836, -308.127, 459.507, 2.62815, 60, 0, 0, 6, 0, 0, 0, 0, 0),
(136972, 33214, 603, 3, 1, 0, 0, -376.156, 7.05873, 460.483, 4.72881, 60, 0, 0, 6, 0, 0, 0, 0, 0),
(136973, 33214, 603, 3, 1, 0, 0, -497.14, -60.0305, 455.324, 5.05864, 60, 0, 0, 6, 0, 0, 0, 0, 0),
(136974, 33214, 603, 3, 1, 0, 0, 423.728, -275.173, 459.651, 4.15247, 60, 0, 0, 6, 0, 0, 0, 0, 0),
(136975, 33214, 603, 3, 1, 0, 0, 310.904, -189.007, 472.885, 1.51482, 60, 0, 0, 6, 0, 0, 0, 0, 0),
(136976, 33214, 603, 3, 1, 0, 0, -180.847, -223.521, 431.213, 3.25218, 60, 0, 0, 6, 0, 0, 0, 0, 0),
(136977, 33214, 603, 3, 1, 0, 0, -270.383, -10.9482, 462.723, 2.71456, 60, 0, 0, 6, 0, 0, 0, 0, 0),
(136978, 33214, 603, 3, 1, 0, 0, -258.824, -266.091, 405.397, 4.63252, 60, 0, 0, 6, 0, 0, 0, 0, 0),
(136979, 33214, 603, 3, 1, 0, 0, 192.053, 319.828, 468.209, 3.15067, 60, 0, 0, 6, 0, 0, 0, 0, 0),
(136980, 33214, 603, 3, 1, 0, 0, -165.361, -283.23, 412.401, 1.34073, 60, 0, 0, 6, 0, 0, 0, 0, 0),
(136981, 33214, 603, 3, 1, 0, 0, 313.941, -242.314, 461.741, 1.7716, 60, 0, 0, 6, 0, 0, 0, 0, 0),
(136982, 33214, 603, 3, 1, 0, 0, -73.8044, -74.6543, 468.728, 2.56253, 60, 0, 0, 6, 0, 0, 0, 0, 0),
(136983, 33214, 603, 3, 1, 0, 0, -234.185, -395.232, 430.2, 5.79508, 60, 0, 0, 6, 0, 0, 0, 0, 0),
(136984, 33214, 603, 3, 1, 0, 0, -409.809, 2.84858, 477.801, 3.10563, 60, 0, 0, 6, 0, 0, 0, 0, 0),
(136985, 33214, 603, 3, 1, 0, 0, -374.332, -11.0573, 460.532, 4.86788, 60, 0, 0, 6, 0, 0, 0, 0, 0),
(136986, 33214, 603, 3, 1, 0, 0, -501.542, -10.0052, 455.468, 4.28397, 60, 0, 0, 6, 0, 0, 0, 0, 0),
(136987, 33214, 603, 3, 1, 0, 0, 112.556, 149.842, 470.423, 4.69568, 60, 0, 0, 6, 0, 0, 0, 0, 0),
(136988, 33214, 603, 3, 1, 0, 0, 293.742, 55.8819, 471.306, 0.73765, 60, 0, 0, 6, 0, 0, 0, 0, 0),
(136989, 33214, 603, 3, 1, 0, 0, 423.247, 190.982, 480.464, 3.95639, 60, 0, 0, 6, 0, 0, 0, 0, 0),
(136990, 33214, 603, 3, 1, 0, 0, -285.292, 32.6677, 454.777, 3.21445, 60, 0, 0, 6, 0, 0, 0, 0, 0),
(136991, 33214, 603, 3, 1, 0, 0, 387.684, -306.01, 459.652, 3.58835, 60, 0, 0, 6, 0, 0, 0, 0, 0),
(136992, 33214, 603, 3, 1, 0, 0, 72.5219, -198.999, 483.782, 1.57505, 60, 0, 0, 6, 0, 0, 0, 0, 0),
(136993, 33214, 603, 3, 1, 0, 0, 335.875, 162.122, 471.371, 6.26159, 60, 0, 0, 6, 0, 0, 0, 0, 0),
(136994, 33214, 603, 3, 1, 0, 0, 342.364, 161.908, 471.371, 6.23861, 60, 0, 0, 6, 0, 0, 0, 0, 0),
(136995, 33214, 603, 3, 1, 0, 0, 370.669, 35.3288, 471.371, 4.68848, 60, 0, 0, 6, 0, 0, 0, 0, 0),
(136996, 33214, 603, 3, 1, 0, 0, 140.681, -51.7706, 460.908, 5.84281, 60, 0, 0, 6, 0, 0, 0, 0, 0),
(136997, 33214, 603, 3, 1, 0, 0, 476.109, 189.625, 466.613, 3.13638, 60, 0, 0, 6, 0, 0, 0, 0, 0),
(136998, 33214, 603, 3, 1, 0, 0, 322.487, 281.853, 475.846, 2.85075, 60, 0, 0, 6, 0, 0, 0, 0, 0),
(136999, 33214, 603, 3, 1, 0, 0, 371.933, 50.9506, 471.371, 4.56695, 60, 0, 0, 6, 0, 0, 0, 0, 0),
(137000, 33214, 603, 3, 1, 0, 0, 344.026, -76.7458, 464.706, 1.38354, 60, 0, 0, 6, 0, 0, 0, 0, 0),
(137001, 33214, 603, 3, 1, 0, 0, 373.338, 148.93, 471.371, 5.15888, 60, 0, 0, 6, 0, 0, 0, 0, 0),
(137002, 33214, 603, 3, 1, 0, 0, 299.661, 69.6174, 471.428, 1.48541, 60, 0, 0, 6, 0, 0, 0, 0, 0),
(137003, 33214, 603, 3, 1, 0, 0, 153.633, -37.9053, 460.908, 5.83586, 60, 0, 0, 6, 0, 0, 0, 0, 0),
(137004, 33214, 603, 3, 1, 0, 0, 438.475, -51.8951, 465.16, 4.76412, 60, 0, 0, 6, 0, 0, 0, 0, 0),
(137005, 33214, 603, 3, 1, 0, 0, 674.162, 182.937, 473.591, 3.18716, 60, 0, 0, 6, 0, 0, 0, 0, 0),
(137006, 33214, 603, 3, 1, 0, 0, 324.756, 162.118, 471.371, 0.025303, 60, 0, 0, 6, 0, 0, 0, 0, 0),
(137007, 33214, 603, 3, 1, 0, 0, 441.345, -181.831, 459.58, 4.67839, 60, 0, 0, 6, 0, 0, 0, 0, 0),
(137008, 33214, 603, 3, 1, 0, 0, 351.417, 161.34, 471.371, 6.19914, 60, 0, 0, 6, 0, 0, 0, 0, 0),
(137009, 33214, 603, 3, 1, 0, 0, 74.7247, -29.5012, 460.526, 6.21597, 60, 0, 0, 6, 0, 0, 0, 0, 0),
(137010, 33214, 603, 3, 1, 0, 0, 441.189, -159.952, 459.263, 4.75348, 60, 0, 0, 6, 0, 0, 0, 0, 0),
(137011, 33214, 603, 3, 1, 0, 0, 417.327, 179.913, 465.677, 3.52591, 60, 0, 0, 6, 0, 0, 0, 0, 0),
(137012, 33214, 603, 3, 1, 0, 0, 371.984, -20.3382, 459.667, 0.245616, 60, 0, 0, 6, 0, 0, 0, 0, 0),
(137013, 33214, 603, 3, 1, 0, 0, 331.491, -112.182, 469.66, 1.16641, 60, 0, 0, 6, 0, 0, 0, 0, 0),
(137014, 33214, 603, 3, 1, 0, 0, 439.461, -132.216, 459.131, 4.78348, 60, 0, 0, 6, 0, 0, 0, 0, 0),
(137015, 33214, 603, 3, 1, 0, 0, 348.261, -46.6518, 462.96, 1.16717, 60, 0, 0, 6, 0, 0, 0, 0, 0),
(137016, 33214, 603, 3, 1, 0, 0, 197.332, -198.58, 460.908, 4.46057, 60, 0, 0, 6, 0, 0, 0, 0, 0),
(137017, 33214, 603, 3, 1, 0, 0, 72.451, -208.715, 483.849, 1.56091, 60, 0, 0, 6, 0, 0, 0, 0, 0),
(137018, 33214, 603, 3, 1, 0, 0, 434.813, -243.159, 459.652, 4.52263, 60, 0, 0, 6, 0, 0, 0, 0, 0),
(137019, 33214, 603, 3, 1, 0, 0, 389.366, -16.8451, 461.686, 0.145784, 60, 0, 0, 6, 0, 0, 0, 0, 0),
(137020, 33214, 603, 3, 1, 0, 0, 197.587, -91.7425, 460.908, 5.03104, 60, 0, 0, 6, 0, 0, 0, 0, 0),
(137021, 33214, 603, 3, 1, 0, 0, 453.98, 188.98, 466.608, 3.22599, 60, 0, 0, 6, 0, 0, 0, 0, 0),
(137022, 33214, 603, 3, 1, 0, 0, 352.669, 161.229, 471.371, 6.19093, 60, 0, 0, 6, 0, 0, 0, 0, 0),
(137023, 33214, 603, 3, 1, 0, 0, 408.534, -6.82414, 471.371, 6.16814, 60, 0, 0, 6, 0, 0, 0, 0, 0),
(137024, 33214, 603, 3, 1, 0, 0, 440.719, -150.713, 459.148, 4.77169, 60, 0, 0, 6, 0, 0, 0, 0, 0);


SET @PYRITE_ENTRANCE = 30;
SET @PYRITE_LEVEK = 15;
DELETE FROM `pool_template` WHERE `entry` IN (7015,7016);
INSERT INTO `pool_template` VALUES
(7015, @PYRITE_ENTRANCE, 'Ulduar - Pyrite'),
(7016, @PYRITE_LEVEK, 'Ulduar - Pyrite Levek');
DELETE FROM `pool_creature` WHERE `pool_entry` IN (7015,7016);
INSERT INTO `pool_creature` VALUES
(137024,7015, 0, 'Ulduar - Pyrite'),
(137023,7015, 0, 'Ulduar - Pyrite'),
(137021,7015, 0, 'Ulduar - Pyrite'),
(137018,7015, 0, 'Ulduar - Pyrite'),
(137017,7015, 0, 'Ulduar - Pyrite'),
(137014,7015, 0, 'Ulduar - Pyrite'),
(137011,7015, 0, 'Ulduar - Pyrite'),
(137010,7015, 0, 'Ulduar - Pyrite'),
(137009,7015, 0, 'Ulduar - Pyrite'),
(137007,7015, 0, 'Ulduar - Pyrite'),
(137005,7015, 0, 'Ulduar - Pyrite'),
(137004,7015, 0, 'Ulduar - Pyrite'),
(136997,7015, 0, 'Ulduar - Pyrite'),
(136992,7015, 0, 'Ulduar - Pyrite'),
(136990,7015, 0, 'Ulduar - Pyrite'),
(136989,7015, 0, 'Ulduar - Pyrite'),
(136987,7015, 0, 'Ulduar - Pyrite'),
(136986,7015, 0, 'Ulduar - Pyrite'),
(136985,7015, 0, 'Ulduar - Pyrite'),
(136984,7015, 0, 'Ulduar - Pyrite'),
(136983,7015, 0, 'Ulduar - Pyrite'),
(136982,7015, 0, 'Ulduar - Pyrite'),
(136980,7015, 0, 'Ulduar - Pyrite'),
(136978,7015, 0, 'Ulduar - Pyrite'),
(136977,7015, 0, 'Ulduar - Pyrite'),
(136976,7015, 0, 'Ulduar - Pyrite'),
(136974,7015, 0, 'Ulduar - Pyrite'),
(136973,7015, 0, 'Ulduar - Pyrite'),
(136972,7015, 0, 'Ulduar - Pyrite'),
(136970,7015, 0, 'Ulduar - Pyrite'),
(136969,7015, 0, 'Ulduar - Pyrite'),
(136968,7015, 0, 'Ulduar - Pyrite'),
(136967,7015, 0, 'Ulduar - Pyrite'),
(136965,7015, 0, 'Ulduar - Pyrite'),
(136964,7015, 0, 'Ulduar - Pyrite'),
(136963,7015, 0, 'Ulduar - Pyrite'),
(136962,7015, 0, 'Ulduar - Pyrite'),
(136960,7015, 0, 'Ulduar - Pyrite'),
(136959,7015, 0, 'Ulduar - Pyrite'),
(136958,7015, 0, 'Ulduar - Pyrite'),
(136956,7015, 0, 'Ulduar - Pyrite'),
(136955,7015, 0, 'Ulduar - Pyrite'),
(136954,7015, 0, 'Ulduar - Pyrite'),
(136953,7015, 0, 'Ulduar - Pyrite'),
(136952,7015, 0, 'Ulduar - Pyrite'),
(136951,7015, 0, 'Ulduar - Pyrite'),
(136949,7015, 0, 'Ulduar - Pyrite'),
(136948,7015, 0, 'Ulduar - Pyrite'),
(136946,7015, 0, 'Ulduar - Pyrite'),
(136945,7015, 0, 'Ulduar - Pyrite'),
(136944,7015, 0, 'Ulduar - Pyrite'),
(136943,7015, 0, 'Ulduar - Pyrite'),
(136942,7015, 0, 'Ulduar - Pyrite'),
(136940,7015, 0, 'Ulduar - Pyrite'),
(136938,7015, 0, 'Ulduar - Pyrite'),
(136937,7015, 0, 'Ulduar - Pyrite'),
(136936,7015, 0, 'Ulduar - Pyrite'),
(136935,7015, 0, 'Ulduar - Pyrite'),
(136934,7015, 0, 'Ulduar - Pyrite'),
(136933,7015, 0, 'Ulduar - Pyrite'),
(136932,7015, 0, 'Ulduar - Pyrite'),
(136931,7015, 0, 'Ulduar - Pyrite'),
(136929,7015, 0, 'Ulduar - Pyrite'),
(136928,7015, 0, 'Ulduar - Pyrite'),
(136927,7015, 0, 'Ulduar - Pyrite'),
(136926,7015, 0, 'Ulduar - Pyrite'),
(136923,7015, 0, 'Ulduar - Pyrite'),
(136922,7015, 0, 'Ulduar - Pyrite'),
(136918,7015, 0, 'Ulduar - Pyrite'),
(136914,7015, 0, 'Ulduar - Pyrite'),
(136911,7015, 0, 'Ulduar - Pyrite'),
(136910,7015, 0, 'Ulduar - Pyrite'),
(136909,7015, 0, 'Ulduar - Pyrite'),
(136907,7015, 0, 'Ulduar - Pyrite'),
(136905,7015, 0, 'Ulduar - Pyrite'),
(136904,7015, 0, 'Ulduar - Pyrite'),
(136897,7015, 0, 'Ulduar - Pyrite'),
(136892,7015, 0, 'Ulduar - Pyrite'),
(136891,7015, 0, 'Ulduar - Pyrite'),
(136890,7015, 0, 'Ulduar - Pyrite'),
(136889,7015, 0, 'Ulduar - Pyrite'),
(136888,7015, 0, 'Ulduar - Pyrite'),
(136887,7015, 0, 'Ulduar - Pyrite'),
(136886,7015, 0, 'Ulduar - Pyrite'),
(136885,7015, 0, 'Ulduar - Pyrite'),
(136884,7015, 0, 'Ulduar - Pyrite'),
(136881,7015, 0, 'Ulduar - Pyrite'),
(136880,7015, 0, 'Ulduar - Pyrite'),
(136879,7015, 0, 'Ulduar - Pyrite'),
(136878,7015, 0, 'Ulduar - Pyrite'),
(136877,7015, 0, 'Ulduar - Pyrite'),
(136876,7015, 0, 'Ulduar - Pyrite'),
(136874,7015, 0, 'Ulduar - Pyrite'),
(136873,7015, 0, 'Ulduar - Pyrite'),
(136872,7015, 0, 'Ulduar - Pyrite'),
(136871,7015, 0, 'Ulduar - Pyrite'),
(136870,7015, 0, 'Ulduar - Pyrite'),
(136868,7015, 0, 'Ulduar - Pyrite'),
(136867,7015, 0, 'Ulduar - Pyrite'),
(136866,7015, 0, 'Ulduar - Pyrite'),
(136865,7015, 0, 'Ulduar - Pyrite'),
(136864,7015, 0, 'Ulduar - Pyrite'),
(136862,7015, 0, 'Ulduar - Pyrite'),
(136860,7015, 0, 'Ulduar - Pyrite'),
(136858,7015, 0, 'Ulduar - Pyrite'),
(136856,7015, 0, 'Ulduar - Pyrite'),
(136853,7015, 0, 'Ulduar - Pyrite'),
(136852,7015, 0, 'Ulduar - Pyrite'),
(136851,7015, 0, 'Ulduar - Pyrite'),
(136848,7015, 0, 'Ulduar - Pyrite'),
(136847,7015, 0, 'Ulduar - Pyrite'),
(136846,7015, 0, 'Ulduar - Pyrite'),
(136845,7015, 0, 'Ulduar - Pyrite'),
(136844,7015, 0, 'Ulduar - Pyrite'),
(136843,7015, 0, 'Ulduar - Pyrite'),
(136842,7015, 0, 'Ulduar - Pyrite'),
(136841,7015, 0, 'Ulduar - Pyrite'),
(136839,7015, 0, 'Ulduar - Pyrite'),
(136838,7015, 0, 'Ulduar - Pyrite'),
(136837,7015, 0, 'Ulduar - Pyrite'),
(136836,7015, 0, 'Ulduar - Pyrite'),
(136835,7015, 0, 'Ulduar - Pyrite'),
(136834,7015, 0, 'Ulduar - Pyrite'),
(136833,7015, 0, 'Ulduar - Pyrite'),
(136832,7015, 0, 'Ulduar - Pyrite'),
(136831,7015, 0, 'Ulduar - Pyrite'),
(136830,7015, 0, 'Ulduar - Pyrite'),
(136829,7015, 0, 'Ulduar - Pyrite'),
(136827,7015, 0, 'Ulduar - Pyrite'),
(136826,7015, 0, 'Ulduar - Pyrite'),
(136825,7015, 0, 'Ulduar - Pyrite'),
(136824,7015, 0, 'Ulduar - Pyrite'),
(136822,7015, 0, 'Ulduar - Pyrite'),
(136821,7015, 0, 'Ulduar - Pyrite'),
(136820,7015, 0, 'Ulduar - Pyrite'),
(136819,7015, 0, 'Ulduar - Pyrite'),
(137022,7016, 0, 'Ulduar - Pyrite Levek'),
(137020,7016, 0, 'Ulduar - Pyrite Levek'),
(137019,7016, 0, 'Ulduar - Pyrite Levek'),
(137016,7016, 0, 'Ulduar - Pyrite Levek'),
(137015,7016, 0, 'Ulduar - Pyrite Levek'),
(137013,7016, 0, 'Ulduar - Pyrite Levek'),
(137012,7016, 0, 'Ulduar - Pyrite Levek'),
(137008,7016, 0, 'Ulduar - Pyrite Levek'),
(137006,7016, 0, 'Ulduar - Pyrite Levek'),
(137003,7016, 0, 'Ulduar - Pyrite Levek'),
(137002,7016, 0, 'Ulduar - Pyrite Levek'),
(137001,7016, 0, 'Ulduar - Pyrite Levek'),
(137000,7016, 0, 'Ulduar - Pyrite Levek'),
(136999,7016, 0, 'Ulduar - Pyrite Levek'),
(136998,7016, 0, 'Ulduar - Pyrite Levek'),
(136996,7016, 0, 'Ulduar - Pyrite Levek'),
(136995,7016, 0, 'Ulduar - Pyrite Levek'),
(136994,7016, 0, 'Ulduar - Pyrite Levek'),
(136993,7016, 0, 'Ulduar - Pyrite Levek'),
(136991,7016, 0, 'Ulduar - Pyrite Levek'),
(136988,7016, 0, 'Ulduar - Pyrite Levek'),
(136981,7016, 0, 'Ulduar - Pyrite Levek'),
(136979,7016, 0, 'Ulduar - Pyrite Levek'),
(136975,7016, 0, 'Ulduar - Pyrite Levek'),
(136971,7016, 0, 'Ulduar - Pyrite Levek'),
(136966,7016, 0, 'Ulduar - Pyrite Levek'),
(136961,7016, 0, 'Ulduar - Pyrite Levek'),
(136957,7016, 0, 'Ulduar - Pyrite Levek'),
(136950,7016, 0, 'Ulduar - Pyrite Levek'),
(136947,7016, 0, 'Ulduar - Pyrite Levek'),
(136941,7016, 0, 'Ulduar - Pyrite Levek'),
(136939,7016, 0, 'Ulduar - Pyrite Levek'),
(136930,7016, 0, 'Ulduar - Pyrite Levek'),
(136924,7016, 0, 'Ulduar - Pyrite Levek'),
(136921,7016, 0, 'Ulduar - Pyrite Levek'),
(136920,7016, 0, 'Ulduar - Pyrite Levek'),
(136919,7016, 0, 'Ulduar - Pyrite Levek'),
(136917,7016, 0, 'Ulduar - Pyrite Levek'),
(136916,7016, 0, 'Ulduar - Pyrite Levek'),
(136915,7016, 0, 'Ulduar - Pyrite Levek'),
(136913,7016, 0, 'Ulduar - Pyrite Levek'),
(136912,7016, 0, 'Ulduar - Pyrite Levek'),
(136908,7016, 0, 'Ulduar - Pyrite Levek'),
(136906,7016, 0, 'Ulduar - Pyrite Levek'),
(136903,7016, 0, 'Ulduar - Pyrite Levek'),
(136902,7016, 0, 'Ulduar - Pyrite Levek'),
(136901,7016, 0, 'Ulduar - Pyrite Levek'),
(136900,7016, 0, 'Ulduar - Pyrite Levek'),
(136899,7016, 0, 'Ulduar - Pyrite Levek'),
(136898,7016, 0, 'Ulduar - Pyrite Levek'),
(136896,7016, 0, 'Ulduar - Pyrite Levek'),
(136895,7016, 0, 'Ulduar - Pyrite Levek'),
(136894,7016, 0, 'Ulduar - Pyrite Levek'),
(136893,7016, 0, 'Ulduar - Pyrite Levek'),
(136883,7016, 0, 'Ulduar - Pyrite Levek'),
(136882,7016, 0, 'Ulduar - Pyrite Levek'),
(136875,7016, 0, 'Ulduar - Pyrite Levek'),
(136869,7016, 0, 'Ulduar - Pyrite Levek'),
(136863,7016, 0, 'Ulduar - Pyrite Levek'),
(136861,7016, 0, 'Ulduar - Pyrite Levek'),
(136859,7016, 0, 'Ulduar - Pyrite Levek'),
(136857,7016, 0, 'Ulduar - Pyrite Levek'),
(136855,7016, 0, 'Ulduar - Pyrite Levek'),
(136854,7016, 0, 'Ulduar - Pyrite Levek'),
(136850,7016, 0, 'Ulduar - Pyrite Levek'),
(136849,7016, 0, 'Ulduar - Pyrite Levek'),
(136840,7016, 0, 'Ulduar - Pyrite Levek'),
(136828,7016, 0, 'Ulduar - Pyrite Levek'),
(136823,7016, 0, 'Ulduar - Pyrite Levek'),
(136818,7016, 0, 'Ulduar - Pyrite Levek'),
(136817,7016, 0, 'Ulduar - Pyrite Levek');

UPDATE `creature` SET `position_x` = 1913.11, `position_y` = 127.493, `position_z` = 412.244, `orientation` = 4.38 WHERE `guid` = 137555;
DELETE FROM `creature` WHERE `guid` BETWEEN 137560 AND 137565;
DELETE FROM `creature` WHERE `guid` IN (137580,137582,137583,137584);
INSERT INTO `creature` VALUES
(137560, 33822, 603, 2, 1, 29048, 1, 1781.17, 118.604, 342.38, 5.46, 7200, 0, 0, 471835, 0, 0, 0, 0, 0),
(137561, 33822, 603, 2, 1, 29047, 1, 1892.69, 134.946, 342.38, 4.23, 7200, 0, 0, 471835, 0, 0, 0, 0, 0),
(137562, 33822, 603, 2, 1, 29048, 1, 1841.22, 139.245, 342.378, 4.89, 7200, 0, 0, 471835, 0, 0, 0, 0, 0),
(137563, 33822, 603, 2, 1, 29047, 1, 1912.08, 122.333, 412.244, 4.5, 7200, 0, 0, 471835, 0, 0, 0, 0, 0),
(137564, 33823, 603, 2, 1, 0, 1, 1848.61, 131.822, 341.824, 4.8, 7200, 0, 0, 693000, 31952, 0, 0, 0, 0),
(137565, 33823, 603, 2, 1, 0, 1, 1894.85, 129.43, 412.244, 4.7, 7200, 0, 0, 693000, 31952, 0, 0, 0, 0),
(137580, 33819, 603, 3, 1, 29049, 1, 1878.41, 120.502, 342.461, 4.13243, 7200, 0, 0, 337025, 16676, 0, 0, 0, 0),
(137582, 33820, 603, 2, 1, 29053, 1, 1796.03, 124.42, 342.378, 5.19, 7200, 0, 0, 337025, 29183, 0, 0, 0, 0),
(137583, 33820, 603, 2, 1, 29053, 1, 1890.72, 116.916, 342.38, 4.3, 7200, 0, 0, 337025, 29183, 0, 0, 0, 0),
(137584, 33430, 603, 3, 1, 19775, 0, 2223.09, -12.2097, 423.711, 0, 7200, 0, 0, 195495, 0, 2, 0, 0, 0);

DELETE FROM `creature_addon` WHERE `guid` = 137584;
INSERT INTO `creature_addon` VALUES (137584, 1375840, 0, 0, 1, 0, '');
DELETE FROM `waypoint_data` WHERE `id` = 1375840;
INSERT INTO `waypoint_data` VALUES
(1375840, 1, 2222.19, -48.8792, 423.924, 0, 0, 0, 0, 0, 0),
(1375840, 2, 2221.17, -66.0311, 424.052, 0, 0, 0, 0, 0, 0),
(1375840, 3, 2222.19, -48.8792, 423.924, 0, 0, 0, 0, 0, 0),
(1375840, 4, 2223.09, -12.2097, 423.711, 0, 0, 0, 0, 0, 0);

DELETE FROM `creature_formations` WHERE `leaderGUID` = 136611;
DELETE FROM `creature_formations` WHERE `leaderGUID` = 137584;
INSERT INTO `creature_formations` VALUES
(137584, 137584, 0, 0, 2, 0, 0),
(137584, 136618, 5, 147, 2, 0, 0),
(137584, 136614, 5, 170, 2, 0, 0),
(137584, 136617, 5, 193, 2, 0, 0),
(137584, 136615, 5, 216, 2, 0, 0),
(137584, 136613, 7, 105, 2, 0, 0),
(137584, 136612, 7, 135, 2, 0, 0),
(137584, 136616, 7, 165, 2, 0, 0),
(137584, 136619, 7, 195, 2, 0, 0),
(137584, 136620, 7, 225, 2, 0, 0),
(137584, 136611, 7, 255, 2, 0, 0);

DELETE FROM `creature_formations` WHERE `leaderGUID` IN (137484, 137483);
INSERT INTO `creature_formations` VALUES
(137484, 137484, 0, 0, 2, 0, 0),
(137484, 137482, 10, 270, 2, 0, 0),
(137483, 137483, 0, 0, 2, 0, 0),
(137483, 137481, 10, 270, 2, 0, 0);

UPDATE `waypoint_data` SET `position_x` = 2128.40, `position_y` = -159.38 WHERE `id` = 1374840 AND `point` = 1;
UPDATE `waypoint_data` SET `position_x` = 2141.26, `position_y` = -154.87 WHERE `id` = 1374820 AND `point` = 1;

DELETE FROM `creature_addon` WHERE `guid` IN (137483,137482,137481,137484);
INSERT INTO `creature_addon` VALUES
(137483, 1374830, 0, 0, 1, 0, '63616'), -- ravager
(137484, 1374840, 0, 0, 1, 0, '63616'), -- ravager
(137481, 1374810, 0, 0, 1, 0, '63610'), -- thunderer
(137482, 1374820, 0, 0, 1, 0, '63610'); -- thunderer

UPDATE `creature_addon` SET `path_id` = 1362600 WHERE `guid` = 136260;
UPDATE `creature` SET `MovementType` = 2 WHERE `guid` = 136260;
DELETE FROM `waypoint_data` WHERE `id` = 1362600;
INSERT INTO `waypoint_data` VALUES
(1362600, 1, 2376.55, 79.4528, 434.287, 0, 0, 0, 0, 0, 0),
(1362600, 2, 2356.07, 64.3345, 434.374, 0, 0, 0, 0, 0, 0),
(1362600, 3, 2337.09, 53.0104, 430.756, 0, 0, 0, 0, 0, 0),
(1362600, 4, 2297.61, 50.2742, 428.356, 0, 0, 0, 0, 0, 0),
(1362600, 5, 2247.29, 1.3837, 421.606, 0, 0, 0, 0, 0, 0),
(1362600, 6, 2236.91, -5.6468, 422.746, 0, 0, 0, 0, 0, 0),
(1362600, 7, 2212.79, -28.1031, 423.647, 0, 0, 0, 0, 0, 0),
(1362600, 8, 2146.56, -25.2259, 422.24, 0, 0, 0, 0, 0, 0),
(1362600, 9, 2212.79, -28.1031, 423.647, 0, 0, 0, 0, 0, 0),
(1362600, 10, 2236.91, -5.6468, 422.746, 0, 0, 0, 0, 0, 0),
(1362600, 11, 2247.29, 1.3837, 421.606, 0, 0, 0, 0, 0, 0),
(1362600, 12, 2297.61, 50.2742, 428.356, 0, 0, 0, 0, 0, 0),
(1362600, 13, 2337.09, 53.0104, 430.756, 0, 0, 0, 0, 0, 0),
(1362600, 14, 2356.07, 64.3345, 434.374, 0, 0, 0, 0, 0, 0),
(1362600, 15, 2376.55, 79.4528, 434.287, 0, 0, 0, 0, 0, 0),
(1362600, 16, 2362.55, 83.253, 435.008, 0, 0, 0, 0, 0, 0);
DELETE FROM `creature_formations` WHERE `leaderGUID` = 136260;
INSERT INTO `creature_formations` VALUES
(136260, 136260, 0, 0, 2, 0, 0),
(136260, 136261, 5, 90, 2, 0, 0);

UPDATE `creature` SET `position_x` = 559.93, `position_y` = 194.59, `position_z` = 360.82 WHERE `guid` = 136242;
UPDATE `creature` SET `position_x` = 552.48, `position_y` = 194.83, `position_z` = 360.82 WHERE `guid` = 136241;
UPDATE `creature` SET `position_x` = 609.41, `position_y` = 194.35, `position_z` = 360.80 WHERE `guid` = 136243;
UPDATE `creature` SET `position_x` = 621.01, `position_y` = 194.50, `position_z` = 360.82 WHERE `guid` = 136244;

DELETE FROM `waypoint_data` WHERE `id` IN (1362420, 1362410,1362430,1362440);
INSERT INTO `waypoint_data` VALUES
(1362420, 1, 559.93, 194.59, 360.82, 1.59, 0, 0, 0, 100, 0),
(1362420, 2, 563.11, 258.34, 360.80, 1.59, 0, 0, 0, 100, 0),
(1362410, 1, 552.48, 194.83, 360.82, 1.59, 0, 0, 0, 100, 0),
(1362410, 2, 552.42, 258.28, 360.80, 1.59, 0, 0, 0, 100, 0),
(1362440, 1, 621.01, 194.50, 360.80, 1.57, 0, 0, 0, 100, 0),
(1362440, 2, 621.20, 258.58, 360.80, 1.57, 0, 0, 0, 100, 0),
(1362430, 1, 609.41, 194.35, 360.80, 1.57, 0, 0, 0, 100, 0),
(1362430, 2, 609.13, 258.43, 360.80, 1.57, 0, 0, 0, 100, 0);

DELETE FROM `creature_formations` WHERE `leaderGUID` IN (136242,136244);
INSERT INTO `creature_formations` VALUES
(136244, 136244, 0, 0, 2, 0, 0),
(136244, 136243, 12, 270, 2, 0, 0),
(136242, 136242,  0, 0, 2, 0, 0),
(136242, 136241, 12, 270, 2, 0, 0);

SET @ACTION_ID = 12698103;
DELETE FROM `waypoint_scripts` WHERE `id` = @ACTION_ID;
INSERT INTO `waypoint_scripts` VALUES
(@ACTION_ID, 0, 1, 69, 0, 0, 0, 0, 0, 0, 896);

UPDATE `waypoint_data` SET `action` = @ACTION_ID WHERE `id` IN (1363600,1363470) AND `point` IN (3, 9);
UPDATE `waypoint_data` SET `action` = @ACTION_ID WHERE `id` = 1363560 AND `point` IN (6, 11);
UPDATE `waypoint_data` SET `delay` = 2000 WHERE `id` = 1363560 AND `point` = 11;
UPDATE `waypoint_data` SET `delay` = 2000 WHERE `id` = 1363570 AND `point` = 1;
UPDATE `waypoint_data` SET `action` = @ACTION_ID WHERE `id` = 1363570 AND `point` IN (1, 4);
UPDATE `waypoint_data` SET `orientation` = 1.83, `delay` = 2000, `action` = @ACTION_ID WHERE `id` = 1363500 AND `point` = 11;
UPDATE `waypoint_data` SET `delay` = 2000, `action` = @ACTION_ID WHERE `id` = 1363610 AND `point` IN (11, 23, 35, 47, 59, 71, 83, 95, 107, 119);
UPDATE `waypoint_data` SET `action` = @ACTION_ID, `delay` = 2000 WHERE `id` = 1363660 AND `point` IN (10,22,34,46,58,70,82,94,106,118);
UPDATE `waypoint_data` SET `action` = @ACTION_ID WHERE `id` = 1363690 AND `point` = 12;
UPDATE `waypoint_data` SET `action` = @ACTION_ID WHERE `id` = 1363680 AND `point` IN (2,5);
UPDATE `waypoint_data` SET `action` = @ACTION_ID WHERE `id` = 1363670 AND `point` = 4;
UPDATE `waypoint_data` SET `action` = @ACTION_ID WHERE `id` = 1363550 AND `point` IN (1, 6);
UPDATE `waypoint_data` SET `action` = @ACTION_ID, `delay` = 2000 WHERE `id` = 1363650 AND `point` IN (3,13,23,33,43,53,63,73,83,93,103,113);

UPDATE `creature_template` SET `AIName` = "SmartAI" WHERE `entry` IN (33626, 33627);
DELETE FROM `smart_scripts` WHERE `entryorguid` IN (-136353, -136362);
INSERT INTO `smart_scripts` VALUES
(-136353, 0, 0, 0, 1, 0, 100, 0, 10000, 15000, 30000, 45000, 5, 1, 0, 0, 0, 0, 0, 1, 0, 0, 0, 0, 0, 0, 0, 'Hired Engineer - OOC - Play Emote'),
(-136362, 0, 0, 0, 1, 0, 100, 0, 10000, 15000, 30000, 45000, 5, 69, 0, 0, 0, 0, 0, 1, 0, 0, 0, 0, 0, 0, 0, 'Hired Engineer - OOC - Play Emote');

UPDATE `smart_scripts` SET `action_param1` = 1 WHERE `entryorguid` = 3369600 AND `id` = 3;

DELETE FROM `smart_scripts` WHERE `entryorguid` = -136529;
INSERT INTO `smart_scripts` VALUES
(-136529, 0, 0, 0, 1, 0, 100, 0, 10000, 15000, 30000, 45000, 5, 69, 0, 0, 0, 0, 0, 1, 0, 0, 0, 0, 0, 0, 0, 'KirinTor Battle Mage - OOC - Play Emote');

UPDATE `creature` SET `position_x` = -813.62, `position_y` = -204.52, `position_z` = 429.84, `orientation` = 2.00 WHERE `guid` = 136523;

DELETE FROM `smart_scripts` WHERE `entryorguid` IN (-136523, 33672, 3367200, 3367201,3367202);
INSERT INTO `smart_scripts` VALUES
(-136523, 0, 0, 1, 1, 0, 100, 0, 0, 10000, 20000, 30000, 12, 33672, 4, 10000, 0, 0, 0, 8, 0, 0, 0, -815.22, -201.31, 429.84, 5.77, 'Kirin Tor Battle Mage - OOC - Summon Mage'),
(-136523, 0, 1, 0, 61, 0, 100, 0, 0, 0, 0, 0, 45, 1, 1, 0, 0, 0, 0, 19, 33672, 10, 0, 0, 0, 0, 0, 'Kirin Tor Battle Mage - OCC - Set Data on summoned mage'),
(-136523, 0, 2, 0, 25, 0, 100, 0, 0, 0, 0, 0, 11, 39550, 7, 0, 0, 0, 0, 1, 0, 0, 0, 0, 0, 0, 0, 'Kirin Tor Battle Mage - Reset - Cast Arcane Channeling'),

(33672,   0, 0, 0, 38, 0, 100, 0, 1, 1, 0, 0, 87, 3367200, 3367201, 3367202, 0, 0, 0, 1, 0, 0, 0, 0, 0, 0, 0, 'Kirin tor mage - On data Set - Run random script'),
(3367200, 9, 0, 0, 0,  0, 100, 0, 0, 0, 0, 0, 69, 1, 0, 0, 0, 0, 0, 8, 0, 0, 0, -820.56, -220.02, 429.84, 4.35, 'Kirin tor mage - Script - move to point'),
(3367200, 9, 1, 0, 0,  0, 100, 0, 3000, 3000, 0, 0, 5, 16, 0, 0, 0, 0, 0, 1, 0, 0, 0, 0, 0, 0, 0, 'Kirin tor mage - Script - play emote'),
(3367200, 9, 2, 0, 0,  0, 100, 0, 3000, 3000, 0, 0, 24, 0, 0, 0, 0, 0, 0, 1, 0, 0, 0, 0, 0, 0, 0, 'Kirin tor mage - Script - evade'),

(3367201, 9, 0, 0, 0,  0, 100, 0, 0, 0, 0, 0, 69, 1, 0, 0, 0, 0, 0, 8, 0, 0, 0, -814.62, -227.40, 429.84, 4.19, 'Kirin tor mage - Script - move to point'),
(3367201, 9, 1, 0, 0,  0, 100, 0, 3000, 3000, 0, 0, 5, 16, 0, 0, 0, 0, 0, 1, 0, 0, 0, 0, 0, 0, 0, 'Kirin tor mage - Script - play emote'),
(3367201, 9, 2, 0, 0,  0, 100, 0, 3000, 3000, 0, 0, 24, 0, 0, 0, 0, 0, 0, 1, 0, 0, 0, 0, 0, 0, 0, 'Kirin tor mage - Script - evade'),

(3367202, 9, 0, 0, 0,  0, 100, 0, 0, 0, 0, 0, 69, 1, 0, 0, 0, 0, 0, 8, 0, 0, 0, -818.97, -205.84, 429.84, 3.67, 'Kirin tor mage - Script - move to point'),
(3367202, 9, 1, 0, 0,  0, 100, 0, 1000, 1000, 0, 0, 5, 16, 0, 0, 0, 0, 0, 1, 0, 0, 0, 0, 0, 0, 0, 'Kirin tor mage - Script - play emote'),
(3367202, 9, 2, 0, 0,  0, 100, 0, 2000, 2000, 0, 0, 24, 0, 0, 0, 0, 0, 0, 1, 0, 0, 0, 0, 0, 0, 0, 'Kirin tor mage - Script - evade'),
(3367202, 9, 3, 0, 0,  0, 100, 0, 1000, 1000, 0, 0, 41, 0, 0, 0, 0, 0, 0, 1, 0, 0, 0, 0, 0, 0, 0, 'Kirin tor mage - Script - despawn');

UPDATE `creature_template` SET `AIName` = "SmartAI" WHERE `entry` = 33672;

DELETE FROM `creature_formations` WHERE `memberGUID` = 137557;
DELETE FROM `creature_formations` WHERE `memberGUID` = 137580;
INSERT INTO `creature_formations` VALUES
(137544, 137580, 0, 0, 3, 0, 0);
UPDATE `creature` SET `spawnMask` = 2 WHERE `guid` = 137555;

UPDATE `creature` SET `spawnMask` = 2 WHERE `guid` IN (152357,152361,152373,152364,152358,152360,152375,152365,152359,152362,152374,152363);
UPDATE creature_formations SET point_1 = 1, point_2 = 2 WHERE leaderGUID IN (137483,137484);
UPDATE `creature_addon` SET `auras` = "63007" WHERE `guid` = 137584;

DELETE FROM `creature_formations` WHERE `memberGUID` IN (137583,137561,137562,137564,137560,137582);
INSERT INTO `creature_formations` VALUES
(137544, 137583, 0, 0, 3, 0, 0),
(137544, 137561, 0, 0, 3, 0, 0),
(137559, 137562, 0, 0, 3, 0, 0),
(137559, 137564, 0, 0, 3, 0, 0),
(137543, 137560, 0, 0, 3, 0, 0),
(137543, 137582, 0, 0, 3, 0, 0);

DELETE FROM `creature_formations` WHERE `memberGUID` IN (137552,137540,137563,137555,137556,137554,137565);
DELETE FROM `creature_formations` WHERE `leaderGUID` = 137552;
INSERT INTO `creature_formations` VALUES
(137552, 137552, 0, 0, 3, 0, 0),
(137552, 137540, 0, 0, 3, 0, 0),
(137552, 137563, 0, 0, 3, 0, 0),
(137552, 137555, 0, 0, 3, 0, 0),
(137552, 137556, 0, 0, 3, 0, 0),
(137552, 137554, 0, 0, 3, 0, 0),
(137552, 137565, 0, 0, 3, 0, 0);

UPDATE `creature` SET `spawntimesecs` = 604800 WHERE `guid` BETWEEN 137560 AND 137565 OR `guid` IN (137580,137582,137583,137584);

UPDATE `smart_scripts` SET `action_param2` = 0 WHERE `entryorguid` = 33824 AND `id` = 1;
UPDATE `smart_scripts` SET `action_param2` = 0 WHERE `entryorguid` = 33823 AND `id` = 0;

UPDATE `creature_template` SET `AIName` = "SmartAI" WHERE `entry` = 33806;
UPDATE `creature_template` SET `AIName` = "", `ScriptName` = "npc_faceless_horror_ulduar" WHERE `entry` = 33772;
DELETE FROM `smart_scripts` WHERE `entryorguid` IN (33806, 33772);
INSERT INTO `smart_scripts` VALUES
(33806, 0, 0, 0, 6, 0, 100, 0, 0, 0, 0, 0, 11, 63723, 3, 0, 0, 0, 0, 1, 0, 0, 0, 0, 0, 0, 0, 'Void Beast - Cast Shadow Nova on death');


UPDATE `smart_scripts` SET `action_param2` = 0 WHERE `entryorguid` = 33824 AND `id` = 0;
UPDATE `smart_scripts` SET `action_param2` = 0 WHERE `entryorguid` = 33823 AND `id` = 1;
UPDATE `creature_template` SET `unit_class` = 4 WHERE `entry` = 33824;

DELETE FROM `creature` WHERE `guid` IN (137559, 137558,137557);
DELETE FROM `creature_formations` WHERE `memberGUID` = 137558;
DELETE FROM `creature_formations` WHERE `leaderGUID` IN (137559, 137545);
INSERT INTO `creature_formations` VALUES 
(137545, 137546, 0, 0, 3, 0, 0),
(137545, 137541, 0, 0, 3, 0, 0),
(137545, 137553, 0, 0, 3, 0, 0),
(137545, 137549, 0, 0, 3, 0, 0),
(137545, 137545, 0, 0, 3, 0, 0),
(137545, 137564, 0, 0, 3, 0, 0),
(137545, 137562, 0, 0, 3, 0, 0);

DELETE FROM `creature_formations` WHERE `leaderGUID` IN (137484, 137483);
INSERT INTO `creature_formations` VALUES
(137484, 137484, 0, 0, 3, 0, 0),
(137484, 137482, 0, 0, 3, 0, 0),
(137483, 137483, 0, 0, 3, 0, 0),
(137483, 137481, 0, 0, 3, 0, 0);

DELETE FROM `smart_scripts` WHERE `entryorguid` = 33820 AND `id` IN (3,4);
INSERT INTO `smart_scripts` VALUES
(33820, 0, 3, 0, 9, 0, 100, 0, 20, 150, 5000, 5000, 11, 64662, 0, 0, 0, 0, 0, 2, 0, 0, 0, 0, 0, 0, 0, 'Twilight Pyromancer - Cast Blink'),
(33820, 0, 4, 0, 1, 0, 100, 1, 1000, 1000, 1000, 1000, 11, 63774, 0, 0, 0, 0, 0, 1, 0, 0, 0, 0, 0, 0, 0, 'Twilight Pyromancer - Cast Summon Fire Elemental');

DELETE FROM `creature_formations` WHERE `memberGUID` IN (137481,137483,137482,137484);
DELETE FROM `waypoint_data` WHERE `id` IN (1374810,1374830,1374840,1374820);
INSERT INTO `waypoint_data` VALUES
(1374810, 2, 2121.76, -135.70, 412.29, 0, 0, 0, 0, 100, 0),
(1374810, 1, 2072.66, -94.80, 412.29, 0, 0, 0, 0, 100, 0),
(1374830, 2, 2111.70, -147.45, 412.29, 0, 0, 0, 0, 100, 0),
(1374830, 1, 2062.94, -106.14, 412.29, 0, 0, 0, 0, 100, 0),
(1374820, 2, 2139.22, -159.67, 412.29, 0, 0, 0, 0, 100, 0), -- lewy przy thorimie
(1374820, 1, 2139.27, -191.05, 412.29, 0, 0, 0, 0, 100, 0),
(1374840, 2, 2130.81, -159.77, 412.29, 0, 0, 0, 0, 100, 0), -- prawy przy thorimie
(1374840, 1, 2130.73, -191.26, 412.29, 0, 0, 0, 0, 100, 0);

UPDATE `creature` SET `spawntimesecs` = 7200 WHERE `guid` IN (137584, 152359, 152358, 152357,152364,152363,152365,152375,152374,152373,152362,152361,152360);
UPDATE `creature_template_addon` SET `auras` = "64793" WHERE `entry` = 34203;
UPDATE `creature_template` SET `AIName` = "SmartAI", `speed_run` = 0.9 WHERE `entry` = 34203;
DELETE FROM `smart_scripts` WHERE `entryorguid` = 34203;
INSERT INTO `smart_scripts` VALUES
(34203, 0, 0, 1, 25, 0, 100, 0, 0, 0, 0, 0, 11, 64785, 2, 0, 0, 0, 0, 1, 0, 0, 0, 0, 0, 0, 0, "Displacement device - on reset - cast random lightning visual");

DELETE FROM `creature` WHERE `guid` = 85236;
INSERT INTO `creature` VALUES 
(85236, 34244, 571, 1, 1, 29132, 1, 5802.15, 462.26, 660.737, 5.37561, 180, 0, 0, 1, 0, 0, 0, 0, 0);

SET @CGUID = 154204;
DELETE FROM `creature` WHERE `guid` IN (@CGUID,@CGUID+1,@CGUID+2,@CGUID+3);
INSERT INTO `creature` VALUES 
(@CGUID, 34191, 603, 2, 1, 14379, 0, 2092.19, 80.043, 412.66, 0.83, 604800, 5, 0, 88200, 0, 1, 0, 0, 0),
(@CGUID+1, 34191, 603, 2, 1, 14379, 0, 2099.12, 86.35, 412.29, 4.37, 604800, 5, 0, 88200, 0, 1, 0, 0, 0),
(@CGUID+2, 34192, 603, 2, 1, 6977, 0, 2103.81, 71.25, 412.29, 2.54, 604800, 0, 0, 20000, 0, 0, 0, 0, 0),
(@CGUID+3, 34192, 603, 2, 1, 6977, 0, 2102.51, 78.28, 412.29, 5.35, 604800, 0, 0, 20000, 0, 0, 0, 0, 0);

UPDATE `creature` SET `spawnMask` = 2 WHERE `guid` IN (136591, 136592, 136578, 136579, 136580, 136581, 136575, 136574, 136570, 136571, 136572, 136573);

UPDATE `creature_addon` SET `auras` = "67236" WHERE `guid` IN (136533,
136534,
136535,
136536,
152319,
152323,
152322,
152321,
152324,
152325,
152326,
152327,
152328,
152338,
152337,
152336,
152335,
152334,
152333,
152332,
152331,
152330,
152329,
152320,
136586,
136587,
136588,
136589,
136591,
136592);

DELETE FROM `creature_template_addon` WHERE `entry` IN (34191,34192);
INSERT INTO `creature_template_addon` VALUES
(34191, 0, 0, 0, 1, 0, '67236'),
(34192, 0, 0, 0, 1, 0, '67236');

SET @LASHER1 = 136608;
SET @LASHER2 = 136604;
SET @LASHER3 = 136606;

DELETE FROM `creature_addon` WHERE `guid` IN (@LASHER1, @LASHER2, @LASHER3);
INSERT INTO `creature_addon` VALUES
(@LASHER1, @LASHER1*10, 0, 0, 0, 0, '63007'),
(@LASHER2, @LASHER2*10, 0, 0, 0, 0, '63007'),
(@LASHER3, @LASHER3*10, 0, 0, 0, 0, '63007');

UPDATE quest_template SET RewardItemId1 = 40753 WHERE id IN (13240,13241,13243,13244);
UPDATE quest_template SET RewardItemId1 = 45624 WHERE id BETWEEN 13245 AND 13256 OR id = 14199;

SET @BGUID:= 160487;
DELETE FROM `creature` WHERE `guid` BETWEEN @BGUID + 0 AND @BGUID + 10;
INSERT INTO `creature` (`guid`, `id`, `map`, `spawnMask`, `phaseMask`, `modelid`, `equipment_id`, `position_x`, `position_y`, `position_z`, `orientation`, `spawntimesecs`, `spawndist`, `currentwaypoint`, `curhealth`, `curmana`, `MovementType`, `npcflag`, `unit_flags`, `dynamicflags`) VALUES
(@BGUID + 0 , 33571, 603, 3, 1, 11686, 0, -210.446442, -285.458801, 369.465637, 0.71, 86400, 0, 0, 12600, 0, 0, 0, 0, 0),
(@BGUID + 1 , 33571, 603, 3, 1, 11686, 0, -210.201370, -311.854492, 369.465607, 5.33, 86400, 0, 0, 12600, 0, 0, 0, 0, 0),
(@BGUID + 2 , 33571, 603, 3, 1, 11686, 0, -236.573700, -311.585846, 369.481384, 3.88, 86400, 0, 0, 12600, 0, 0, 0, 0, 0),
(@BGUID + 3 , 33571, 603, 3, 1, 11686, 0, -236.266006, -285.655884, 369.565735, 2.32, 86400, 0, 0, 12600, 0, 0, 0, 0, 0),
(@BGUID + 4 , 33571, 603, 3, 1, 11686, 0, -93.445175, 76.717529, 435.647156, 3.85, 86400, 0, 0, 12600, 0, 0, 0, 0, 0),
(@BGUID + 5 , 33571, 603, 3, 1, 11686, 0, -66.369232, 100.450722, 434.854645, 0.62, 86400, 0, 0, 12600, 0, 0, 0, 0, 0),
(@BGUID + 6 , 33571, 603, 3, 1, 11686, 0, -91.185432, 102.372002, 434.856445, 2.25, 86400, 0, 0, 12600, 0, 0, 0, 0, 0),
(@BGUID + 7 , 33571, 603, 3, 1, 11686, 0, 322.831299, 318.389313, 410.080078, 3.12, 86400, 0, 0, 12600, 0, 0, 0, 0, 0),
(@BGUID + 8 , 33571, 603, 3, 1, 11686, 0, 339.670715, 335.209259, 410.080078, 3.18, 86400, 0, 0, 12600, 0, 0, 0, 0, 0),
(@BGUID + 9 , 33571, 603, 3, 1, 11686, 0, 357.453217, 318.491821, 410.080109, 1.55, 86400, 0, 0, 12600, 0, 0, 0, 0, 0),
(@BGUID + 10, 33571, 603, 3, 1, 11686, 0, 339.995636, 301.510468, 410.080078, 4.62, 86400, 0, 0, 12600, 0, 0, 0, 0, 0);

UPDATE `creature_template` SET `AIName` = "SmartAI", `unit_flags` = `unit_flags` | 4 WHERE `entry` = 33264;
DELETE FROM `smart_scripts` WHERE `entryorguid` = 33264;
INSERT INTO `smart_scripts` VALUES
(33264, 0, 0, 0, 0, 0, 100, 0, 1500, 1500, 3500, 3500, 11, 62395, 0, 0, 0, 0, 0, 2, 0, 0, 0, 0, 0, 0, 0, "Ironwork cannon - in combat - cast flame cannon");

UPDATE item_template SET stat_value1 = 587, stat_value2 = 52, stat_value3 = 54, stat_value4 = 47, stat_value5 = 46 WHERE entry = 46017;

UPDATE `creature` SET `MovementType` = 1, `spawndist` = 5 WHERE `guid` IN (136582, 136569, 136565, 136567, 136588, 136585, 136587, 136578, 136580, 136572, 136570, 136573, 136581, 136591);

DELETE FROM `creature_formations` WHERE `leaderGUID` = 136606;
INSERT INTO `creature_formations` (`leaderGUID`, `memberGUID`, `dist`, `angle`, `groupAI`, `point_1`, `point_2`) VALUES 
(136606, 136629, 2, 340, 3, 0, 0),
(136606, 136628, 2, 0, 3, 0, 0),
(136606, 136621, 12, 0, 3, 0, 0),
(136606, 136625, 12, 20, 3, 0, 0),
(136606, 136626, 10, 40, 3, 0, 0),
(136606, 136630, 10, 300, 3, 0, 0),
(136606, 136624, 8, 320, 3, 0, 0),
(136606, 136622, 6, 300, 3, 0, 0),
(136606, 136627, 6, 20, 3, 0, 0),
(136606, 136623, 4, 60, 3, 0, 0),
(136606, 136606, 0, 0, 3, 0, 0);

SET @PATH = 19800370;
DELETE FROM `waypoint_data` WHERE `id` = @PATH;
INSERT INTO `waypoint_data` VALUES
(@PATH, 0, 2620.080, 2568.920, 372.36099, 0,0,1,0,100,0),
(@PATH, 1, 2630.689, 2523.456, 371.97922, 0,0,1,0,100,0),
(@PATH, 2, 2663.193, 2486.802, 371.97922, 0,0,1,0,100,0),
(@PATH, 3, 2691.012, 2463.832, 371.97922, 0,0,1,0,100,0),
(@PATH, 4, 2718.854, 2455.169, 371.97922, 0,0,1,0,100,0),
(@PATH, 5, 2739.849, 2454.854, 371.97922, 0,0,1,0,100,0),
(@PATH, 6, 2783.784, 2460.402, 371.97922, 0,0,1,0,100,0),
(@PATH, 7, 2811.969, 2476.816, 371.97922, 0,0,1,0,100,0),
(@PATH, 8, 2823.520, 2486.681, 371.97922, 0,0,1,0,100,0),
(@PATH, 9, 2827.121, 2493.958, 371.97922, 0,0,1,0,100,0),
(@PATH, 10, 2819.877, 2484.784, 371.97922, 0,0,1,0,100,0),
(@PATH, 11, 2790.550, 2463.607, 371.97922, 0,0,1,0,100,0),
(@PATH, 12, 2748.969, 2451.996, 371.97922, 0,0,1,0,100,0),
(@PATH, 13, 2717.699, 2455.288, 371.97922, 0,0,1,0,100,0),
(@PATH, 14, 2691.042, 2463.798, 371.97922, 0,0,1,0,100,0),
(@PATH, 15, 2660.379, 2487.080, 371.97922, 0,0,1,0,100,0),
(@PATH, 16, 2639.071, 2513.379, 371.97922, 0,0,1,0,100,0),
(@PATH, 17, 2630.565, 2531.346, 371.97922, 0,0,1,0,100,0),
(@PATH, 18, 2624.992, 2562.331, 371.97922, 0,0,1,0,100,0),
(@PATH, 19, 2627.143, 2585.528, 371.97922, 0,0,1,0,100,0),
(@PATH, 20, 2633.666, 2616.345, 371.97922, 0,0,1,0,100,0),
(@PATH, 21, 2659.119, 2652.608, 371.97922, 0,0,1,0,100,0),
(@PATH, 22, 2690.944, 2674.148, 371.97922, 0,0,1,0,100,0),
(@PATH, 23, 2708.433, 2680.736, 371.97922, 0,0,1,0,100,0),
(@PATH, 24, 2740.643, 2686.250, 371.97922, 0,0,1,0,100,0),
(@PATH, 25, 2784.378, 2679.196, 371.97922, 0,0,1,0,100,0),
(@PATH, 26, 2807.284, 2665.291, 371.97922, 0,0,1,0,100,0),
(@PATH, 27, 2823.368, 2651.789, 371.97922, 0,0,1,0,100,0),
(@PATH, 28, 2827.881, 2646.531, 371.97922, 0,0,1,0,100,0),
(@PATH, 29, 2822.923, 2654.412, 371.97922, 0,0,1,0,100,0),
(@PATH, 30, 2795.810, 2672.344, 371.97922, 0,0,1,0,100,0),
(@PATH, 31, 2782.714, 2677.292, 371.97922, 0,0,1,0,100,0),
(@PATH, 32, 2740.365, 2685.423, 371.97922, 0,0,1,0,100,0),
(@PATH, 33, 2700.183, 2678.540, 371.97922, 0,0,1,0,100,0),
(@PATH, 34, 2681.467, 2668.869, 371.97922, 0,0,1,0,100,0),
(@PATH, 35, 2654.984, 2648.012, 371.97922, 0,0,1,0,100,0),
(@PATH, 36, 2636.570, 2618.280, 371.97922, 0,0,1,0,100,0),
(@PATH, 37, 2626.873, 2585.928, 371.97922, 0,0,1,0,100,0),
(@PATH, 38, 2622.204, 2573.999, 371.97922, 0,0,1,0,100,0);

SET @PATH = 19800360;
DELETE FROM `waypoint_data` WHERE `id` = @PATH;
INSERT INTO `waypoint_data` VALUES
(@PATH, 0, 2654.940, 2654.570, 372.36099, 0,0,1,0,100,0),
(@PATH, 1, 2629.640, 2614.003, 372.07202, 0,0,1,0,100,0),
(@PATH, 2, 2620.292, 2565.903, 372.36081, 0,0,1,0,100,0),
(@PATH, 3, 2639.324, 2529.734, 371.97940, 0,0,1,0,100,0),
(@PATH, 4, 2666.494, 2480.766, 371.97940, 0,0,1,0,100,0),
(@PATH, 5, 2689.508, 2462.958, 371.97940, 0,0,1,0,100,0),
(@PATH, 6, 2740.402, 2450.039, 371.97940, 0,0,1,0,100,0),
(@PATH, 7, 2777.727, 2466.714, 371.97940, 0,0,1,0,100,0),
(@PATH, 8, 2814.926, 2490.837, 371.97940, 0,0,1,0,100,0),
(@PATH, 9, 2824.136, 2501.291, 372.08261, 0,0,1,0,100,0),
(@PATH, 10, 2818.496, 2495.450, 372.20920, 0,0,1,0,100,0),
(@PATH, 11, 2799.242, 2467.658, 371.97934, 0,0,1,0,100,0),
(@PATH, 12, 2783.300, 2456.062, 372.36087, 0,0,1,0,100,0),
(@PATH, 13, 2740.941, 2447.772, 372.36087, 0,0,1,0,100,0),
(@PATH, 14, 2695.339, 2458.086, 371.97946, 0,0,1,0,100,0),
(@PATH, 15, 2656.297, 2483.532, 372.17212, 0,0,1,0,100,0),
(@PATH, 16, 2628.351, 2522.244, 372.36087, 0,0,1,0,100,0),
(@PATH, 17, 2619.244, 2571.450, 372.36087, 0,0,1,0,100,0),
(@PATH, 18, 2628.230, 2614.882, 372.36087, 0,0,1,0,100,0),
(@PATH, 19, 2655.759, 2656.847, 372.36087, 0,0,1,0,100,0),
(@PATH, 20, 2694.160, 2681.445, 372.36087, 0,0,1,0,100,0),
(@PATH, 21, 2741.072, 2691.013, 372.36087, 0,0,1,0,100,0),
(@PATH, 22, 2792.597, 2681.357, 372.36087, 0,0,1,0,100,0),
(@PATH, 23, 2827.630, 2656.154, 372.36087, 0,0,1,0,100,0),
(@PATH, 24, 2785.466, 2683.379, 372.36087, 0,0,1,0,100,0),
(@PATH, 25, 2740.762, 2691.450, 372.36087, 0,0,1,0,100,0),
(@PATH, 26, 2694.791, 2683.342, 372.36087, 0,0,1,0,100,0),
(@PATH, 27, 2654.657, 2655.326, 372.36087, 0,0,1,0,100,0);

SET @PATH = 19800350;
DELETE FROM `waypoint_data` WHERE `id` = @PATH;
INSERT INTO `waypoint_data` VALUES
(@PATH, 0, 2743.825, 2691.431, 372.36075, 0,0,1,0,100,0),
(@PATH, 1, 2787.250, 2682.616, 372.36075, 0,0,1,0,100,0),
(@PATH, 2, 2831.733, 2652.678, 372.36075, 0,0,1,0,100,0),
(@PATH, 3, 2835.374, 2648.061, 372.36075, 0,0,1,0,100,0),
(@PATH, 4, 2826.655, 2659.001, 372.36075, 0,0,1,0,100,0),
(@PATH, 5, 2779.862, 2668.800, 372.26865, 0,0,1,0,100,0),
(@PATH, 6, 2740.729, 2675.371, 372.36078, 0,0,1,0,100,0),
(@PATH, 7, 2698.255, 2667.656, 372.02493, 0,0,1,0,100,0),
(@PATH, 8, 2663.343, 2646.391, 371.97910, 0,0,1,0,100,0),
(@PATH, 9, 2640.447, 2616.965, 371.97910, 0,0,1,0,100,0),
(@PATH, 10, 2632.549, 2590.175, 371.97910, 0,0,1,0,100,0),
(@PATH, 11, 2626.796, 2569.908, 371.97910, 0,0,1,0,100,0),
(@PATH, 12, 2626.251, 2550.106, 371.97910, 0,0,1,0,100,0),
(@PATH, 13, 2631.531, 2525.042, 371.97910, 0,0,1,0,100,0),
(@PATH, 14, 2658.363, 2484.118, 371.97910, 0,0,1,0,100,0),
(@PATH, 15, 2702.647, 2466.291, 371.97910, 0,0,1,0,100,0),
(@PATH, 16, 2736.939, 2459.962, 371.97910, 0,0,1,0,100,0),
(@PATH, 17, 2771.713, 2455.984, 371.97910, 0,0,1,0,100,0),
(@PATH, 18, 2787.172, 2461.175, 371.97910, 0,0,1,0,100,0),
(@PATH, 19, 2818.728, 2480.909, 371.97910, 0,0,1,0,100,0),
(@PATH, 20, 2828.263, 2494.142, 371.97910, 0,0,1,0,100,0),
(@PATH, 21, 2824.681, 2497.059, 371.97910, 0,0,1,0,100,0),
(@PATH, 22, 2820.076, 2493.516, 371.97910, 0,0,1,0,100,0),
(@PATH, 23, 2795.398, 2473.940, 371.97910, 0,0,1,0,100,0),
(@PATH, 24, 2780.498, 2467.136, 371.97910, 0,0,1,0,100,0),
(@PATH, 25, 2747.106, 2461.838, 371.97910, 0,0,1,0,100,0),
(@PATH, 26, 2717.583, 2454.702, 371.97910, 0,0,1,0,100,0),
(@PATH, 27, 2696.025, 2459.952, 371.97910, 0,0,1,0,100,0),
(@PATH, 28, 2658.110, 2485.094, 371.97910, 0,0,1,0,100,0),
(@PATH, 29, 2642.966, 2522.984, 371.97910, 0,0,1,0,100,0),
(@PATH, 30, 2625.167, 2567.432, 371.97910, 0,0,1,0,100,0),
(@PATH, 31, 2628.412, 2601.044, 371.97910, 0,0,1,0,100,0),
(@PATH, 32, 2632.124, 2614.604, 371.97910, 0,0,1,0,100,0),
(@PATH, 33, 2658.299, 2651.822, 371.97910, 0,0,1,0,100,0),
(@PATH, 34, 2702.071, 2670.940, 371.97910, 0,0,1,0,100,0),
(@PATH, 35, 2740.476, 2690.295, 372.27310, 0,0,1,0,100,0);


SET @PATH = 19800340;
DELETE FROM `waypoint_data` WHERE `id` = @PATH;
INSERT INTO `waypoint_data` VALUES
(@PATH, 0, 2826.610, 2654.660, 372.01599, 0,0,1,0,100,0),
(@PATH, 1, 2789.444, 2678.657, 371.97928, 0,0,1,0,100,0),
(@PATH, 2, 2740.071, 2687.675, 371.97928, 0,0,1,0,100,0),
(@PATH, 3, 2695.180, 2679.636, 371.97928, 0,0,1,0,100,0),
(@PATH, 4, 2655.368, 2653.229, 371.99203, 0,0,1,0,100,0),
(@PATH, 5, 2629.290, 2611.764, 372.03168, 0,0,1,0,100,0),
(@PATH, 6, 2623.364, 2570.190, 371.97937, 0,0,1,0,100,0),
(@PATH, 7, 2631.320, 2521.935, 371.97937, 0,0,1,0,100,0),
(@PATH, 8, 2655.064, 2485.936, 371.97952, 0,0,1,0,100,0),
(@PATH, 9, 2691.601, 2461.179, 371.97931, 0,0,1,0,100,0),
(@PATH, 10, 2736.090, 2452.161, 371.97931, 0,0,1,0,100,0),
(@PATH, 11, 2741.886, 2451.760, 371.97931, 0,0,1,0,100,0),
(@PATH, 12, 2784.411, 2458.897, 371.97931, 0,0,1,0,100,0),
(@PATH, 13, 2816.326, 2478.357, 371.97931, 0,0,1,0,100,0),
(@PATH, 14, 2824.225, 2483.283, 371.97931, 0,0,1,0,100,0),
(@PATH, 15, 2786.319, 2458.033, 371.97931, 0,0,1,0,100,0),
(@PATH, 16, 2740.550, 2449.280, 371.97913, 0,0,1,0,100,0),
(@PATH, 17, 2696.453, 2460.169, 371.97913, 0,0,1,0,100,0),
(@PATH, 18, 2659.140, 2484.034, 371.97913, 0,0,1,0,100,0),
(@PATH, 19, 2631.768, 2523.224, 371.97913, 0,0,1,0,100,0),
(@PATH, 20, 2624.003, 2562.146, 371.97913, 0,0,1,0,100,0),
(@PATH, 21, 2624.135, 2576.134, 371.97913, 0,0,1,0,100,0),
(@PATH, 22, 2631.949, 2615.040, 371.97913, 0,0,1,0,100,0),
(@PATH, 23, 2655.184, 2650.017, 371.97913, 0,0,1,0,100,0),
(@PATH, 24, 2692.625, 2677.881, 371.97913, 0,0,1,0,100,0),
(@PATH, 25, 2743.064, 2687.297, 371.97913, 0,0,1,0,100,0),
(@PATH, 26, 2782.823, 2678.109, 371.97913, 0,0,1,0,100,0),
(@PATH, 27, 2788.163, 2675.647, 371.97913, 0,0,1,0,100,0),
(@PATH, 28, 2821.594, 2656.712, 371.97913, 0,0,1,0,100,0);

SET @PATH = 19800330;
DELETE FROM `waypoint_data` WHERE `id` = @PATH;
INSERT INTO `waypoint_data` VALUES
(@PATH, 0, 2785.940, 2673.870, 371.97900, 0,0,1,0,100,0),
(@PATH, 1, 2819.638, 2650.742, 371.97900, 0,0,1,0,100,0),
(@PATH, 2, 2826.693, 2641.421, 371.97900, 0,0,1,0,100,0),
(@PATH, 3, 2820.032, 2649.538, 371.97900, 0,0,1,0,100,0),
(@PATH, 4, 2800.280, 2665.842, 371.97900, 0,0,1,0,100,0),
(@PATH, 5, 2782.322, 2674.176, 371.97900, 0,0,1,0,100,0),
(@PATH, 6, 2749.285, 2681.684, 371.97900, 0,0,1,0,100,0),
(@PATH, 7, 2742.447, 2683.184, 371.97900, 0,0,1,0,100,0),
(@PATH, 8, 2706.593, 2678.336, 371.97900, 0,0,1,0,100,0),
(@PATH, 9, 2671.878, 2659.095, 371.97900, 0,0,1,0,100,0),
(@PATH, 10, 2647.949, 2635.526, 371.97900, 0,0,1,0,100,0),
(@PATH, 11, 2633.099, 2606.017, 371.97900, 0,0,1,0,100,0),
(@PATH, 12, 2628.541, 2570.120, 371.97900, 0,0,1,0,100,0),
(@PATH, 13, 2633.154, 2534.203, 371.97900, 0,0,1,0,100,0),
(@PATH, 14, 2646.322, 2506.943, 371.97900, 0,0,1,0,100,0),
(@PATH, 15, 2660.924, 2487.396, 371.97900, 0,0,1,0,100,0),
(@PATH, 16, 2698.219, 2466.720, 371.97900, 0,0,1,0,100,0),
(@PATH, 17, 2727.186, 2457.563, 371.97900, 0,0,1,0,100,0),
(@PATH, 18, 2755.154, 2456.678, 371.97900, 0,0,1,0,100,0),
(@PATH, 19, 2784.559, 2464.008, 371.97900, 0,0,1,0,100,0),
(@PATH, 20, 2813.403, 2481.769, 371.97900, 0,0,1,0,100,0),
(@PATH, 21, 2825.351, 2494.514, 371.97900, 0,0,1,0,100,0),
(@PATH, 22, 2828.037, 2498.273, 371.97900, 0,0,1,0,100,0),
(@PATH, 23, 2820.265, 2488.090, 371.97900, 0,0,1,0,100,0),
(@PATH, 24, 2794.128, 2466.690, 371.97900, 0,0,1,0,100,0),
(@PATH, 25, 2762.661, 2457.859, 371.97900, 0,0,1,0,100,0),
(@PATH, 26, 2727.666, 2456.852, 371.97900, 0,0,1,0,100,0),
(@PATH, 27, 2696.912, 2463.898, 371.97900, 0,0,1,0,100,0),
(@PATH, 28, 2670.901, 2479.410, 371.97900, 0,0,1,0,100,0),
(@PATH, 29, 2650.355, 2498.411, 371.97900, 0,0,1,0,100,0),
(@PATH, 30, 2636.526, 2526.713, 371.97900, 0,0,1,0,100,0),
(@PATH, 31, 2630.113, 2562.290, 371.97900, 0,0,1,0,100,0),
(@PATH, 32, 2631.770, 2597.290, 371.97900, 0,0,1,0,100,0),
(@PATH, 33, 2645.223, 2633.334, 371.97900, 0,0,1,0,100,0),
(@PATH, 34, 2674.152, 2660.340, 371.97900, 0,0,1,0,100,0),
(@PATH, 35, 2709.857, 2677.470, 371.97900, 0,0,1,0,100,0),
(@PATH, 36, 2746.735, 2682.607, 371.97900, 0,0,1,0,100,0),
(@PATH, 37, 2775.407, 2677.146, 371.97900, 0,0,1,0,100,0),
(@PATH, 38, 2784.316, 2674.444, 371.97900, 0,0,1,0,100,0);


SET @PATH = 19800320;
DELETE FROM `waypoint_data` WHERE `id` = @PATH;
INSERT INTO `waypoint_data` VALUES
(@PATH, 0, 2699.380, 2674.720, 371.97900, 0,0,1,0,100,0),
(@PATH, 1, 2726.794, 2680.061, 371.97900, 0,0,1,0,100,0),
(@PATH, 2, 2750.640, 2674.138, 372.36075, 0,0,1,0,100,0),
(@PATH, 3, 2783.453, 2665.988, 372.36075, 0,0,1,0,100,0),
(@PATH, 4, 2811.754, 2645.540, 372.36075, 0,0,1,0,100,0),
(@PATH, 5, 2819.849, 2637.015, 372.36075, 0,0,1,0,100,0),
(@PATH, 6, 2810.287, 2651.669, 371.97943, 0,0,1,0,100,0),
(@PATH, 7, 2799.782, 2667.127, 371.97943, 0,0,1,0,100,0),
(@PATH, 8, 2772.548, 2673.628, 371.97943, 0,0,1,0,100,0),
(@PATH, 9, 2747.199, 2677.800, 371.97943, 0,0,1,0,100,0),
(@PATH, 10, 2722.960, 2674.239, 371.97952, 0,0,1,0,100,0),
(@PATH, 11, 2697.826, 2669.282, 371.97952, 0,0,1,0,100,0),
(@PATH, 12, 2665.689, 2648.124, 371.97952, 0,0,1,0,100,0),
(@PATH, 13, 2645.485, 2621.043, 371.97952, 0,0,1,0,100,0),
(@PATH, 14, 2642.260, 2613.591, 371.97952, 0,0,1,0,100,0),
(@PATH, 15, 2634.804, 2579.412, 371.97952, 0,0,1,0,100,0),
(@PATH, 16, 2633.684, 2568.973, 371.97952, 0,0,1,0,100,0),
(@PATH, 17, 2638.142, 2539.056, 371.97952, 0,0,1,0,100,0),
(@PATH, 18, 2641.688, 2524.285, 371.97952, 0,0,1,0,100,0),
(@PATH, 19, 2659.515, 2504.271, 372.36102, 0,0,1,0,100,0),
(@PATH, 20, 2678.472, 2482.074, 371.97934, 0,0,1,0,100,0),
(@PATH, 21, 2701.998, 2466.925, 371.97934, 0,0,1,0,100,0),
(@PATH, 22, 2736.430, 2460.646, 371.97934, 0,0,1,0,100,0),
(@PATH, 23, 2776.644, 2466.810, 371.97934, 0,0,1,0,100,0),
(@PATH, 24, 2795.309, 2473.313, 371.97934, 0,0,1,0,100,0),
(@PATH, 25, 2819.108, 2491.938, 371.97934, 0,0,1,0,100,0),
(@PATH, 26, 2790.634, 2469.612, 371.97934, 0,0,1,0,100,0),
(@PATH, 27, 2758.705, 2455.132, 371.97934, 0,0,1,0,100,0),
(@PATH, 28, 2721.290, 2456.744, 371.97934, 0,0,1,0,100,0),
(@PATH, 29, 2700.732, 2467.733, 371.97934, 0,0,1,0,100,0),
(@PATH, 30, 2662.664, 2488.133, 371.97934, 0,0,1,0,100,0),
(@PATH, 31, 2646.293, 2503.089, 371.97934, 0,0,1,0,100,0),
(@PATH, 32, 2631.457, 2529.600, 371.97934, 0,0,1,0,100,0),
(@PATH, 33, 2626.145, 2565.396, 371.97934, 0,0,1,0,100,0),
(@PATH, 34, 2630.245, 2598.997, 371.97934, 0,0,1,0,100,0),
(@PATH, 35, 2637.855, 2622.209, 371.97934, 0,0,1,0,100,0),
(@PATH, 36, 2658.574, 2648.817, 371.97934, 0,0,1,0,100,0),
(@PATH, 37, 2691.313, 2671.116, 371.97934, 0,0,1,0,100,0);


SET @PATH = 19800220;
DELETE FROM `waypoint_data` WHERE `id` = @PATH;
INSERT INTO `waypoint_data` VALUES
(@PATH, 0, 2635.927, 2613.097, 371.97900, 0,0,1,0,100,0),
(@PATH, 1, 2631.580, 2594.991, 371.97900, 0,0,1,0,100,0),
(@PATH, 2, 2626.138, 2572.325, 371.97900, 0,0,1,0,100,0),
(@PATH, 3, 2625.186, 2562.995, 371.97900, 0,0,1,0,100,0),
(@PATH, 4, 2629.201, 2534.167, 371.97900, 0,0,1,0,100,0),
(@PATH, 5, 2641.018, 2511.445, 371.97900, 0,0,1,0,100,0),
(@PATH, 6, 2654.340, 2490.910, 371.97900, 0,0,1,0,100,0),
(@PATH, 7, 2692.962, 2463.122, 371.97900, 0,0,1,0,100,0),
(@PATH, 8, 2718.837, 2456.012, 371.97900, 0,0,1,0,100,0),
(@PATH, 9, 2742.918, 2451.542, 371.97900, 0,0,1,0,100,0),
(@PATH, 10, 2782.120, 2457.750, 371.97900, 0,0,1,0,100,0),
(@PATH, 11, 2798.635, 2466.461, 371.97900, 0,0,1,0,100,0),
(@PATH, 12, 2818.488, 2480.698, 371.97900, 0,0,1,0,100,0),
(@PATH, 13, 2824.987, 2485.680, 371.97900, 0,0,1,0,100,0),
(@PATH, 14, 2798.309, 2476.952, 371.97900, 0,0,1,0,100,0),
(@PATH, 15, 2783.142, 2468.222, 371.97900, 0,0,1,0,100,0),
(@PATH, 16, 2760.670, 2461.780, 371.97900, 0,0,1,0,100,0),
(@PATH, 17, 2739.241, 2456.022, 371.97900, 0,0,1,0,100,0),
(@PATH, 18, 2710.595, 2461.254, 371.97900, 0,0,1,0,100,0),
(@PATH, 19, 2686.540, 2469.643, 371.97900, 0,0,1,0,100,0),
(@PATH, 20, 2663.164, 2490.753, 371.97900, 0,0,1,0,100,0),
(@PATH, 21, 2643.292, 2517.961, 371.97900, 0,0,1,0,100,0),
(@PATH, 22, 2639.038, 2527.556, 371.97900, 0,0,1,0,100,0),
(@PATH, 23, 2632.660, 2558.303, 371.97900, 0,0,1,0,100,0),
(@PATH, 24, 2634.896, 2594.411, 371.97900, 0,0,1,0,100,0),
(@PATH, 25, 2639.753, 2612.458, 371.97900, 0,0,1,0,100,0),
(@PATH, 26, 2660.013, 2646.462, 371.97900, 0,0,1,0,100,0),
(@PATH, 27, 2688.003, 2667.476, 371.97900, 0,0,1,0,100,0),
(@PATH, 28, 2715.712, 2679.527, 371.97900, 0,0,1,0,100,0),
(@PATH, 29, 2743.498, 2682.931, 371.97900, 0,0,1,0,100,0),
(@PATH, 30, 2772.084, 2677.436, 371.97900, 0,0,1,0,100,0),
(@PATH, 31, 2797.948, 2666.896, 371.97900, 0,0,1,0,100,0),
(@PATH, 32, 2772.474, 2678.519, 371.97900, 0,0,1,0,100,0),
(@PATH, 33, 2745.070, 2683.779, 371.97900, 0,0,1,0,100,0),
(@PATH, 34, 2720.610, 2683.199, 371.97900, 0,0,1,0,100,0),
(@PATH, 35, 2693.742, 2675.512, 371.97900, 0,0,1,0,100,0),
(@PATH, 36, 2662.891, 2654.531, 371.97900, 0,0,1,0,100,0),
(@PATH, 37, 2648.400, 2637.853, 371.97900, 0,0,1,0,100,0),
(@PATH, 38, 2637.775, 2615.869, 371.97900, 0,0,1,0,100,0);


SET @PATH = 19800210;
DELETE FROM `waypoint_data` WHERE `id` = @PATH;
INSERT INTO `waypoint_data` VALUES
(@PATH, 0, 2636.180, 2525.540, 371.97900, 0,0,1,0,100,0),
(@PATH, 1, 2629.925, 2562.316, 371.97900, 0,0,1,0,100,0),
(@PATH, 2, 2628.509, 2572.720, 371.97900, 0,0,1,0,100,0),
(@PATH, 3, 2633.553, 2599.121, 371.97900, 0,0,1,0,100,0),
(@PATH, 4, 2638.275, 2618.424, 371.97900, 0,0,1,0,100,0),
(@PATH, 5, 2655.473, 2643.330, 371.97900, 0,0,1,0,100,0),
(@PATH, 6, 2674.474, 2662.239, 371.97900, 0,0,1,0,100,0),
(@PATH, 7, 2695.374, 2675.132, 371.97900, 0,0,1,0,100,0),
(@PATH, 8, 2730.297, 2684.003, 371.97900, 0,0,1,0,100,0),
(@PATH, 9, 2760.497, 2682.548, 371.97900, 0,0,1,0,100,0),
(@PATH, 10, 2783.929, 2675.413, 371.97900, 0,0,1,0,100,0),
(@PATH, 11, 2804.940, 2665.160, 371.97900, 0,0,1,0,100,0),
(@PATH, 12, 2817.123, 2656.088, 371.97900, 0,0,1,0,100,0),
(@PATH, 13, 2830.107, 2641.126, 372.13712, 0,0,1,0,100,0),
(@PATH, 14, 2813.304, 2653.604, 371.97943, 0,0,1,0,100,0),
(@PATH, 15, 2793.230, 2667.630, 371.97943, 0,0,1,0,100,0),
(@PATH, 16, 2771.421, 2676.039, 371.97943, 0,0,1,0,100,0),
(@PATH, 17, 2745.001, 2680.543, 371.97943, 0,0,1,0,100,0),
(@PATH, 18, 2721.855, 2677.857, 371.97943, 0,0,1,0,100,0),
(@PATH, 19, 2698.146, 2671.773, 371.97943, 0,0,1,0,100,0),
(@PATH, 20, 2668.577, 2653.055, 371.97943, 0,0,1,0,100,0),
(@PATH, 21, 2648.032, 2624.767, 371.97943, 0,0,1,0,100,0),
(@PATH, 22, 2637.128, 2606.900, 371.97943, 0,0,1,0,100,0),
(@PATH, 23, 2631.795, 2580.515, 371.97943, 0,0,1,0,100,0),
(@PATH, 24, 2633.156, 2549.186, 371.97943, 0,0,1,0,100,0),
(@PATH, 25, 2640.685, 2519.829, 371.97943, 0,0,1,0,100,0),
(@PATH, 26, 2659.027, 2494.332, 371.97943, 0,0,1,0,100,0),
(@PATH, 27, 2683.485, 2476.368, 371.97943, 0,0,1,0,100,0),
(@PATH, 28, 2707.349, 2464.350, 371.97943, 0,0,1,0,100,0),
(@PATH, 29, 2737.058, 2458.478, 371.97943, 0,0,1,0,100,0),
(@PATH, 30, 2770.552, 2462.886, 371.97943, 0,0,1,0,100,0),
(@PATH, 31, 2791.399, 2470.434, 371.97943, 0,0,1,0,100,0),
(@PATH, 32, 2798.433, 2474.631, 371.97943, 0,0,1,0,100,0),
(@PATH, 33, 2785.357, 2463.000, 371.97943, 0,0,1,0,100,0),
(@PATH, 34, 2759.182, 2456.834, 371.97943, 0,0,1,0,100,0),
(@PATH, 35, 2733.583, 2454.846, 371.97943, 0,0,1,0,100,0),
(@PATH, 36, 2716.306, 2457.399, 371.97943, 0,0,1,0,100,0),
(@PATH, 37, 2704.241, 2461.909, 371.97943, 0,0,1,0,100,0),
(@PATH, 38, 2684.539, 2469.178, 371.97943, 0,0,1,0,100,0),
(@PATH, 39, 2662.273, 2488.047, 371.97943, 0,0,1,0,100,0),
(@PATH, 40, 2642.934, 2508.207, 371.97943, 0,0,1,0,100,0),
(@PATH, 41, 2637.110, 2522.513, 371.97943, 0,0,1,0,100,0);

SET @PATH = 19800200;
DELETE FROM `waypoint_data` WHERE `id` = @PATH;
INSERT INTO `waypoint_data` VALUES
(@PATH, 0, 2697.080, 2464.680, 371.97900, 0,0,1,0,100,0),
(@PATH, 1, 2739.567, 2456.920, 371.97900, 0,0,1,0,100,0),
(@PATH, 2, 2774.512, 2466.333, 371.97900, 0,0,1,0,100,0),
(@PATH, 3, 2801.834, 2484.281, 372.36084, 0,0,1,0,100,0),
(@PATH, 4, 2814.530, 2492.620, 372.36084, 0,0,1,0,100,0),
(@PATH, 5, 2778.669, 2473.145, 372.36084, 0,0,1,0,100,0),
(@PATH, 6, 2741.626, 2468.696, 372.36084, 0,0,1,0,100,0),
(@PATH, 7, 2703.600, 2474.718, 372.36084, 0,0,1,0,100,0),
(@PATH, 8, 2668.757, 2495.910, 372.36084, 0,0,1,0,100,0),
(@PATH, 9, 2644.516, 2531.651, 372.36084, 0,0,1,0,100,0),
(@PATH, 10, 2639.166, 2572.087, 372.36084, 0,0,1,0,100,0),
(@PATH, 11, 2646.000, 2606.311, 372.36084, 0,0,1,0,100,0),
(@PATH, 12, 2666.603, 2641.521, 372.36084, 0,0,1,0,100,0),
(@PATH, 13, 2707.035, 2668.894, 372.36084, 0,0,1,0,100,0),
(@PATH, 14, 2740.608, 2672.710, 372.36084, 0,0,1,0,100,0),
(@PATH, 15, 2781.027, 2666.385, 372.36084, 0,0,1,0,100,0),
(@PATH, 16, 2811.268, 2644.414, 372.36084, 0,0,1,0,100,0),
(@PATH, 17, 2778.487, 2664.218, 372.36084, 0,0,1,0,100,0),
(@PATH, 18, 2738.364, 2671.762, 372.36084, 0,0,1,0,100,0),
(@PATH, 19, 2700.272, 2667.431, 372.36084, 0,0,1,0,100,0),
(@PATH, 20, 2666.354, 2644.763, 372.36084, 0,0,1,0,100,0),
(@PATH, 21, 2642.748, 2608.691, 372.36084, 0,0,1,0,100,0),
(@PATH, 22, 2635.849, 2565.985, 372.14844, 0,0,1,0,100,0),
(@PATH, 23, 2642.920, 2525.934, 371.97928, 0,0,1,0,100,0),
(@PATH, 24, 2664.613, 2495.510, 372.36111, 0,0,1,0,100,0),
(@PATH, 25, 2700.763, 2469.959, 372.16891, 0,0,1,0,100,0),
(@PATH, 26, 2744.606, 2463.779, 372.36081, 0,0,1,0,100,0),
(@PATH, 27, 2783.607, 2470.723, 372.10236, 0,0,1,0,100,0),
(@PATH, 28, 2815.113, 2492.865, 372.36084, 0,0,1,0,100,0),
(@PATH, 29, 2775.852, 2470.121, 372.36078, 0,0,1,0,100,0),
(@PATH, 30, 2740.260, 2463.679, 372.36078, 0,0,1,0,100,0),
(@PATH, 31, 2709.954, 2462.107, 371.97943, 0,0,1,0,100,0),
(@PATH, 32, 2699.555, 2463.477, 371.97943, 0,0,1,0,100,0);

SET @PATH = 19800190;
DELETE FROM `waypoint_data` WHERE `id` = @PATH;
INSERT INTO `waypoint_data` VALUES
(@PATH, 0, 2783.890, 2463.770, 371.97900, 0,0,1,0,100,0),
(@PATH, 1, 2754.399, 2456.487, 371.97900, 0,0,1,0,100,0),
(@PATH, 2, 2740.793, 2453.502, 371.97900, 0,0,1,0,100,0),
(@PATH, 3, 2721.836, 2447.751, 372.36130, 0,0,1,0,100,0),
(@PATH, 4, 2693.229, 2453.558, 372.36130, 0,0,1,0,100,0),
(@PATH, 5, 2661.340, 2473.122, 372.36130, 0,0,1,0,100,0),
(@PATH, 6, 2652.855, 2482.806, 372.36130, 0,0,1,0,100,0),
(@PATH, 7, 2632.181, 2511.123, 372.36130, 0,0,1,0,100,0),
(@PATH, 8, 2622.521, 2533.572, 372.36130, 0,0,1,0,100,0),
(@PATH, 9, 2618.948, 2564.859, 372.36130, 0,0,1,0,100,0),
(@PATH, 10, 2619.020, 2592.892, 372.36130, 0,0,1,0,100,0),
(@PATH, 11, 2626.391, 2618.625, 372.36130, 0,0,1,0,100,0),
(@PATH, 12, 2651.216, 2652.370, 372.36130, 0,0,1,0,100,0),
(@PATH, 13, 2692.785, 2684.148, 372.36130, 0,0,1,0,100,0),
(@PATH, 14, 2724.638, 2691.082, 372.36130, 0,0,1,0,100,0),
(@PATH, 15, 2739.641, 2693.458, 372.36130, 0,0,1,0,100,0),
(@PATH, 16, 2779.989, 2687.604, 372.36130, 0,0,1,0,100,0),
(@PATH, 17, 2790.297, 2682.169, 372.36130, 0,0,1,0,100,0),
(@PATH, 18, 2829.593, 2657.026, 372.36130, 0,0,1,0,100,0),
(@PATH, 19, 2836.425, 2642.154, 372.36130, 0,0,1,0,100,0),
(@PATH, 20, 2822.404, 2633.836, 372.36130, 0,0,1,0,100,0),
(@PATH, 21, 2815.453, 2640.135, 372.36130, 0,0,1,0,100,0),
(@PATH, 22, 2779.171, 2663.288, 372.36130, 0,0,1,0,100,0),
(@PATH, 23, 2739.468, 2672.661, 372.36130, 0,0,1,0,100,0),
(@PATH, 24, 2701.999, 2664.801, 372.36130, 0,0,1,0,100,0),
(@PATH, 25, 2664.854, 2638.460, 372.36130, 0,0,1,0,100,0),
(@PATH, 26, 2647.133, 2607.005, 372.36130, 0,0,1,0,100,0),
(@PATH, 27, 2641.046, 2579.698, 372.36130, 0,0,1,0,100,0),
(@PATH, 28, 2644.262, 2540.219, 372.36130, 0,0,1,0,100,0),
(@PATH, 29, 2646.896, 2530.127, 372.36130, 0,0,1,0,100,0),
(@PATH, 30, 2670.465, 2494.036, 372.36130, 0,0,1,0,100,0),
(@PATH, 31, 2703.855, 2472.788, 372.36130, 0,0,1,0,100,0),
(@PATH, 32, 2742.858, 2465.823, 372.36130, 0,0,1,0,100,0),
(@PATH, 33, 2783.250, 2476.955, 372.36130, 0,0,1,0,100,0),
(@PATH, 34, 2811.543, 2493.469, 372.36130, 0,0,1,0,100,0),
(@PATH, 35, 2816.900, 2480.535, 371.97931, 0,0,1,0,100,0),
(@PATH, 36, 2798.445, 2468.253, 371.97931, 0,0,1,0,100,0),
(@PATH, 37, 2787.398, 2464.649, 371.97931, 0,0,1,0,100,0);

SET @PATH = 19799220;
DELETE FROM `waypoint_data` WHERE `id` = @PATH;
INSERT INTO `waypoint_data` VALUES
(@PATH, 0, 2816.810, 2493.430, 372.29117, 0,0,1,0,100,0),
(@PATH, 1, 2794.147, 2476.988, 371.97928, 0,0,1,0,100,0),
(@PATH, 2, 2782.788, 2468.803, 371.97928, 0,0,1,0,100,0),
(@PATH, 3, 2760.733, 2453.560, 371.97928, 0,0,1,0,100,0),
(@PATH, 4, 2740.981, 2453.412, 371.97928, 0,0,1,0,100,0),
(@PATH, 5, 2715.693, 2457.519, 371.97928, 0,0,1,0,100,0),
(@PATH, 6, 2695.129, 2461.778, 371.97928, 0,0,1,0,100,0),
(@PATH, 7, 2675.896, 2472.844, 371.97928, 0,0,1,0,100,0),
(@PATH, 8, 2660.685, 2483.584, 371.97928, 0,0,1,0,100,0),
(@PATH, 9, 2646.334, 2504.807, 371.97928, 0,0,1,0,100,0),
(@PATH, 10, 2634.394, 2522.082, 371.97928, 0,0,1,0,100,0),
(@PATH, 11, 2626.873, 2553.885, 371.97928, 0,0,1,0,100,0),
(@PATH, 12, 2624.512, 2570.023, 371.97928, 0,0,1,0,100,0),
(@PATH, 13, 2627.729, 2597.903, 371.97928, 0,0,1,0,100,0),
(@PATH, 14, 2634.155, 2616.639, 371.97928, 0,0,1,0,100,0),
(@PATH, 15, 2650.886, 2643.235, 371.97928, 0,0,1,0,100,0),
(@PATH, 16, 2657.972, 2652.445, 371.97928, 0,0,1,0,100,0),
(@PATH, 17, 2680.295, 2667.405, 371.97928, 0,0,1,0,100,0),
(@PATH, 18, 2696.065, 2677.430, 371.97928, 0,0,1,0,100,0),
(@PATH, 19, 2724.520, 2683.621, 371.97928, 0,0,1,0,100,0),
(@PATH, 20, 2742.852, 2686.876, 371.97928, 0,0,1,0,100,0),
(@PATH, 21, 2777.249, 2680.077, 371.97928, 0,0,1,0,100,0),
(@PATH, 22, 2785.984, 2676.659, 371.97928, 0,0,1,0,100,0),
(@PATH, 23, 2804.880, 2665.026, 371.97928, 0,0,1,0,100,0),
(@PATH, 24, 2820.571, 2655.002, 371.97928, 0,0,1,0,100,0),
(@PATH, 25, 2829.811, 2644.411, 371.97928, 0,0,1,0,100,0),
(@PATH, 26, 2821.172, 2652.390, 371.97928, 0,0,1,0,100,0),
(@PATH, 27, 2801.998, 2667.605, 371.97928, 0,0,1,0,100,0),
(@PATH, 28, 2787.802, 2675.777, 371.97928, 0,0,1,0,100,0),
(@PATH, 29, 2763.018, 2682.267, 371.97928, 0,0,1,0,100,0),
(@PATH, 30, 2744.683, 2685.791, 371.97928, 0,0,1,0,100,0),
(@PATH, 31, 2718.112, 2682.222, 371.97928, 0,0,1,0,100,0),
(@PATH, 32, 2696.619, 2676.703, 371.97928, 0,0,1,0,100,0),
(@PATH, 33, 2671.910, 2661.163, 371.97928, 0,0,1,0,100,0),
(@PATH, 34, 2657.098, 2651.844, 371.97928, 0,0,1,0,100,0),
(@PATH, 35, 2640.069, 2626.712, 371.97928, 0,0,1,0,100,0),
(@PATH, 36, 2634.158, 2616.627, 371.97928, 0,0,1,0,100,0),
(@PATH, 37, 2627.189, 2589.531, 371.97928, 0,0,1,0,100,0),
(@PATH, 38, 2624.585, 2567.567, 371.97928, 0,0,1,0,100,0),
(@PATH, 39, 2630.285, 2536.587, 371.97928, 0,0,1,0,100,0),
(@PATH, 40, 2633.458, 2524.176, 371.97928, 0,0,1,0,100,0),
(@PATH, 41, 2652.295, 2494.595, 371.97928, 0,0,1,0,100,0),
(@PATH, 42, 2659.114, 2486.610, 371.97928, 0,0,1,0,100,0),
(@PATH, 43, 2688.364, 2467.263, 371.97928, 0,0,1,0,100,0),
(@PATH, 44, 2694.215, 2463.420, 371.97928, 0,0,1,0,100,0),
(@PATH, 45, 2726.582, 2454.083, 371.97928, 0,0,1,0,100,0),
(@PATH, 46, 2742.842, 2452.799, 371.97928, 0,0,1,0,100,0),
(@PATH, 47, 2780.782, 2459.207, 371.97928, 0,0,1,0,100,0),
(@PATH, 48, 2790.498, 2463.187, 371.97928, 0,0,1,0,100,0),
(@PATH, 49, 2816.304, 2481.128, 371.97928, 0,0,1,0,100,0),
(@PATH, 50, 2830.643, 2494.795, 371.97928, 0,0,1,0,100,0),
(@PATH, 51, 2821.322, 2501.851, 372.36084, 0,0,1,0,100,0),
(@PATH, 52, 2817.403, 2496.051, 372.36084, 0,0,1,0,100,0);
SET @PATH = 3419219;
DELETE FROM `waypoint_data` WHERE `id` = @PATH;
INSERT INTO `waypoint_data` VALUES
(@PATH, 0, 2740.450, 2460.890, 371.97900, 0,0,1,0,100,0),
(@PATH, 1, 2766.608, 2466.765, 372.09186, 0,0,1,0,100,0),
(@PATH, 2, 2779.167, 2469.624, 372.24628, 0,0,1,0,100,0),
(@PATH, 3, 2806.730, 2484.138, 371.97925, 0,0,1,0,100,0),
(@PATH, 4, 2813.142, 2489.233, 371.97925, 0,0,1,0,100,0),
(@PATH, 5, 2824.360, 2501.072, 372.05707, 0,0,1,0,100,0),
(@PATH, 6, 2817.642, 2486.150, 371.97940, 0,0,1,0,100,0),
(@PATH, 7, 2799.993, 2472.727, 371.97940, 0,0,1,0,100,0),
(@PATH, 8, 2778.870, 2463.040, 371.97940, 0,0,1,0,100,0),
(@PATH, 9, 2755.895, 2458.797, 371.97940, 0,0,1,0,100,0),
(@PATH, 10, 2734.984, 2460.714, 371.97940, 0,0,1,0,100,0),
(@PATH, 11, 2711.730, 2463.708, 371.97940, 0,0,1,0,100,0),
(@PATH, 12, 2693.233, 2470.769, 371.97940, 0,0,1,0,100,0),
(@PATH, 13, 2676.057, 2484.618, 371.97940, 0,0,1,0,100,0),
(@PATH, 14, 2659.352, 2492.963, 371.97940, 0,0,1,0,100,0),
(@PATH, 15, 2647.830, 2509.021, 371.97940, 0,0,1,0,100,0),
(@PATH, 16, 2638.971, 2529.360, 371.97940, 0,0,1,0,100,0),
(@PATH, 17, 2632.844, 2555.532, 371.97940, 0,0,1,0,100,0),
(@PATH, 18, 2633.903, 2578.816, 371.97940, 0,0,1,0,100,0),
(@PATH, 19, 2637.428, 2601.858, 371.97940, 0,0,1,0,100,0),
(@PATH, 20, 2642.475, 2619.853, 371.97940, 0,0,1,0,100,0),
(@PATH, 21, 2655.243, 2639.403, 371.97940, 0,0,1,0,100,0),
(@PATH, 22, 2672.040, 2655.657, 371.97940, 0,0,1,0,100,0),
(@PATH, 23, 2692.705, 2666.669, 371.97940, 0,0,1,0,100,0),
(@PATH, 24, 2715.456, 2675.854, 371.97940, 0,0,1,0,100,0),
(@PATH, 25, 2738.448, 2679.677, 371.97940, 0,0,1,0,100,0),
(@PATH, 26, 2760.126, 2674.939, 371.97940, 0,0,1,0,100,0),
(@PATH, 27, 2780.784, 2671.167, 371.97940, 0,0,1,0,100,0),
(@PATH, 28, 2797.672, 2663.385, 371.97940, 0,0,1,0,100,0),
(@PATH, 29, 2816.691, 2649.801, 371.97940, 0,0,1,0,100,0),
(@PATH, 30, 2824.504, 2641.200, 371.97940, 0,0,1,0,100,0),
(@PATH, 31, 2816.537, 2659.414, 371.97940, 0,0,1,0,100,0),
(@PATH, 32, 2796.289, 2670.963, 371.97940, 0,0,1,0,100,0),
(@PATH, 33, 2776.250, 2677.473, 371.97940, 0,0,1,0,100,0),
(@PATH, 34, 2753.968, 2684.308, 371.97940, 0,0,1,0,100,0),
(@PATH, 35, 2734.278, 2684.664, 371.97940, 0,0,1,0,100,0),
(@PATH, 36, 2707.777, 2680.182, 371.97940, 0,0,1,0,100,0),
(@PATH, 37, 2684.390, 2669.716, 371.97940, 0,0,1,0,100,0),
(@PATH, 38, 2659.131, 2652.837, 371.97940, 0,0,1,0,100,0),
(@PATH, 39, 2646.018, 2630.751, 371.97940, 0,0,1,0,100,0),
(@PATH, 40, 2635.057, 2605.037, 371.97940, 0,0,1,0,100,0),
(@PATH, 41, 2628.397, 2575.328, 371.97940, 0,0,1,0,100,0),
(@PATH, 42, 2634.346, 2543.328, 371.97940, 0,0,1,0,100,0),
(@PATH, 43, 2641.416, 2516.235, 371.97940, 0,0,1,0,100,0),
(@PATH, 44, 2647.434, 2502.332, 371.97940, 0,0,1,0,100,0),
(@PATH, 45, 2666.683, 2482.035, 371.97940, 0,0,1,0,100,0),
(@PATH, 46, 2692.039, 2465.428, 371.97940, 0,0,1,0,100,0),
(@PATH, 47, 2719.044, 2458.102, 371.97940, 0,0,1,0,100,0),
(@PATH, 48, 2738.189, 2460.117, 371.97940, 0,0,1,0,100,0);

SET @PATH = 3419218;
DELETE FROM `waypoint_data` WHERE `id` = @PATH;
INSERT INTO `waypoint_data` VALUES
(@PATH, 0, 2665.730, 2493.910, 372.36099, 0,0,1,0,100,0),
(@PATH, 1, 2642.083, 2529.860, 372.32968, 0,0,1,0,100,0),
(@PATH, 2, 2635.251, 2559.167, 371.97925, 0,0,1,0,100,0),
(@PATH, 3, 2634.312, 2569.622, 371.97925, 0,0,1,0,100,0),
(@PATH, 4, 2638.137, 2596.090, 371.97925, 0,0,1,0,100,0),
(@PATH, 5, 2638.174, 2610.158, 371.97925, 0,0,1,0,100,0),
(@PATH, 6, 2642.592, 2623.396, 371.97925, 0,0,1,0,100,0),
(@PATH, 7, 2655.381, 2642.792, 371.97925, 0,0,1,0,100,0),
(@PATH, 8, 2668.544, 2654.302, 371.97925, 0,0,1,0,100,0),
(@PATH, 9, 2687.354, 2666.072, 371.97925, 0,0,1,0,100,0),
(@PATH, 10, 2704.320, 2673.738, 371.97925, 0,0,1,0,100,0),
(@PATH, 11, 2716.292, 2680.981, 371.97925, 0,0,1,0,100,0),
(@PATH, 12, 2738.010, 2685.176, 371.97925, 0,0,1,0,100,0),
(@PATH, 13, 2778.081, 2679.685, 371.97925, 0,0,1,0,100,0),
(@PATH, 14, 2787.555, 2672.846, 371.97925, 0,0,1,0,100,0),
(@PATH, 15, 2764.642, 2677.456, 371.97925, 0,0,1,0,100,0),
(@PATH, 16, 2739.168, 2680.734, 371.97925, 0,0,1,0,100,0),
(@PATH, 17, 2700.892, 2676.365, 371.97925, 0,0,1,0,100,0),
(@PATH, 18, 2682.612, 2672.827, 372.23630, 0,0,1,0,100,0),
(@PATH, 19, 2660.554, 2659.685, 372.36072, 0,0,1,0,100,0),
(@PATH, 20, 2643.231, 2644.167, 372.36072, 0,0,1,0,100,0),
(@PATH, 21, 2627.038, 2618.547, 372.36072, 0,0,1,0,100,0),
(@PATH, 22, 2619.635, 2591.616, 372.36072, 0,0,1,0,100,0),
(@PATH, 23, 2619.155, 2567.191, 372.36072, 0,0,1,0,100,0),
(@PATH, 24, 2627.847, 2539.325, 371.97943, 0,0,1,0,100,0),
(@PATH, 25, 2635.852, 2513.665, 372.21347, 0,0,1,0,100,0),
(@PATH, 26, 2652.878, 2485.778, 372.36081, 0,0,1,0,100,0),
(@PATH, 27, 2681.479, 2461.954, 372.36081, 0,0,1,0,100,0),
(@PATH, 28, 2697.750, 2452.796, 372.36081, 0,0,1,0,100,0),
(@PATH, 29, 2725.019, 2446.480, 372.36081, 0,0,1,0,100,0),
(@PATH, 30, 2754.185, 2447.345, 372.36081, 0,0,1,0,100,0),
(@PATH, 31, 2785.100, 2453.377, 372.36081, 0,0,1,0,100,0),
(@PATH, 32, 2807.215, 2466.347, 372.36081, 0,0,1,0,100,0),
(@PATH, 33, 2828.575, 2480.620, 372.36081, 0,0,1,0,100,0),
(@PATH, 34, 2837.620, 2492.735, 372.36081, 0,0,1,0,100,0),
(@PATH, 35, 2818.878, 2486.319, 371.97974, 0,0,1,0,100,0),
(@PATH, 36, 2800.945, 2477.739, 371.97974, 0,0,1,0,100,0),
(@PATH, 37, 2780.286, 2473.987, 372.36090, 0,0,1,0,100,0),
(@PATH, 38, 2749.255, 2468.572, 372.36090, 0,0,1,0,100,0),
(@PATH, 39, 2723.582, 2468.135, 372.36090, 0,0,1,0,100,0),
(@PATH, 40, 2696.658, 2475.719, 372.36090, 0,0,1,0,100,0),
(@PATH, 41, 2676.232, 2486.949, 372.36090, 0,0,1,0,100,0),
(@PATH, 42, 2666.274, 2493.174, 372.33356, 0,0,1,0,100,0);
SET @PATH = 3419217;
DELETE FROM `waypoint_data` WHERE `id` = @PATH;
INSERT INTO `waypoint_data` VALUES
(@PATH, 0, 2635.420, 2569.580, 372.11722, 0,0,1,0,100,0),
(@PATH, 1, 2638.180, 2556.999, 372.36084, 0,0,1,0,100,0),
(@PATH, 2, 2640.386, 2536.192, 372.14227, 0,0,1,0,100,0),
(@PATH, 3, 2642.339, 2529.470, 372.36090, 0,0,1,0,100,0),
(@PATH, 4, 2648.624, 2509.507, 371.97928, 0,0,1,0,100,0),
(@PATH, 5, 2658.872, 2491.179, 371.97928, 0,0,1,0,100,0),
(@PATH, 6, 2675.166, 2476.116, 371.97928, 0,0,1,0,100,0),
(@PATH, 7, 2690.108, 2463.129, 371.97928, 0,0,1,0,100,0),
(@PATH, 8, 2694.048, 2460.585, 371.97928, 0,0,1,0,100,0),
(@PATH, 9, 2714.193, 2454.416, 371.97928, 0,0,1,0,100,0),
(@PATH, 10, 2738.372, 2450.521, 371.97928, 0,0,1,0,100,0),
(@PATH, 11, 2759.060, 2454.131, 371.97928, 0,0,1,0,100,0),
(@PATH, 12, 2782.091, 2458.155, 371.97928, 0,0,1,0,100,0),
(@PATH, 13, 2787.580, 2460.058, 371.97928, 0,0,1,0,100,0),
(@PATH, 14, 2802.617, 2468.857, 371.97928, 0,0,1,0,100,0),
(@PATH, 15, 2823.178, 2482.307, 371.97928, 0,0,1,0,100,0),
(@PATH, 16, 2826.559, 2485.558, 371.97928, 0,0,1,0,100,0),
(@PATH, 17, 2832.061, 2493.068, 371.97928, 0,0,1,0,100,0),
(@PATH, 18, 2822.762, 2497.945, 371.97928, 0,0,1,0,100,0),
(@PATH, 19, 2818.656, 2493.934, 371.97928, 0,0,1,0,100,0),
(@PATH, 20, 2800.203, 2479.729, 371.97928, 0,0,1,0,100,0),
(@PATH, 21, 2784.756, 2469.219, 371.97928, 0,0,1,0,100,0),
(@PATH, 22, 2752.907, 2462.171, 371.97928, 0,0,1,0,100,0),
(@PATH, 23, 2743.813, 2460.176, 371.97928, 0,0,1,0,100,0),
(@PATH, 24, 2720.085, 2454.079, 371.97928, 0,0,1,0,100,0),
(@PATH, 25, 2695.169, 2459.684, 371.97928, 0,0,1,0,100,0),
(@PATH, 26, 2680.424, 2469.107, 371.97928, 0,0,1,0,100,0),
(@PATH, 27, 2662.246, 2481.819, 371.97928, 0,0,1,0,100,0),
(@PATH, 28, 2654.918, 2487.561, 371.97928, 0,0,1,0,100,0),
(@PATH, 29, 2641.021, 2509.084, 371.97928, 0,0,1,0,100,0),
(@PATH, 30, 2630.920, 2524.727, 371.97928, 0,0,1,0,100,0),
(@PATH, 31, 2627.808, 2547.828, 371.97928, 0,0,1,0,100,0),
(@PATH, 32, 2622.645, 2569.337, 371.97928, 0,0,1,0,100,0),
(@PATH, 33, 2627.990, 2593.244, 371.97928, 0,0,1,0,100,0),
(@PATH, 34, 2632.392, 2617.345, 371.97928, 0,0,1,0,100,0),
(@PATH, 35, 2648.426, 2641.820, 371.97928, 0,0,1,0,100,0),
(@PATH, 36, 2657.827, 2653.841, 371.97928, 0,0,1,0,100,0),
(@PATH, 37, 2683.931, 2671.464, 371.97928, 0,0,1,0,100,0),
(@PATH, 38, 2696.594, 2679.854, 371.97928, 0,0,1,0,100,0),
(@PATH, 39, 2740.161, 2688.595, 371.97928, 0,0,1,0,100,0),
(@PATH, 40, 2787.039, 2679.316, 371.97928, 0,0,1,0,100,0),
(@PATH, 41, 2824.969, 2654.060, 371.97928, 0,0,1,0,100,0),
(@PATH, 42, 2803.304, 2667.865, 371.97928, 0,0,1,0,100,0),
(@PATH, 43, 2787.643, 2678.064, 371.97928, 0,0,1,0,100,0),
(@PATH, 44, 2750.902, 2684.406, 371.97928, 0,0,1,0,100,0),
(@PATH, 45, 2731.104, 2677.462, 371.97928, 0,0,1,0,100,0),
(@PATH, 46, 2703.992, 2670.473, 371.97928, 0,0,1,0,100,0),
(@PATH, 47, 2699.445, 2669.325, 371.97928, 0,0,1,0,100,0),
(@PATH, 48, 2683.610, 2659.552, 371.97928, 0,0,1,0,100,0),
(@PATH, 49, 2668.215, 2648.957, 371.97928, 0,0,1,0,100,0),
(@PATH, 50, 2665.160, 2645.491, 372.04361, 0,0,1,0,100,0);
SET @PATH = 3419216;
DELETE FROM `waypoint_data` WHERE `id` = @PATH;
INSERT INTO `waypoint_data` VALUES
(@PATH, 0, 2665.170, 2645.480, 372.05008, 0,0,1,0,100,0),
(@PATH, 1, 2645.149, 2612.598, 372.36078, 0,0,1,0,100,0),
(@PATH, 2, 2637.472, 2575.136, 372.36078, 0,0,1,0,100,0),
(@PATH, 3, 2637.799, 2555.375, 372.36078, 0,0,1,0,100,0),
(@PATH, 4, 2641.894, 2533.567, 372.36078, 0,0,1,0,100,0),
(@PATH, 5, 2660.355, 2502.532, 372.36078, 0,0,1,0,100,0),
(@PATH, 6, 2675.251, 2487.710, 372.36078, 0,0,1,0,100,0),
(@PATH, 7, 2699.935, 2472.277, 372.36078, 0,0,1,0,100,0),
(@PATH, 8, 2742.141, 2464.073, 372.36078, 0,0,1,0,100,0),
(@PATH, 9, 2779.781, 2470.880, 372.36069, 0,0,1,0,100,0),
(@PATH, 10, 2803.067, 2486.317, 372.36069, 0,0,1,0,100,0),
(@PATH, 11, 2818.166, 2497.213, 372.36069, 0,0,1,0,100,0),
(@PATH, 12, 2810.965, 2489.639, 372.33282, 0,0,1,0,100,0),
(@PATH, 13, 2786.053, 2474.427, 372.36075, 0,0,1,0,100,0),
(@PATH, 14, 2779.866, 2471.151, 372.36075, 0,0,1,0,100,0),
(@PATH, 15, 2764.124, 2466.935, 372.36075, 0,0,1,0,100,0),
(@PATH, 16, 2741.223, 2462.596, 372.36075, 0,0,1,0,100,0),
(@PATH, 17, 2716.051, 2467.309, 372.33591, 0,0,1,0,100,0),
(@PATH, 18, 2702.378, 2470.313, 372.36075, 0,0,1,0,100,0),
(@PATH, 19, 2683.353, 2481.735, 372.32303, 0,0,1,0,100,0),
(@PATH, 20, 2664.092, 2494.987, 372.11792, 0,0,1,0,100,0),
(@PATH, 21, 2647.709, 2520.479, 372.35373, 0,0,1,0,100,0),
(@PATH, 22, 2643.376, 2527.429, 372.36081, 0,0,1,0,100,0),
(@PATH, 23, 2638.181, 2552.517, 372.36081, 0,0,1,0,100,0),
(@PATH, 24, 2635.839, 2571.059, 372.22375, 0,0,1,0,100,0),
(@PATH, 25, 2639.113, 2596.448, 372.10587, 0,0,1,0,100,0),
(@PATH, 26, 2642.167, 2610.110, 372.24957, 0,0,1,0,100,0),
(@PATH, 27, 2660.081, 2637.357, 372.18207, 0,0,1,0,100,0),
(@PATH, 28, 2665.713, 2644.858, 372.36078, 0,0,1,0,100,0),
(@PATH, 29, 2684.834, 2658.190, 372.20599, 0,0,1,0,100,0),
(@PATH, 30, 2701.290, 2669.344, 371.97940, 0,0,1,0,100,0),
(@PATH, 31, 2726.552, 2673.596, 372.24899, 0,0,1,0,100,0),
(@PATH, 32, 2743.922, 2676.239, 372.14417, 0,0,1,0,100,0),
(@PATH, 33, 2768.023, 2671.517, 372.11313, 0,0,1,0,100,0),
(@PATH, 34, 2782.779, 2667.913, 372.29422, 0,0,1,0,100,0),
(@PATH, 35, 2803.776, 2653.111, 372.36011, 0,0,1,0,100,0),
(@PATH, 36, 2815.870, 2646.059, 372.20117, 0,0,1,0,100,0),
(@PATH, 37, 2798.831, 2656.136, 372.36084, 0,0,1,0,100,0),
(@PATH, 38, 2780.429, 2668.537, 372.33310, 0,0,1,0,100,0),
(@PATH, 39, 2749.792, 2675.471, 371.97943, 0,0,1,0,100,0),
(@PATH, 40, 2742.794, 2675.664, 372.36084, 0,0,1,0,100,0),
(@PATH, 41, 2727.780, 2673.387, 372.36084, 0,0,1,0,100,0),
(@PATH, 42, 2703.761, 2668.558, 372.36084, 0,0,1,0,100,0),
(@PATH, 43, 2688.823, 2659.447, 372.36084, 0,0,1,0,100,0),
(@PATH, 44, 2669.093, 2647.034, 372.36084, 0,0,1,0,100,0),
(@PATH, 45, 2665.123, 2644.537, 372.27148, 0,0,1,0,100,0);

SET @PATH = 3419212;
DELETE FROM `waypoint_data` WHERE `id` = @PATH;
INSERT INTO `waypoint_data` VALUES
(@PATH, 1, 2695.920, 2677.580, 371.97900, 0, 0, 0, 0, 100, 0),
(@PATH, 2, 2746.251, 2686.886, 371.97900, 0, 0, 0, 0, 100, 0),
(@PATH, 3, 2787.815, 2671.499, 371.97900, 0, 0, 0, 0, 100, 0),
(@PATH, 4, 2825.276, 2652.530, 371.97900, 0, 0, 0, 0, 100, 0),
(@PATH, 5, 2779.559, 2676.267, 371.97900, 0, 0, 0, 0, 100, 0),
(@PATH, 6, 2748.575, 2686.468, 371.97900, 0, 0, 0, 0, 100, 0),
(@PATH, 7, 2698.052, 2677.807, 371.97900, 0, 0, 0, 0, 100, 0),
(@PATH, 8, 2655.657, 2648.942, 371.97900, 0, 0, 0, 0, 100, 0),
(@PATH, 9, 2632.094, 2608.558, 371.97900, 0, 0, 0, 0, 100, 0),
(@PATH, 10, 2625.642, 2564.882, 371.97900, 0, 0, 0, 0, 100, 0),
(@PATH, 11, 2636.998, 2519.594, 371.97900, 0, 0, 0, 0, 100, 0),
(@PATH, 12, 2663.644, 2484.104, 371.97900, 0, 0, 0, 0, 100, 0),
(@PATH, 13, 2696.522, 2462.050, 371.97900, 0, 0, 0, 0, 100, 0),
(@PATH, 14, 2744.645, 2453.074, 371.97900, 0, 0, 0, 0, 100, 0),
(@PATH, 15, 2785.621, 2462.911, 371.97900, 0, 0, 0, 0, 100, 0),
(@PATH, 16, 2809.558, 2481.251, 371.97900, 0, 0, 0, 0, 100, 0),
(@PATH, 17, 2770.820, 2455.313, 371.97900, 0, 0, 0, 0, 100, 0),
(@PATH, 18, 2738.156, 2452.981, 371.97900, 0, 0, 0, 0, 100, 0),
(@PATH, 19, 2690.852, 2464.925, 371.97900, 0, 0, 0, 0, 100, 0),
(@PATH, 20, 2654.440, 2494.122, 371.97900, 0, 0, 0, 0, 100, 0),
(@PATH, 21, 2627.237, 2537.324, 372.01685, 0, 0, 0, 0, 100, 0),
(@PATH, 22, 2623.741, 2569.721, 371.97940, 0, 0, 0, 0, 100, 0),
(@PATH, 23, 2634.355, 2615.103, 371.97940, 0, 0, 0, 0, 100, 0),
(@PATH, 24, 2660.243, 2647.149, 371.97916, 0, 0, 0, 0, 100, 0);

SET @PATH = 3419211;
DELETE FROM `waypoint_data` WHERE `id` = @PATH;
INSERT INTO `waypoint_data` VALUES
(@PATH, 1, 2633.260, 2613.820, 371.97900, 0,0,1,0,100,0),
(@PATH, 2, 2631.850, 2569.489, 371.97900, 0,0,1,0,100,0),
(@PATH, 3, 2635.149, 2525.449, 371.97900, 0,0,1,0,100,0),
(@PATH, 4, 2655.589, 2500.054, 371.97900, 0,0,1,0,100,0),
(@PATH, 5, 2678.071, 2476.619, 371.97900, 0,0,1,0,100,0),
(@PATH, 6, 2704.768, 2462.622, 371.97900, 0,0,1,0,100,0),
(@PATH, 7, 2741.417, 2456.015, 371.97900, 0,0,1,0,100,0),
(@PATH, 8, 2777.593, 2464.806, 371.97900, 0,0,1,0,100,0),
(@PATH, 9, 2796.745, 2473.247, 371.97900, 0,0,1,0,100,0),
(@PATH, 10, 2782.992, 2464.613, 371.97900,0,0,1,0,100,0),
(@PATH, 11, 2737.386, 2455.970, 371.97900,0,0,1,0,100,0),
(@PATH, 12, 2703.530, 2463.993, 371.97900,0,0,1,0,100,0),
(@PATH, 13, 2662.587, 2490.063, 371.97900,0,0,1,0,100,0),
(@PATH, 14, 2639.077, 2524.830, 371.97900,0,0,1,0,100,0),
(@PATH, 15, 2634.961, 2557.173, 371.97900,0,0,1,0,100,0),
(@PATH, 16, 2632.406, 2599.094, 371.97900,0,0,1,0,100,0),
(@PATH, 17, 2653.466, 2632.411, 371.97900,0,0,1,0,100,0),
(@PATH, 18, 2675.785, 2664.977, 371.97900,0,0,1,0,100,0),
(@PATH, 19, 2710.321, 2679.079, 371.97900,0,0,1,0,100,0),
(@PATH, 20, 2749.665, 2682.341, 371.97900,0,0,1,0,100,0),
(@PATH, 21, 2783.549, 2673.242, 371.97900,0,0,1,0,100,0),
(@PATH, 22, 2816.363, 2655.385, 371.97900,0,0,1,0,100,0),
(@PATH, 23, 2781.601, 2674.101, 371.97900,0,0,1,0,100,0),
(@PATH, 24, 2745.269, 2682.794, 371.97900,0,0,1,0,100,0),
(@PATH, 25, 2722.011, 2680.411, 371.97900,0,0,1,0,100,0),
(@PATH, 26, 2684.312, 2668.294, 371.97900,0,0,1,0,100,0),
(@PATH, 27, 2653.233, 2640.261, 371.97900,0,0,1,0,100,0),
(@PATH, 28, 2638.183, 2619.532, 371.97900,0,0,1,0,100,0);
SET @PATH = 3419213;
DELETE FROM `waypoint_data` WHERE `id` = @PATH;
INSERT INTO `waypoint_data` VALUES
(@PATH, 0, 2786.600, 2676.500, 371.97900, 0,0,1,0,100,0),
(@PATH, 1, 2800.483, 2667.888, 371.97900, 0,0,1,0,100,0),
(@PATH, 2, 2820.541, 2653.839, 371.97900, 0,0,1,0,100,0),
(@PATH, 3, 2796.918, 2670.804, 371.97900, 0,0,1,0,100,0),
(@PATH, 4, 2784.432, 2677.135, 371.97900, 0,0,1,0,100,0),
(@PATH, 5, 2751.221, 2683.415, 371.97900, 0,0,1,0,100,0),
(@PATH, 6, 2721.344, 2678.550, 371.97900, 0,0,1,0,100,0),
(@PATH, 7, 2695.209, 2668.442, 371.97900, 0,0,1,0,100,0),
(@PATH, 8, 2666.211, 2648.776, 371.97900, 0,0,1,0,100,0),
(@PATH, 9, 2646.781, 2622.593, 371.97900, 0,0,1,0,100,0),
(@PATH, 10, 2637.229, 2606.626, 371.97900, 0,0,1,0,100,0),
(@PATH, 11, 2633.178, 2571.918, 371.97900, 0,0,1,0,100,0),
(@PATH, 12, 2639.013, 2537.468, 371.97900, 0,0,1,0,100,0),
(@PATH, 13, 2658.395, 2512.734, 372.36090, 0,0,1,0,100,0),
(@PATH, 14, 2676.204, 2492.640, 372.36090, 0,0,1,0,100,0),
(@PATH, 15, 2703.975, 2475.569, 372.36090, 0,0,1,0,100,0),
(@PATH, 16, 2735.795, 2468.510, 372.36090, 0,0,1,0,100,0),
(@PATH, 17, 2774.730, 2474.217, 372.36090, 0,0,1,0,100,0),
(@PATH, 18, 2802.334, 2489.255, 372.36090, 0,0,1,0,100,0),
(@PATH, 19, 2768.929, 2457.363, 371.97937, 0,0,1,0,100,0),
(@PATH, 20, 2739.263, 2451.156, 371.97937, 0,0,1,0,100,0),
(@PATH, 21, 2698.502, 2461.114, 371.97937, 0,0,1,0,100,0),
(@PATH, 22, 2663.751, 2492.066, 371.97937, 0,0,1,0,100,0),
(@PATH, 23, 2634.112, 2526.496, 371.97937, 0,0,1,0,100,0),
(@PATH, 24, 2632.163, 2561.440, 371.97937, 0,0,1,0,100,0),
(@PATH, 25, 2633.251, 2610.498, 371.97937, 0,0,1,0,100,0),
(@PATH, 26, 2658.750, 2651.024, 371.97937, 0,0,1,0,100,0),
(@PATH, 27, 2700.489, 2676.825, 371.97937, 0,0,1,0,100,0),
(@PATH, 28, 2737.778, 2679.423, 371.97937, 0,0,1,0,100,0),
(@PATH, 29, 2775.017, 2679.129, 371.97937, 0,0,1,0,100,0),
(@PATH, 30, 2785.254, 2676.794, 371.97937, 0,0,1,0,100,0);
SET @PATH = 3419214;
DELETE FROM `waypoint_data` WHERE `id` = @PATH;
INSERT INTO `waypoint_data` VALUES
(@PATH, 0, 2817.050, 2645.460, 372.13101, 0,0,1,0,100,0),
(@PATH, 1, 2782.199, 2666.669, 372.36053, 0,0,1,0,100,0),
(@PATH, 2, 2743.795, 2683.278, 371.97943, 0,0,1,0,100,0),
(@PATH, 3, 2699.779, 2678.488, 371.97943, 0,0,1,0,100,0),
(@PATH, 4, 2680.307, 2674.503, 372.36118, 0,0,1,0,100,0),
(@PATH, 5, 2654.930, 2654.008, 372.34024, 0,0,1,0,100,0),
(@PATH, 6, 2629.051, 2616.761, 372.36124, 0,0,1,0,100,0),
(@PATH, 7, 2618.070, 2566.831, 372.36124, 0,0,1,0,100,0),
(@PATH, 8, 2627.417, 2523.460, 372.36124, 0,0,1,0,100,0),
(@PATH, 9, 2654.485, 2482.702, 372.36124, 0,0,1,0,100,0),
(@PATH, 10, 2698.128, 2455.860, 372.36087, 0,0,1,0,100,0),
(@PATH, 11, 2742.809, 2447.314, 372.36087, 0,0,1,0,100,0),
(@PATH, 12, 2784.677, 2457.531, 371.97949, 0,0,1,0,100,0),
(@PATH, 13, 2814.948, 2477.301, 371.97949, 0,0,1,0,100,0),
(@PATH, 14, 2825.308, 2484.832, 371.97949, 0,0,1,0,100,0),
(@PATH, 15, 2831.744, 2493.128, 371.97949, 0,0,1,0,100,0),
(@PATH, 16, 2818.122, 2486.567, 371.97949, 0,0,1,0,100,0),
(@PATH, 17, 2783.004, 2468.074, 371.97949, 0,0,1,0,100,0),
(@PATH, 18, 2745.296, 2460.457, 371.97949, 0,0,1,0,100,0),
(@PATH, 19, 2703.647, 2467.348, 371.97949, 0,0,1,0,100,0),
(@PATH, 20, 2667.168, 2491.145, 371.97949, 0,0,1,0,100,0),
(@PATH, 21, 2640.433, 2529.249, 371.97983, 0,0,1,0,100,0),
(@PATH, 22, 2634.158, 2571.936, 371.97983, 0,0,1,0,100,0),
(@PATH, 23, 2641.025, 2609.804, 371.97983, 0,0,1,0,100,0),
(@PATH, 24, 2662.135, 2644.523, 371.97983, 0,0,1,0,100,0),
(@PATH, 25, 2695.728, 2667.647, 371.97983, 0,0,1,0,100,0),
(@PATH, 26, 2739.698, 2678.839, 371.97983, 0,0,1,0,100,0),
(@PATH, 27, 2778.494, 2670.661, 371.97983, 0,0,1,0,100,0),
(@PATH, 28, 2815.105, 2650.441, 371.97983, 0,0,1,0,100,0);

SET @PATH = 3419215;
DELETE FROM `waypoint_data` WHERE `id` = @PATH;
INSERT INTO `waypoint_data` VALUES
(@PATH, 0, 2740.637, 2676.965, 372.00623, 0,0,1,0,100,0),
(@PATH, 1, 2778.554, 2670.328, 371.98053, 0,0,1,0,100,0),
(@PATH, 2, 2800.556, 2659.690, 371.97931, 0,0,1,0,100,0),
(@PATH, 3, 2823.081, 2645.151, 371.97931, 0,0,1,0,100,0),
(@PATH, 4, 2802.506, 2665.817, 371.97931, 0,0,1,0,100,0),
(@PATH, 5, 2787.512, 2678.761, 371.97931, 0,0,1,0,100,0),
(@PATH, 6, 2755.574, 2685.923, 371.97931, 0,0,1,0,100,0),
(@PATH, 7, 2729.281, 2680.692, 371.97931, 0,0,1,0,100,0),
(@PATH, 8, 2695.111, 2673.126, 371.97931, 0,0,1,0,100,0),
(@PATH, 9, 2666.943, 2654.165, 371.97931, 0,0,1,0,100,0),
(@PATH, 10, 2643.461, 2626.680, 371.97931, 0,0,1,0,100,0),
(@PATH, 11, 2633.285, 2603.241, 371.97931, 0,0,1,0,100,0),
(@PATH, 12, 2629.395, 2581.324, 371.97931, 0,0,1,0,100,0),
(@PATH, 13, 2629.823, 2553.373, 371.97931, 0,0,1,0,100,0),
(@PATH, 14, 2637.855, 2524.050, 371.97931, 0,0,1,0,100,0),
(@PATH, 15, 2656.872, 2494.923, 371.97931, 0,0,1,0,100,0),
(@PATH, 16, 2688.756, 2469.764, 371.97931, 0,0,1,0,100,0),
(@PATH, 17, 2721.944, 2459.134, 371.97931, 0,0,1,0,100,0),
(@PATH, 18, 2748.416, 2455.396, 371.97931, 0,0,1,0,100,0),
(@PATH, 19, 2776.969, 2461.374, 371.97931, 0,0,1,0,100,0),
(@PATH, 20, 2799.907, 2472.784, 371.97931, 0,0,1,0,100,0),
(@PATH, 21, 2819.008, 2486.085, 371.97931, 0,0,1,0,100,0),
(@PATH, 22, 2822.760, 2490.521, 371.97931, 0,0,1,0,100,0),
(@PATH, 23, 2816.036, 2485.845, 371.97931, 0,0,1,0,100,0),
(@PATH, 24, 2798.952, 2471.692, 371.97931, 0,0,1,0,100,0),
(@PATH, 25, 2770.330, 2461.579, 371.97931, 0,0,1,0,100,0),
(@PATH, 26, 2744.323, 2455.315, 371.97931, 0,0,1,0,100,0),
(@PATH, 27, 2715.617, 2460.193, 371.97931, 0,0,1,0,100,0),
(@PATH, 28, 2690.410, 2469.332, 371.97931, 0,0,1,0,100,0),
(@PATH, 29, 2665.585, 2486.843, 371.97931, 0,0,1,0,100,0),
(@PATH, 30, 2647.546, 2508.024, 371.97931, 0,0,1,0,100,0),
(@PATH, 31, 2633.670, 2536.081, 371.97931, 0,0,1,0,100,0),
(@PATH, 32, 2629.611, 2564.948, 371.97931, 0,0,1,0,100,0),
(@PATH, 33, 2631.316, 2589.387, 371.97931, 0,0,1,0,100,0),
(@PATH, 34, 2638.370, 2615.166, 371.97931, 0,0,1,0,100,0),
(@PATH, 35, 2646.954, 2634.307, 371.97931, 0,0,1,0,100,0),
(@PATH, 36, 2664.795, 2651.077, 371.97931, 0,0,1,0,100,0),
(@PATH, 37, 2689.177, 2669.057, 371.97931, 0,0,1,0,100,0),
(@PATH, 38, 2714.296, 2678.175, 371.97931, 0,0,1,0,100,0),
(@PATH, 39, 2736.178, 2681.809, 371.97931, 0,0,1,0,100,0),
(@PATH, 40, 2739.836, 2678.873, 371.97931, 0,0,1,0,100,0);

