DELETE FROM `creature_template` WHERE `creature_template`.`entry` = 96000;
DELETE FROM `creature_template` WHERE `creature_template`.`entry` = 96001;
DELETE FROM `creature_template` WHERE `creature_template`.`entry` = 96002;
DELETE FROM `creature_template` WHERE `creature_template`.`entry` = 96003;
DELETE FROM `creature_template` WHERE `creature_template`.`entry` = 96004;
DELETE FROM `creature_template` WHERE `creature_template`.`entry` = 96005;
DELETE FROM `creature_template` WHERE `creature_template`.`entry` = 96006;
DELETE FROM `creature_template` WHERE `creature_template`.`entry` = 96007;
DELETE FROM `creature_template` WHERE `creature_template`.`entry` = 96008;
DELETE FROM `creature_template` WHERE `creature_template`.`entry` = 96009;
DELETE FROM `creature_template` WHERE `creature_template`.`entry` = 96010;
DELETE FROM `creature_template` WHERE `creature_template`.`entry` = 96011;
DELETE FROM `creature_template` WHERE `creature_template`.`entry` = 96012;

INSERT INTO `creature_template` (`entry`, `difficulty_entry_1`, `difficulty_entry_2`, `difficulty_entry_3`, `KillCredit1`, `KillCredit2`, `modelid1`, `modelid2`, `modelid3`, `modelid4`, `name`, `subname`, `IconName`, `gossip_menu_id`, `minlevel`, `maxlevel`, `exp`, `faction`, `npcflag`, `speed_walk`, `speed_run`, `scale`, `rank`, `mindmg`, `maxdmg`, `dmgschool`, `attackpower`, `dmg_multiplier`, `baseattacktime`, `rangeattacktime`, `unit_class`, `unit_flags`, `unit_flags2`, `dynamicflags`, `family`, `trainer_type`, `trainer_spell`, `trainer_class`, `trainer_race`, `minrangedmg`, `maxrangedmg`, `rangedattackpower`, `type`, `type_flags`, `lootid`, `pickpocketloot`, `skinloot`, `resistance1`, `resistance2`, `resistance3`, `resistance4`, `resistance5`, `resistance6`, `spell1`, `spell2`, `spell3`, `spell4`, `spell5`, `spell6`, `spell7`, `spell8`, `PetSpellDataId`, `VehicleId`, `mingold`, `maxgold`, `AIName`, `MovementType`, `InhabitType`, `HoverHeight`, `Health_mod`, `Mana_mod`, `Armor_mod`, `RacialLeader`, `questItem1`, `questItem2`, `questItem3`, `questItem4`, `questItem5`, `questItem6`, `movementId`, `RegenHealth`, `mechanic_immune_mask`, `flags_extra`, `ScriptName`, `VerifiedBuild`) VALUES
(96000, 0, 0, 0, 0, 0, 28149, 28149, 28149, 28149, 'Violet Lorekeeper', '', '', 0, 1, 1, 0, 35, 3, 1, 1.14286, 1, 0, 0, 0, 0, 0, 1, 2000, 2000, 1, 2, 2048, 0, 0, 0, 0, 0, 0, 0, 0, 0, 7, 0, 0, 0, 0, 0, 0, 0, 0, 0, 0, 0, 0, 0, 0, 0, 0, 0, 0, 0, 0, 0, 0, '', 0, 5, 1, 1, 1, 1, 0, 0, 0, 0, 0, 0, 0, 0, 1, 0, 2, 'npc_lore', 12340),
(96001, 0, 0, 0, 0, 0, 27886, 27886, 27886, 27886, 'Violet Lorekeeper', '', '', 0, 1, 1, 0, 35, 3, 1, 1.14286, 1, 0, 0, 0, 0, 0, 1, 2000, 2000, 1, 2, 2048, 0, 0, 0, 0, 0, 0, 0, 0, 0, 7, 0, 0, 0, 0, 0, 0, 0, 0, 0, 0, 0, 0, 0, 0, 0, 0, 0, 0, 0, 0, 0, 0, '', 0, 5, 1, 1, 1, 1, 0, 0, 0, 0, 0, 0, 0, 0, 1, 0, 2, 'npc_lore', 12340),
(96002, 0, 0, 0, 0, 0, 28173, 28173, 28173, 28173, 'Violet Lorekeeper', '', '', 0, 1, 1, 0, 35, 3, 1, 1.14286, 1, 0, 0, 0, 0, 0, 1, 2000, 2000, 1, 2, 2048, 0, 0, 0, 0, 0, 0, 0, 0, 0, 7, 0, 0, 0, 0, 0, 0, 0, 0, 0, 0, 0, 0, 0, 0, 0, 0, 0, 0, 0, 0, 0, 0, '', 0, 5, 1, 1, 1, 1, 0, 0, 0, 0, 0, 0, 0, 0, 1, 0, 2, 'npc_lore', 12340),
(96003, 0, 0, 0, 0, 0, 28177, 28177, 28177, 28177, 'Violet Lorekeeper', '', '', 0, 1, 1, 0, 35, 3, 1, 1.14286, 1, 0, 0, 0, 0, 0, 1, 2000, 2000, 1, 2, 2048, 0, 0, 0, 0, 0, 0, 0, 0, 0, 7, 0, 0, 0, 0, 0, 0, 0, 0, 0, 0, 0, 0, 0, 0, 0, 0, 0, 0, 0, 0, 0, 0, '', 0, 5, 1, 1, 1, 1, 0, 0, 0, 0, 0, 0, 0, 0, 1, 0, 2, 'npc_lore', 12340),
(96004, 0, 0, 0, 0, 0, 27944, 27944, 27944, 27944, 'Violet Lorekeeper', '', '', 0, 1, 1, 0, 35, 3, 1, 1.14286, 1, 0, 0, 0, 0, 0, 1, 2000, 2000, 1, 2, 2048, 0, 0, 0, 0, 0, 0, 0, 0, 0, 7, 0, 0, 0, 0, 0, 0, 0, 0, 0, 0, 0, 0, 0, 0, 0, 0, 0, 0, 0, 0, 0, 0, '', 0, 5, 1, 1, 1, 1, 0, 0, 0, 0, 0, 0, 0, 0, 1, 0, 2, 'npc_lore', 12340),
(96005, 0, 0, 0, 0, 0, 27944, 27944, 27944, 27944, 'Violet Lorekeeper', '', '', 0, 1, 1, 0, 35, 3, 1, 1.14286, 1, 0, 0, 0, 0, 0, 1, 2000, 2000, 1, 2, 2048, 0, 0, 0, 0, 0, 0, 0, 0, 0, 7, 0, 0, 0, 0, 0, 0, 0, 0, 0, 0, 0, 0, 0, 0, 0, 0, 0, 0, 0, 0, 0, 0, '', 0, 5, 1, 1, 1, 1, 0, 0, 0, 0, 0, 0, 0, 0, 1, 0, 2, 'npc_lore', 12340),
(96006, 0, 0, 0, 0, 0, 28172, 28172, 28172, 28172, 'Violet Lorekeeper', '', '', 0, 1, 1, 0, 35, 3, 1, 1.14286, 1, 0, 0, 0, 0, 0, 1, 2000, 2000, 1, 2, 2048, 0, 0, 0, 0, 0, 0, 0, 0, 0, 7, 0, 0, 0, 0, 0, 0, 0, 0, 0, 0, 0, 0, 0, 0, 0, 0, 0, 0, 0, 0, 0, 0, '', 0, 5, 1, 1, 1, 1, 0, 0, 0, 0, 0, 0, 0, 0, 1, 0, 2, 'npc_lore', 12340),
(96007, 0, 0, 0, 0, 0, 28174, 28174, 28174, 28174, 'Violet Lorekeeper', '', '', 0, 1, 1, 0, 35, 3, 1, 1.14286, 1, 0, 0, 0, 0, 0, 1, 2000, 2000, 1, 2, 2048, 0, 0, 0, 0, 0, 0, 0, 0, 0, 7, 0, 0, 0, 0, 0, 0, 0, 0, 0, 0, 0, 0, 0, 0, 0, 0, 0, 0, 0, 0, 0, 0, '', 0, 5, 1, 1, 1, 1, 0, 0, 0, 0, 0, 0, 0, 0, 1, 0, 2, 'npc_lore', 12340),
(96008, 0, 0, 0, 0, 0, 28153, 28153, 28153, 28153, 'Violet Lorekeeper', '', '', 0, 1, 1, 0, 35, 3, 1, 1.14286, 1, 0, 0, 0, 0, 0, 1, 2000, 2000, 1, 2, 2048, 0, 0, 0, 0, 0, 0, 0, 0, 0, 7, 0, 0, 0, 0, 0, 0, 0, 0, 0, 0, 0, 0, 0, 0, 0, 0, 0, 0, 0, 0, 0, 0, '', 0, 5, 1, 1, 1, 1, 0, 0, 0, 0, 0, 0, 0, 0, 1, 0, 2, 'npc_lore', 12340),
(96009, 0, 0, 0, 0, 0, 23337, 23337, 23337, 23337, 'Violet Lorekeeper', '', '', 0, 1, 1, 0, 35, 3, 1, 1.14286, 1, 0, 0, 0, 0, 0, 1, 2000, 2000, 1, 2, 2048, 0, 0, 0, 0, 0, 0, 0, 0, 0, 7, 0, 0, 0, 0, 0, 0, 0, 0, 0, 0, 0, 0, 0, 0, 0, 0, 0, 0, 0, 0, 0, 0, '', 0, 5, 1, 1, 1, 1, 0, 0, 0, 0, 0, 0, 0, 0, 1, 0, 2, 'npc_lore', 12340),
(96010, 0, 0, 0, 0, 0, 28161, 28161, 28161, 28161, 'Violet Lorekeeper', '', '', 0, 1, 1, 0, 35, 3, 1, 1.14286, 1, 0, 0, 0, 0, 0, 1, 2000, 2000, 1, 2, 2048, 0, 0, 0, 0, 0, 0, 0, 0, 0, 7, 0, 0, 0, 0, 0, 0, 0, 0, 0, 0, 0, 0, 0, 0, 0, 0, 0, 0, 0, 0, 0, 0, '', 0, 5, 1, 1, 1, 1, 0, 0, 0, 0, 0, 0, 0, 0, 1, 0, 2, 'npc_lore', 12340),
(96011, 0, 0, 0, 0, 0, 24916, 24916, 24916, 24916, 'Violet Lorekeeper', '', '', 0, 1, 1, 0, 35, 3, 1, 1.14286, 1, 0, 0, 0, 0, 0, 1, 2000, 2000, 1, 2, 2048, 0, 0, 0, 0, 0, 0, 0, 0, 0, 7, 0, 0, 0, 0, 0, 0, 0, 0, 0, 0, 0, 0, 0, 0, 0, 0, 0, 0, 0, 0, 0, 0, '', 0, 5, 1, 1, 1, 1, 0, 0, 0, 0, 0, 0, 0, 0, 1, 0, 2, 'npc_lore', 12340);

DELETE FROM `creature` WHERE `creature`.`id` = 96000;
DELETE FROM `creature` WHERE `creature`.`id` = 96001;
DELETE FROM `creature` WHERE `creature`.`id` = 96002;
DELETE FROM `creature` WHERE `creature`.`id` = 96003;
DELETE FROM `creature` WHERE `creature`.`id` = 96004;
DELETE FROM `creature` WHERE `creature`.`id` = 96005;
DELETE FROM `creature` WHERE `creature`.`id` = 96006;
DELETE FROM `creature` WHERE `creature`.`id` = 96007;
DELETE FROM `creature` WHERE `creature`.`id` = 96008;
DELETE FROM `creature` WHERE `creature`.`id` = 96009;
DELETE FROM `creature` WHERE `creature`.`id` = 96010;
DELETE FROM `creature` WHERE `creature`.`id` = 96011;

INSERT INTO `creature` (`guid`, `id`, `map`, `spawnMask`, `phaseMask`, `modelid`, `equipment_id`, `position_x`, `position_y`, `position_z`, `orientation`, `spawntimesecs`, `spawndist`, `currentwaypoint`, `curhealth`, `curmana`, `MovementType`, `npcflag`, `unit_flags`, `dynamicflags`) VALUES
(NULL, 96000, 1, 1, 1, 0, 0, 1609.473267, -4418.912109, 12.715067, 0.421713, 300, 10, 0, 0, 0, 0, 0, 0, 0),
(NULL, 96000, 0, 1, 1, 0, 0, -8821.161133, 650.981323, 94.897324, 4.909883, 300, 10, 0, 0, 0, 0, 0, 0, 0),
(NULL, 96001, 0, 1, 1, 0, 0, -11536.925781, 1279.263916, 5.558157, 5.004719, 300, 10, 0, 0, 0, 0, 0, 0, 0),
(NULL, 96002, 0, 1, 1, 0, 0, 3481.211182, -4483.196777, 137.527573, 4.236445, 300, 10, 0, 0, 0, 0, 0, 0, 0),
(NULL, 96003, 1, 1, 1, 0, 0, 5135.642090, 59.543053, 42.457237, 2.063200, 300, 10, 0, 0, 0, 0, 0, 0, 0),
(NULL, 96004, 1, 1, 1, 0, 0, -3843.600098, 1094.347412, 161.649994, 3.086613, 300, 10, 0, 0, 0, 0, 0, 0, 0),
(NULL, 96005, 1, 1, 1, 0, 0, 3922.891602, -7194.841797, 26.490650, 5.301057, 300, 10, 0, 0, 0, 0, 0, 0, 0), 
(NULL, 96006, 0, 1, 1, 0, 0, -9256.161133, -3400.090576, 103.645866, 5.259342, 300, 10, 0, 0, 0, 0, 0, 0, 0),
(NULL, 96007, 0, 1, 1, 0, 0, 3016.231445, 691.206055, 98.430794, 4.312972, 300, 10, 0, 0, 0, 0, 0, 0, 0),
(NULL, 96008, 0, 1, 1, 0, 0, -509.475830, -1660.993530, 90.710503, 1.140977, 300, 10, 0, 0, 0, 0, 0, 0, 0),
(NULL, 96009, 530, 1, 1, 0, 0, 522.106140, 3882.562256, 190.775482, 1.134463, 300, 10, 0, 0, 0, 0, 0, 0, 0), 
(NULL, 96010, 530, 1, 1, 0, 0, -2490.623291, 8318.134766, -37.713085, 5.532701, 300, 10, 0, 0, 0, 0, 0, 0, 0),
(NULL, 96011, 1, 1, 1, 0, 0, -3359.523193, 2042.952271, 237.492783, 6.015324, 300, 10, 0, 0, 0, 0, 0, 0, 0);

DELETE FROM `npc_text` WHERE `npc_text`.`ID` = 970001;
DELETE FROM `npc_text` WHERE `npc_text`.`ID` = 970002;
DELETE FROM `npc_text` WHERE `npc_text`.`ID` = 970003;
DELETE FROM `npc_text` WHERE `npc_text`.`ID` = 970004;
DELETE FROM `npc_text` WHERE `npc_text`.`ID` = 970005;
DELETE FROM `npc_text` WHERE `npc_text`.`ID` = 970006;
DELETE FROM `npc_text` WHERE `npc_text`.`ID` = 970007;
DELETE FROM `npc_text` WHERE `npc_text`.`ID` = 970008;
DELETE FROM `npc_text` WHERE `npc_text`.`ID` = 970009;
DELETE FROM `npc_text` WHERE `npc_text`.`ID` = 970010;
DELETE FROM `npc_text` WHERE `npc_text`.`ID` = 970011;
DELETE FROM `npc_text` WHERE `npc_text`.`ID` = 970012;
DELETE FROM `npc_text` WHERE `npc_text`.`ID` = 970013;

DELETE FROM `npc_text` WHERE `npc_text`.`ID` = 970014;
DELETE FROM `npc_text` WHERE `npc_text`.`ID` = 970015;
DELETE FROM `npc_text` WHERE `npc_text`.`ID` = 970016;
DELETE FROM `npc_text` WHERE `npc_text`.`ID` = 970017;
DELETE FROM `npc_text` WHERE `npc_text`.`ID` = 970018;
DELETE FROM `npc_text` WHERE `npc_text`.`ID` = 970019;
DELETE FROM `npc_text` WHERE `npc_text`.`ID` = 970020;
DELETE FROM `npc_text` WHERE `npc_text`.`ID` = 970021;
DELETE FROM `npc_text` WHERE `npc_text`.`ID` = 970022;
DELETE FROM `npc_text` WHERE `npc_text`.`ID` = 970023;
DELETE FROM `npc_text` WHERE `npc_text`.`ID` = 970024;

DELETE FROM `npc_text` WHERE `npc_text`.`ID` = 980001;
DELETE FROM `npc_text` WHERE `npc_text`.`ID` = 980002;
DELETE FROM `npc_text` WHERE `npc_text`.`ID` = 980003;
DELETE FROM `npc_text` WHERE `npc_text`.`ID` = 980004;
DELETE FROM `npc_text` WHERE `npc_text`.`ID` = 980005;
DELETE FROM `npc_text` WHERE `npc_text`.`ID` = 980006;
DELETE FROM `npc_text` WHERE `npc_text`.`ID` = 980007;
DELETE FROM `npc_text` WHERE `npc_text`.`ID` = 980008;
DELETE FROM `npc_text` WHERE `npc_text`.`ID` = 980009;
DELETE FROM `npc_text` WHERE `npc_text`.`ID` = 980010;
DELETE FROM `npc_text` WHERE `npc_text`.`ID` = 980011;
DELETE FROM `npc_text` WHERE `npc_text`.`ID` = 980012;

INSERT INTO `npc_text` (`ID`, `text0_0`, `text0_1`, `lang0`, `prob0`, `em0_0`, `em0_1`, `em0_2`, `em0_3`, `em0_4`, `em0_5`, `text1_0`, `text1_1`, `lang1`, `prob1`, `em1_0`, `em1_1`, `em1_2`, `em1_3`, `em1_4`, `em1_5`, `text2_0`, `text2_1`, `lang2`, `prob2`, `em2_0`, `em2_1`, `em2_2`, `em2_3`, `em2_4`, `em2_5`, `text3_0`, `text3_1`, `lang3`, `prob3`, `em3_0`, `em3_1`, `em3_2`, `em3_3`, `em3_4`, `em3_5`, `text4_0`, `text4_1`, `lang4`, `prob4`, `em4_0`, `em4_1`, `em4_2`, `em4_3`, `em4_4`, `em4_5`, `text5_0`, `text5_1`, `lang5`, `prob5`, `em5_0`, `em5_1`, `em5_2`, `em5_3`, `em5_4`, `em5_5`, `text6_0`, `text6_1`, `lang6`, `prob6`, `em6_0`, `em6_1`, `em6_2`, `em6_3`, `em6_4`, `em6_5`, `text7_0`, `text7_1`, `lang7`, `prob7`, `em7_0`, `em7_1`, `em7_2`, `em7_3`, `em7_4`, `em7_5`, `VerifiedBuild`) VALUES
(970001, 'Aaaa, witaj! Jak widzisz, jestem tu, poniewaz kapitula ponownie potrzebuje pomocy smialkow z calego Azeroth. Tym razem zadanie jest ciezsze; poszukujemy starozytnego artefaktu, nalezacego do orkowej shamanki, Wojtkoki, ktora miala niesamowita moc wladania wilczymi duszami. Szukamy jej artefaktow zarowno na ziemiach Azeroth, jak i na ziemiach dawnego Draenoru. Czy zechcesz do nas dolaczyc?', 'Aaaa, witaj! Jak widzisz, jestem tu, poniewaz kapitula ponownie potrzebuje pomocy smialkow z calego Azeroth. Tym razem zadanie jest ciezsze; poszukujemy starozytnego artefaktu, nalezacego do orkowej shamanki, Wojtkoki, ktora miala niesamowita moc wladania wilczymi duszami. Szukamy jej artefaktow zarowno na ziemiach Azeroth, jak i na ziemiach dawnego Draenoru. Czy zechcesz do nas dolaczyc?', 0, 1, 0, 1, 0, 0, 0, 0, '', '', 0, 0, 0, 0, 0, 0, 0, 0, '', '', 0, 0, 0, 0, 0, 0, 0, 0, '', '', 0, 0, 0, 0, 0, 0, 0, 0, '', '', 0, 0, 0, 0, 0, 0, 0, 0, '', '', 0, 0, 0, 0, 0, 0, 0, 0, '', '', 0, 0, 0, 0, 0, 0, 0, 0, '', '', 0, 0, 0, 0, 0, 0, 0, 0, 12340),
(970002, 'Witaj! To pewnie Ty jestes tym nowym smialkiem, ktory chce nam pomoc. Wspaniale. Masz przed soba magiczna brame portowa, ktora, jak pewnie sie domyslasz, jest zamknieta. Chcemy dostac sie do srodka, ale by to zrobic, musimy odpowiedziec na zagadke. Mozemy zaczynac?', 'Witaj! To pewnie Ty jestes tym nowym smialkiem, ktory chce nam pomoc. Wspaniale. Masz przed soba magiczna brame portowa, ktora, jak pewnie sie domyslasz, jest zamknieta. Chcemy dostac sie do srodka, ale by to zrobic, musimy odpowiedziec na zagadke. Mozemy zaczynac?', 0, 1, 0, 1, 0, 0, 0, 0, '', '', 0, 0, 0, 0, 0, 0, 0, 0, '', '', 0, 0, 0, 0, 0, 0, 0, 0, '', '', 0, 0, 0, 0, 0, 0, 0, 0, '', '', 0, 0, 0, 0, 0, 0, 0, 0, '', '', 0, 0, 0, 0, 0, 0, 0, 0, '', '', 0, 0, 0, 0, 0, 0, 0, 0, '', '', 0, 0, 0, 0, 0, 0, 0, 0, 12340),
(970003, 'O, zaskoczyles mnie! Przepraszam, tak sie zajalem brama, ze nie zauwazylem Twojego przybycia. Pisze ksiazke o jezyku elfow. Ta brama to istna skarbnica wiedzy, pelno tu inskrypcji w staroelfickim jezyku. Niestety nie do konca znam ich jezyk i nie radze sobie z niektorymi runami. Byla tu niedawno taka jedna podrozniczka, baaardzo ladna elfka... ekhem, mniejsza. Pomogla mi przeczytac runy, ktore napisane sa w Thallasianskim dialekcie. O patrz, te tutaj.', 'O, zaskoczyles mnie! Przepraszam, tak sie zajelem brama, ze nie zauwazylem Twojego przybycia. Pisze ksiazke o jezyku elfow. Ta brama to istna skarbnica wiedzy, pelno tu inskrypcji w staroelfickim jezyku. Niestety nie do konca znam ich jezyk i nie radze sobie z niektorymi runami. Byla tu niedawno taka jedna podrozniczka, baaardzo ladna elfka... ekhem, mniejsza. Pomogla mi przeczytac runy, ktore napisane sa w Thallasianskim dialekcie. O patrz, te tutaj.', 0, 1, 0, 1, 0, 0, 0, 0, '', '', 0, 0, 0, 0, 0, 0, 0, 0, '', '', 0, 0, 0, 0, 0, 0, 0, 0, '', '', 0, 0, 0, 0, 0, 0, 0, 0, '', '', 0, 0, 0, 0, 0, 0, 0, 0, '', '', 0, 0, 0, 0, 0, 0, 0, 0, '', '', 0, 0, 0, 0, 0, 0, 0, 0, '', '', 0, 0, 0, 0, 0, 0, 0, 0, 12340),
(970004, 'Ach, witaj podrozniku. Pewnie zastanawiasz sie, co ja tu robie? Pozwol, ze opowiem. Widzisz to zrodelko na srodku tej altany? To zrodlo prawdy. Wiesz co jest niezwykle? Tylko ktos o czystym sercu zazna dobroci tego zrodla. Ja... czuje, ze jest magiczne, ale niestety nie dziala... Moze Ty bys sprobowal je aktywowac?', 'Ach, witaj podrozniku. Pewnie zastanawiasz sie, co ja tu robie? Pozwol, ze opowiem. Widzisz to zrodelko na srodku tej altany? To zrodlo prawdy. Wiesz co jest niezwykle? Tylko ktos o czystym sercu zazna dobroci tego zrodla. Ja... czuje, ze jest magiczne, ale niestety nie dziala... Moze Ty bys sprobowal je aktywowac?', 0, 1, 0, 1, 0, 0, 0, 0, '', '', 0, 0, 0, 0, 0, 0, 0, 0, '', '', 0, 0, 0, 0, 0, 0, 0, 0, '', '', 0, 0, 0, 0, 0, 0, 0, 0, '', '', 0, 0, 0, 0, 0, 0, 0, 0, '', '', 0, 0, 0, 0, 0, 0, 0, 0, '', '', 0, 0, 0, 0, 0, 0, 0, 0, '', '', 0, 0, 0, 0, 0, 0, 0, 0, 12340),
(970005, 'Badz pozdrowiony pozdrozniku. Na arenie znajdujacej sie za mna znalazlam pewien intrygujacy przedmiot. Jest to skrzynia, w ktorej zapewne znajduje sie jakis wspanialy artefakt. Nie moge jednak poradzic sobie z zamkiem, gdyz zawiera zagadke, a ja nie jestem w tym dobra. Pomozesz?', 'Badz pozdrowiony pozdrozniku. Na arenie znajdujacej sie za mna znalazlam pewien intrygujacy przedmiot. Jest to skrzynia, w ktorej zapewne znajduje sie jakis wspanialy artefakt. Nie moge jednak poradzic sobie z zamkiem, gdyz zawiera zagadke, a ja nie jestem w tym dobra. Pomozesz?', 0, 1, 0, 1, 0, 0, 0, 0, '', '', 0, 0, 0, 0, 0, 0, 0, 0, '', '', 0, 0, 0, 0, 0, 0, 0, 0, '', '', 0, 0, 0, 0, 0, 0, 0, 0, '', '', 0, 0, 0, 0, 0, 0, 0, 0, '', '', 0, 0, 0, 0, 0, 0, 0, 0, '', '', 0, 0, 0, 0, 0, 0, 0, 0, '', '', 0, 0, 0, 0, 0, 0, 0, 0, 12340),
(970006, 'Nareszcie jestes. Pozwol, ze zaczne od moich slow uznania. Nie sadzilam, ze wiesz tyle o starozytnym Eldre''Thalas w lesie Feralas. Ale dzieki temu wiem, ze pomozesz mi i tutaj. Spojrz, ten luk w wejsciu do swiatyni. To portal. W czasie, gdy tu jechales, mialam wiele czasu by go przestudiowac. Tak, jak w przypadku skrzynki, tu rowniez jest magiczna zagadka. Zaczynamy?', 'Nareszcie jestes. Pozwol, ze zaczne od moich slow uznania. Nie sadzilam, ze wiesz tyle o starozytnym Eldre''Thalas w lesie Feralas. Ale dzieki temu wiem, ze pomozesz mi i tutaj. Spojrz, ten luk w wejsciu do swiatyni. To portal. W czasie, gdy tu jechales, mialam wiele czasu by go przestudiowac. Tak, jak w przypadku skrzynki, tu rowniez jest magiczna zagadka. Zaczynamy?', 0, 1, 0, 1, 0, 0, 0, 0, '', '', 0, 0, 0, 0, 0, 0, 0, 0, '', '', 0, 0, 0, 0, 0, 0, 0, 0, '', '', 0, 0, 0, 0, 0, 0, 0, 0, '', '', 0, 0, 0, 0, 0, 0, 0, 0, '', '', 0, 0, 0, 0, 0, 0, 0, 0, '', '', 0, 0, 0, 0, 0, 0, 0, 0, '', '', 0, 0, 0, 0, 0, 0, 0, 0, 12340),
(970007, 'Witaj! Ty jestes pewnie tym podroznikiem, a ktorym tyle slyszalem. Przybyles w sama pore. Mam juz swoje lata, wiec i stare zagadki daja mi wieksza przyjemnosc. Ta jest niewatpliwie wiekowa. Zapewne zaobserwowales pieczec krolewska... to pieczec Krola Llane''a Wrynna, jego syn, Varian, wlada aktualnie w Stormwind. Jest magiczna. Ciekawi mnie co ten lew kryje, ze zabezpieczyli go runicznym znakiem.', 'Witaj! Ty jestes pewnie tym podroznikiem, a ktorym tyle slyszalem. Przybyles w sama pore. Mam juz swoje lata, wiec i stare zagadki daja mi wieksza przyjemnosc. Ta jest niewatpliwie wiekowa. Zapewne zaobserwowales pieczec krolewska... to pieczec Krola Llane''a Wrynna, jego syn, Varian, wlada aktualnie w Stormwind. Jest magiczna. Ciekawi mnie co ten lew kryje, ze zabezpieczyli go runicznym znakiem.', 0, 1, 0, 1, 0, 0, 0, 0, '', '', 0, 0, 0, 0, 0, 0, 0, 0, '', '', 0, 0, 0, 0, 0, 0, 0, 0, '', '', 0, 0, 0, 0, 0, 0, 0, 0, '', '', 0, 0, 0, 0, 0, 0, 0, 0, '', '', 0, 0, 0, 0, 0, 0, 0, 0, '', '', 0, 0, 0, 0, 0, 0, 0, 0, '', '', 0, 0, 0, 0, 0, 0, 0, 0, 12340),
(970008, 'Pozdrawiam Cie, podrozniku! Nie patrz na mnie takim wzrokiem, wiem, ze mam brudne szaty, ale to wina tych zapomnianych krypt. Przynajmniej nie szperalem tam na darmo. Patrz. Wygrzebalem z krypty tablice z nagrobku czarnej owcy rodu Agamandow. I wiesz co? Ta czarna owca zasiadala w Radzie Tirisfal. I takie tez jest magiczne pytanie.', 'Pozdrawiam Cie, podrozniku! Nie patrz na mnie takim wzrokiem, wiem, ze mam brudne szaty, ale to wina tych zapomnianych krypt. Przynajmniej nie szperalem tam na darmo. Patrz. Wygrzebalem z krypty tablice z nagrobku czarnej owcy rodu Agamandow. I wiesz co? Ta czarna owca zasiadala w Radzie Tirisfal. I takie tez jest magiczne pytanie.', 0, 1, 0, 1, 0, 0, 0, 0, '', '', 0, 0, 0, 0, 0, 0, 0, 0, '', '', 0, 0, 0, 0, 0, 0, 0, 0, '', '', 0, 0, 0, 0, 0, 0, 0, 0, '', '', 0, 0, 0, 0, 0, 0, 0, 0, '', '', 0, 0, 0, 0, 0, 0, 0, 0, '', '', 0, 0, 0, 0, 0, 0, 0, 0, '', '', 0, 0, 0, 0, 0, 0, 0, 0, 12340),
(970009, 'Tyle nienawisci... tyle zla z zawisci do innej rasy... ach, witaj podrozniku. Spojrz. Banda rabusiow i degeneratow w ruinach dawnego zakladu karnego dla orkow... Tak nie mozna. Dobrze, ze ich tu juz nie ma, ale mimo to nie moge przestac o tym myslec, co z nimi sie stalo... Brat zawsze powtarza, ze jestem sentymentalna...', 'Tyle nienawisci... tyle zla z zawisci do innej rasy... ach, witaj podrozniku. Spojrz. Banda rabusiow i degeneratow w ruinach dawnego zakladu karnego dla orkow... Tak nie mozna. Dobrze, ze ich tu juz nie ma, ale mimo to nie moge przestac o tym myslec, co z nimi sie stalo... Brat zawsze powtarza, ze jestem sentymentalna...', 0, 1, 0, 1, 0, 0, 0, 0, '', '', 0, 0, 0, 0, 0, 0, 0, 0, '', '', 0, 0, 0, 0, 0, 0, 0, 0, '', '', 0, 0, 0, 0, 0, 0, 0, 0, '', '', 0, 0, 0, 0, 0, 0, 0, 0, '', '', 0, 0, 0, 0, 0, 0, 0, 0, '', '', 0, 0, 0, 0, 0, 0, 0, 0, '', '', 0, 0, 0, 0, 0, 0, 0, 0, 12340),
(970010, 'Witaj wedrowcze. Ciesze sie, ze jestes. Widzisz, dostalem od tutaj obecnego kapitana Mag''hari pewien naszyjnik, ktory rzekomo nalezal do szamana z ich ludu. Chcialbym poznac jego moc, niestety jest zablokowany. Zechcialbys pomoc mi rozszyfrowac zagadke?', 'Witaj wedrowcze. Ciesze sie, ze jestes. Widzisz, dostalem od tutaj obecnego kapitana Mag''hari pewien naszyjnik, ktory rzekomo nalezal do szamana z ich ludu. Chcialbym poznac jego moc, niestety jest zablokowany. Zechcialbys pomoc mi rozszyfrowac zagadke?', 0, 1, 0, 1, 0, 0, 0, 0, '', '', 0, 0, 0, 0, 0, 0, 0, 0, '', '', 0, 0, 0, 0, 0, 0, 0, 0, '', '', 0, 0, 0, 0, 0, 0, 0, 0, '', '', 0, 0, 0, 0, 0, 0, 0, 0, '', '', 0, 0, 0, 0, 0, 0, 0, 0, '', '', 0, 0, 0, 0, 0, 0, 0, 0, '', '', 0, 0, 0, 0, 0, 0, 0, 0, 12340),
(970011, 'Hej, tu jestem! O, widzisz mnie. No coz, wole zawolac, wybacz. To miejsce wprost emanuje magia. Chcialem to sprawdzic, ale za duzo tu demonow. Za to skontaktowala sie ze mna istota, ktora prawdopodobnie jest zrodlem tej magii i jednoczesnie gospodarzem tego miejsca. Przekazala mi zakodowana wiadomosc, tak by demony nie wiedzialy o co chodzi.', 'Hej, tu jestem! O, widzisz mnie. No coz, wole zawolac, wybacz. To miejsce wprost emanuje magia. Chcialem to sprawdzic, ale za duzo tu demonow. Za to skontaktowala sie ze mna istota, ktora prawdopodobnie jest zrodlem tej magii i jednoczesnie gospodarzem tego miejsca. Przekazala mi zakodowana wiadomosc, tak by demony nie wiedzialy o co chodzi.', 0, 1, 0, 1, 0, 0, 0, 0, '', '', 0, 0, 0, 0, 0, 0, 0, 0, '', '', 0, 0, 0, 0, 0, 0, 0, 0, '', '', 0, 0, 0, 0, 0, 0, 0, 0, '', '', 0, 0, 0, 0, 0, 0, 0, 0, '', '', 0, 0, 0, 0, 0, 0, 0, 0, '', '', 0, 0, 0, 0, 0, 0, 0, 0, '', '', 0, 0, 0, 0, 0, 0, 0, 0, 12340),
(970012, 'A wiec dotarles do mnie, podrozniku. Spojrz na tafle wody. Widzisz magie tego zrodla? Ta woda zyje. To prawdopodobnie efekt mocy artefaktu, ktory znajduje sie w wodzie. Hmm, zadala nam zagadke. Jezeli odpowiemy, bedziemy mogli zabrac artefakt. Jestes gotowy?', 'A wiec dotarles do mnie, podrozniku. Spojrz na tafle wody. Widzisz magie tego zrodla? Ta woda zyje. To prawdopodobnie efekt mocy artefaktu, ktory znajduje sie w wodzie. Hmm, zadala nam zagadke. Jezeli odpowiemy, bedziemy mogli zabrac artefakt. Jestes gotowy?', 0, 1, 0, 1, 0, 0, 0, 0, '', '', 0, 0, 0, 0, 0, 0, 0, 0, '', '', 0, 0, 0, 0, 0, 0, 0, 0, '', '', 0, 0, 0, 0, 0, 0, 0, 0, '', '', 0, 0, 0, 0, 0, 0, 0, 0, '', '', 0, 0, 0, 0, 0, 0, 0, 0, '', '', 0, 0, 0, 0, 0, 0, 0, 0, '', '', 0, 0, 0, 0, 0, 0, 0, 0, 12340),
(970013, 'Jako, iz nie mozemy byc pewni Twojej wiedzy, zacznij od drobnego testu. Pierwszy z asystentow wyruszyl do glebokiej dzungli, gdzie za kazdym drzewem czeka niebezpieczenstwo. Podobno znalazl jakas magicznie zapieczetowana brame portowa. Jako, ze to Twoja pierwsza podroz, posluchaj prosze mej wskazowki. Obok mieszkaja trolle. Nie patrz tak na mnie, nie mowilem, ze wskazowka bedzie szczegolowa. No dobrze dobrze, dodam jeszcze, ze brama nalezy do ludzi w maskach. Powodzenia!', 'Jako, iz nie mozemy byc pewni Twojej wiedzy, zacznij od drobnego testu. Pierwszy z asystentow wyruszyl do glebokiej dzungli, gdzie za kazdym drzewem czeka niebezpieczenstwo. Podobno znalazl jakas magicznie zapieczetowana brame portowa. Jako, ze to Twoja pierwsza podroz, posluchaj prosze mej wskazowki. Obok mieszkaja trolle. Nie patrz tak na mnie, nie mowilem, ze wskazowka bedzie szczegolowa. No dobrze dobrze, dodam jeszcze, ze brama nalezy do ludzi w maskach. Powodzenia!', 0, 1, 0, 1, 0, 0, 0, 0, '', '', 0, 0, 0, 0, 0, 0, 0, 0, '', '', 0, 0, 0, 0, 0, 0, 0, 0, '', '', 0, 0, 0, 0, 0, 0, 0, 0, '', '', 0, 0, 0, 0, 0, 0, 0, 0, '', '', 0, 0, 0, 0, 0, 0, 0, 0, '', '', 0, 0, 0, 0, 0, 0, 0, 0, '', '', 0, 0, 0, 0, 0, 0, 0, 0, 12340),
(970014, '1. Jak po adopcji zostala nazwana corka Edwina VanCleefa?', '1. Jak po adopcji zostala nazwana corka Edwina VanCleefa?', 0, 1, 0, 1, 0, 0, 0, 0, '', '', 0, 0, 0, 0, 0, 0, 0, 0, '', '', 0, 0, 0, 0, 0, 0, 0, 0, '', '', 0, 0, 0, 0, 0, 0, 0, 0, '', '', 0, 0, 0, 0, 0, 0, 0, 0, '', '', 0, 0, 0, 0, 0, 0, 0, 0, '', '', 0, 0, 0, 0, 0, 0, 0, 0, '', '', 0, 0, 0, 0, 0, 0, 0, 0, 12340),
(970015, '2. "Zycie dal nam ten, ktory stworzyl Sunwell." Wiesz o kogo chodzi?', '2. "Zycie dal nam ten, ktory stworzyl Sunwell." Wiesz o kogo chodzi?', 0, 1, 0, 1, 0, 0, 0, 0, '', '', 0, 0, 0, 0, 0, 0, 0, 0, '', '', 0, 0, 0, 0, 0, 0, 0, 0, '', '', 0, 0, 0, 0, 0, 0, 0, 0, '', '', 0, 0, 0, 0, 0, 0, 0, 0, '', '', 0, 0, 0, 0, 0, 0, 0, 0, '', '', 0, 0, 0, 0, 0, 0, 0, 0, '', '', 0, 0, 0, 0, 0, 0, 0, 0, 12340),
(970016, '3. "Crown of the Earth" powstalo z woli:', '3. "Crown of the Earth" powstalo z woli:', 0, 1, 0, 1, 0, 0, 0, 0, '', '', 0, 0, 0, 0, 0, 0, 0, 0, '', '', 0, 0, 0, 0, 0, 0, 0, 0, '', '', 0, 0, 0, 0, 0, 0, 0, 0, '', '', 0, 0, 0, 0, 0, 0, 0, 0, '', '', 0, 0, 0, 0, 0, 0, 0, 0, '', '', 0, 0, 0, 0, 0, 0, 0, 0, '', '', 0, 0, 0, 0, 0, 0, 0, 0, 12340),
(970017, '4. Ruiny miasta w ktorym sie znajdujemy byly niegdys potezna stolica elfow. Kto konkretnie zamieszkiwal to miasto?', '4. Ruiny miasta w ktorym sie znajdujemy byly niegdys potezna stolica elfow. Kto konkretnie zamieszkiwal to miasto?', 0, 1, 0, 1, 0, 0, 0, 0, '', '', 0, 0, 0, 0, 0, 0, 0, 0, '', '', 0, 0, 0, 0, 0, 0, 0, 0, '', '', 0, 0, 0, 0, 0, 0, 0, 0, '', '', 0, 0, 0, 0, 0, 0, 0, 0, '', '', 0, 0, 0, 0, 0, 0, 0, 0, '', '', 0, 0, 0, 0, 0, 0, 0, 0, '', '', 0, 0, 0, 0, 0, 0, 0, 0, 12340),
(970018, '5. Kto naklonil Krolowa Azshare, by oczyscila swiat ze zla, co skutkowalo przyslaniem demonow?', '5. Kto naklonil Krolowa Azshare, by oczyscila swiat ze zla, co skutkowalo przyslaniem demonow?', 0, 1, 0, 1, 0, 0, 0, 0, '', '', 0, 0, 0, 0, 0, 0, 0, 0, '', '', 0, 0, 0, 0, 0, 0, 0, 0, '', '', 0, 0, 0, 0, 0, 0, 0, 0, '', '', 0, 0, 0, 0, 0, 0, 0, 0, '', '', 0, 0, 0, 0, 0, 0, 0, 0, '', '', 0, 0, 0, 0, 0, 0, 0, 0, '', '', 0, 0, 0, 0, 0, 0, 0, 0, 12340),
(970019, '6. A i owszem! Oto ona: Gdy mlody ksiaze Llane po raz pierwszy spotkal Ostatniego Straznika, dostal od niego tajemniczy prezent, zwiastujacy nadciagajace zlo. Co to bylo?', '6. A i owszem! Oto ona: Gdy mlody ksiaze Llane po raz pierwszy spotkal Ostatniego Straznika, dostal od niego tajemniczy prezent, zwiastujacy nadciagajace zlo. Co to bylo?', 0, 1, 0, 1, 0, 0, 0, 0, '', '', 0, 0, 0, 0, 0, 0, 0, 0, '', '', 0, 0, 0, 0, 0, 0, 0, 0, '', '', 0, 0, 0, 0, 0, 0, 0, 0, '', '', 0, 0, 0, 0, 0, 0, 0, 0, '', '', 0, 0, 0, 0, 0, 0, 0, 0, '', '', 0, 0, 0, 0, 0, 0, 0, 0, '', '', 0, 0, 0, 0, 0, 0, 0, 0, 12340),
(970020, '7. Oczywiscie! "Ktora z ras nie zasiadala w Radzie Tirisfal?"', '7. Oczywiscie! "Ktora z ras nie zasiadala w Radzie Tirisfal?"', 0, 1, 0, 1, 0, 0, 0, 0, '', '', 0, 0, 0, 0, 0, 0, 0, 0, '', '', 0, 0, 0, 0, 0, 0, 0, 0, '', '', 0, 0, 0, 0, 0, 0, 0, 0, '', '', 0, 0, 0, 0, 0, 0, 0, 0, '', '', 0, 0, 0, 0, 0, 0, 0, 0, '', '', 0, 0, 0, 0, 0, 0, 0, 0, '', '', 0, 0, 0, 0, 0, 0, 0, 0, 12340),
(970021, '8. Tak. Tak, wlasnie. Zapewne wiesz, ze jeden ork nie dal sie zlamac i uciekl z drobna pomoca z tego obozu. Pytanie bedzie ocierac sie o jego historie. "Duma Klanu Lodowego Wilka nie byla tylko w ich nazwie. Posiadali oni poteznych towarzyszy, jakimi byly lodowe wilki. Jak nazywa sie wilk, ktory wybral Thralla na swojego kompana ?"', '8. Tak. Tak, wlasnie. Zapewne wiesz, ze jeden ork nie dal sie zlamac i uciekl z drobna pomoca z tego obozu. Pytanie bedzie ocierac sie o jego historie. "Duma Klanu Lodowego Wilka nie byla tylko w ich nazwie. Posiadali oni poteznych towarzyszy, jakimi byly lodowe wilki. Jak nazywa sie wilk, ktory wybral Thralla na swojego kompana ?"', 0, 1, 0, 1, 0, 0, 0, 0, '', '', 0, 0, 0, 0, 0, 0, 0, 0, '', '', 0, 0, 0, 0, 0, 0, 0, 0, '', '', 0, 0, 0, 0, 0, 0, 0, 0, '', '', 0, 0, 0, 0, 0, 0, 0, 0, '', '', 0, 0, 0, 0, 0, 0, 0, 0, '', '', 0, 0, 0, 0, 0, 0, 0, 0, '', '', 0, 0, 0, 0, 0, 0, 0, 0, 12340),
(970022, '9. Wspaniale, zatem czytam: "Kto odwiodl Durotana i Orgrima od wypicia krwi demona w darze przygotowanym dla orkow w celu zniszczenia Dreanei?"', '9. Wspaniale, zatem czytam: "Kto odwiodl Durotana i Orgrima od wypicia krwi demona w darze przygotowanym dla orkow w celu zniszczenia Dreanei?"', 0, 1, 0, 1, 0, 0, 0, 0, '', '', 0, 0, 0, 0, 0, 0, 0, 0, '', '', 0, 0, 0, 0, 0, 0, 0, 0, '', '', 0, 0, 0, 0, 0, 0, 0, 0, '', '', 0, 0, 0, 0, 0, 0, 0, 0, '', '', 0, 0, 0, 0, 0, 0, 0, 0, '', '', 0, 0, 0, 0, 0, 0, 0, 0, '', '', 0, 0, 0, 0, 0, 0, 0, 0, 12340),
(970023, '10. Jej slowa to: "Moj dom uratowal wiele istnien.Jest czyms wiecej niz tylko gora, ktora emanuje magia. Czy wiesz, czym ona jest?"', '10. Jej slowa to: "Moj dom uratowal wiele istnien.Jest czyms wiecej niz tylko gora, ktora emanuje magia. Czy wiesz, czym ona jest?"', 0, 1, 0, 1, 0, 0, 0, 0, '', '', 0, 0, 0, 0, 0, 0, 0, 0, '', '', 0, 0, 0, 0, 0, 0, 0, 0, '', '', 0, 0, 0, 0, 0, 0, 0, 0, '', '', 0, 0, 0, 0, 0, 0, 0, 0, '', '', 0, 0, 0, 0, 0, 0, 0, 0, '', '', 0, 0, 0, 0, 0, 0, 0, 0, '', '', 0, 0, 0, 0, 0, 0, 0, 0, 12340),
(970024, '11. "Highlord Kruul jest generalem Plonacego Legionu, ktory cotygodniowo probuje zniszczyc jedna z krain Azerothu. Dzieki smialkom naszego swiata, jest on cotygodniowo odpierany. Jednak nie zawsze to on dowodzil Legionem w Azeroth. Kto dowodzil ofensywa na Azeroth przed Kruulem ?"', '11. "Highlord Kruul jest generalem Plonacego Legionu, ktory cotygodniowo probuje zniszczyc jedna z krain Azerothu. Dzieki smialkom naszego swiata, jest on cotygodniowo odpierany. Jednak nie zawsze to on dowodzil Legionem w Azeroth. Kto dowodzil ofensywa na Azeroth przed Kruulem ?"', 0, 1, 0, 1, 0, 0, 0, 0, '', '', 0, 0, 0, 0, 0, 0, 0, 0, '', '', 0, 0, 0, 0, 0, 0, 0, 0, '', '', 0, 0, 0, 0, 0, 0, 0, 0, '', '', 0, 0, 0, 0, 0, 0, 0, 0, '', '', 0, 0, 0, 0, 0, 0, 0, 0, '', '', 0, 0, 0, 0, 0, 0, 0, 0, '', '', 0, 0, 0, 0, 0, 0, 0, 0, 12340),
(980001, 'Shhh... Slyszysz? Zadzialalo! Nie mam watpliwosci, posiadasz wiedze, by nam pomagac. Posluchaj, moj przyjaciel bada magiczne runy na portalu, bynajmniej nie tego do Draenoru, a na ziemie Quel''Thalas. Na pewno przydasz mu sie tam do pomocy. Idz juz, nie trac czasu. Powodzenia!', 'Shhh... Slyszysz? Zadzialalo! Nie mam watpliwosci, posiadasz wiedze, by nam pomagac. Posluchaj, moj przyjaciel bada magiczne runy na portalu, bynajmniej nie tego do Draenoru, a na ziemie Quel''Thalas. Na pewno przydasz mu sie tam do pomocy. Idz juz, nie trac czasu. Powodzenia!', 0, 1, 0, 1, 0, 0, 0, 0, '', '', 0, 0, 0, 0, 0, 0, 0, 0, '', '', 0, 0, 0, 0, 0, 0, 0, 0, '', '', 0, 0, 0, 0, 0, 0, 0, 0, '', '', 0, 0, 0, 0, 0, 0, 0, 0, '', '', 0, 0, 0, 0, 0, 0, 0, 0, '', '', 0, 0, 0, 0, 0, 0, 0, 0, '', '', 0, 0, 0, 0, 0, 0, 0, 0, 12340),
(980002, 'Tak, to sie zgadza. Wspaniale! Dzieki Tobie mam kolejny wpis! Ide szukac dalej, a Tobie polecam wybrac sie do Darkshore. Kolejny z nas bada elfickie ruiny pewnej swiatyni oddanej nocnej bogini. Nie wiem ktore, ale nie ma ich wielu. Mysle, ze dasz rade znalezc go bez problemu. Zegnaj podrozniku!', 'Tak, to sie zgadza. Wspaniale! Dzieki Tobie mam kolejny wpis! Ide szukac dalej, a Tobie polecam wybrac sie do Darkshore. Kolejny z nas bada elfickie ruiny pewnej swiatyni oddanej nocnej bogini. Nie wiem ktore, ale nie ma ich wielu. Mysle, ze dasz rade znalezc go bez problemu. Zegnaj podrozniku!', 0, 1, 0, 1, 0, 0, 0, 0, '', '', 0, 0, 0, 0, 0, 0, 0, 0, '', '', 0, 0, 0, 0, 0, 0, 0, 0, '', '', 0, 0, 0, 0, 0, 0, 0, 0, '', '', 0, 0, 0, 0, 0, 0, 0, 0, '', '', 0, 0, 0, 0, 0, 0, 0, 0, '', '', 0, 0, 0, 0, 0, 0, 0, 0, '', '', 0, 0, 0, 0, 0, 0, 0, 0, 12340),
(980003, 'Patrz! To wizja! ... Aen aere Teldrassil ... Slyszysz? To Pani Lasu, szepcze do nas prawde. Dziekuje Ci za pomoc, wiem, ze sie spieszysz, wiec lec czym predzej do ruin wspanialego elfickiego miasta, w ktorym rezyduja teraz ogry, a ja tym czasem wslucham sie w szepty Pani. Z tego co wiem, przy arenie czeka na Ciebie wyslanniczka. Zegnaj podrozniku.', 'Patrz! To wizja! ... Aen aere Teldrassil ... Slyszysz? To Pani Lasu, szepcze do nas prawde. Dziekuje Ci za pomoc, wiem, ze sie spieszysz, wiec lec czym predzej do ruin wspanialego elfickiego miasta, w ktorym rezyduja teraz ogry, a ja tym czasem wslucham sie w szepty Pani. Z tego co wiem, przy arenie czeka na Ciebie wyslanniczka. Zegnaj podrozniku.', 0, 1, 0, 1, 0, 0, 0, 0, '', '', 0, 0, 0, 0, 0, 0, 0, 0, '', '', 0, 0, 0, 0, 0, 0, 0, 0, '', '', 0, 0, 0, 0, 0, 0, 0, 0, '', '', 0, 0, 0, 0, 0, 0, 0, 0, '', '', 0, 0, 0, 0, 0, 0, 0, 0, '', '', 0, 0, 0, 0, 0, 0, 0, 0, '', '', 0, 0, 0, 0, 0, 0, 0, 0, 12340),
(980004, 'Tak, udalo sie! Skrzynka otwarta! Patrz. Zwoj. To mapa...mapaaa...Azshary! Zbieram sie stad, chce to koniecznie zbadac. Dolacz do mnie w ruinach swiatyni najblizszej polnocnej latarni... tak przynajmniej pokazuje mapa. Bede tam na Ciebie czekac.', 'Tak, udalo sie! Skrzynka otwarta! Patrz. Zwoj. To mapa...mapaaa...Azshary! Zbieram sie stad, chce to koniecznie zbadac. Dolacz do mnie w ruinach swiatyni najblizszej polnocnej latarni... tak przynajmniej pokazuje mapa. Bede tam na Ciebie czekac.', 0, 1, 0, 1, 0, 0, 0, 0, '', '', 0, 0, 0, 0, 0, 0, 0, 0, '', '', 0, 0, 0, 0, 0, 0, 0, 0, '', '', 0, 0, 0, 0, 0, 0, 0, 0, '', '', 0, 0, 0, 0, 0, 0, 0, 0, '', '', 0, 0, 0, 0, 0, 0, 0, 0, '', '', 0, 0, 0, 0, 0, 0, 0, 0, '', '', 0, 0, 0, 0, 0, 0, 0, 0, 12340),
(980005, 'Portal dziala! Dziekuje Ci! Przyzwe paru czlonkow kapituly i wyruszymy zbadac co jest w srodku. Ty zas udaj sie dokonczyc swoja misje. Moj wujek na pewno ucieszylby sie z takiego pomocnika. Znajdziesz go gdzies w Redridge. Podobno bada sprawe "krolewskiego lwa", cokolwiek to znaczy. Wiem tylko, ze warto go szukac w poblizu wiezy maga. Wiesz, taka duza, czerwony dach, znajdziesz bez problemu. Do zobaczenia w Dalaranie, podrozniku!', 'JPortal dziala! Dziekuje Ci! Przyzwe paru czlonkow kapituly i wyruszymy zbadac co jest w srodku. Ty zas udaj sie dokonczyc swoja misje. Moj wujek na pewno ucieszylby sie z takiego pomocnika. Znajdziesz go gdzies w Redridge. Podobno bada sprawe "krolewskiego lwa", cokolwiek to znaczy. Wiem tylko, ze warto go szukac w poblizu wiezy maga. Wiesz, taka duza, czerwony dach, znajdziesz bez problemu. Do zobaczenia w Dalaranie, podrozniku!', 0, 1, 0, 1, 0, 0, 0, 0, '', '', 0, 0, 0, 0, 0, 0, 0, 0, '', '', 0, 0, 0, 0, 0, 0, 0, 0, '', '', 0, 0, 0, 0, 0, 0, 0, 0, '', '', 0, 0, 0, 0, 0, 0, 0, 0, '', '', 0, 0, 0, 0, 0, 0, 0, 0, '', '', 0, 0, 0, 0, 0, 0, 0, 0, '', '', 0, 0, 0, 0, 0, 0, 0, 0, 12340),
(980006, 'Oczywiscie. Widze, ze pochwaly, ktore zbierasz nie wziely sie znikad. A ja wiem, kto bedzie Cie potrzebowac. Udaj sie na polany Tirisfal. Znajdz grobowiec Agamandow, a znajdziesz kolejnego z naszych arcymistrzow. Niech prowadzi Cie wiedza!', 'Oczywiscie. Widze, ze pochwaly, ktore zbierasz nie wziely sie znikad. A ja wiem, kto bedzie Cie potrzebowac. Udaj sie na polany Tirisfal. Znajdz grobowiec Agamandow, a znajdziesz kolejnego z naszych arcymistrzow. Niech prowadzi Cie wiedza!', 0, 1, 0, 1, 0, 0, 0, 0, '', '', 0, 0, 0, 0, 0, 0, 0, 0, '', '', 0, 0, 0, 0, 0, 0, 0, 0, '', '', 0, 0, 0, 0, 0, 0, 0, 0, '', '', 0, 0, 0, 0, 0, 0, 0, 0, '', '', 0, 0, 0, 0, 0, 0, 0, 0, '', '', 0, 0, 0, 0, 0, 0, 0, 0, '', '', 0, 0, 0, 0, 0, 0, 0, 0, 12340),
(980007, 'Co to za ksztalt? To duch! *woooolnyyyyyy... dzieeekuuuujeeee....* Rozplynal sie? Czy my wlasnie zdjelismy klatwe? To bylo dziwne... musze zglosic to kapitule. Udaj sie prosze do mojej siostry. Podobno siedzi gdzies w Hillsbrad Foothills, obserwuje ruiny zamku, w ktorym tresowano niewolnikow.', 'Co to za ksztalt? To duch! *woooolnyyyyyy... dzieeekuuuujeeee....* Rozplynal sie? Czy my wlasnie zdjelismy klatwe? To bylo dziwne... musze zglosic to kapitule. Udaj sie prosze do mojej siostry. Podobno siedzi gdzies w Hillsbrad Foothills, obserwuje ruiny zamku, w ktorym tresowano niewolnikow.', 0, 1, 0, 1, 0, 0, 0, 0, '', '', 0, 0, 0, 0, 0, 0, 0, 0, '', '', 0, 0, 0, 0, 0, 0, 0, 0, '', '', 0, 0, 0, 0, 0, 0, 0, 0, '', '', 0, 0, 0, 0, 0, 0, 0, 0, '', '', 0, 0, 0, 0, 0, 0, 0, 0, '', '', 0, 0, 0, 0, 0, 0, 0, 0, '', '', 0, 0, 0, 0, 0, 0, 0, 0, 12340),
(980008, 'Dokladnie tak! Potrzebowalam tej informacji, by uzupelnic ksiazke opisujaca dzieje wodza. Dziekuje. Nie, tu nie bylo zadnej zagadki, pomoc byla raczej... osobista. Ale wiesz co? Moj mentor rowniez zajmuje sie dziejami klanow hordy, znajdziesz go wsrod ludu Mag''hari, na ziemiach dawnego Draenoru, a dzis piekielnych pustkowiach. Powodzenia.', 'Dokladnie tak! Potrzebowalam tej informacji, by uzupelnic ksiazke opisujaca dzieje wodza. Dziekuje. Nie, tu nie bylo zadnej zagadki, pomoc byla raczej... osobista. Ale wiesz co? Moj mentor rowniez zajmuje sie dziejami klanow hordy, znajdziesz go wsrod ludu Mag''hari, na ziemiach dawnego Draenoru, a dzis piekielnych pustkowiach. Powodzenia.', 0, 1, 0, 1, 0, 0, 0, 0, '', '', 0, 0, 0, 0, 0, 0, 0, 0, '', '', 0, 0, 0, 0, 0, 0, 0, 0, '', '', 0, 0, 0, 0, 0, 0, 0, 0, '', '', 0, 0, 0, 0, 0, 0, 0, 0, '', '', 0, 0, 0, 0, 0, 0, 0, 0, '', '', 0, 0, 0, 0, 0, 0, 0, 0, '', '', 0, 0, 0, 0, 0, 0, 0, 0, 12340),
(980009, 'Tak, to dziala! Amulet sie uaktywnil. To... to fragment z Oshu''gun! Wiec nasze badania ida w dobrym kierunku. Udaj sie prosze do jej wnetrza, spotkasz tam naszego wyslannika. Nie trac czasu, pomyslnych wiatrow!', 'Tak, to dziala! Amulet sie uaktywnil. To... to fragment z Oshu''gun! Wiec nasze badania ida w dobrym kierunku. Udaj sie prosze do jej wnetrza, spotkasz tam naszego wyslannika. Nie trac czasu, pomyslnych wiatrow! Powodzenia!', 0, 1, 0, 1, 0, 0, 0, 0, '', '', 0, 0, 0, 0, 0, 0, 0, 0, '', '', 0, 0, 0, 0, 0, 0, 0, 0, '', '', 0, 0, 0, 0, 0, 0, 0, 0, '', '', 0, 0, 0, 0, 0, 0, 0, 0, '', '', 0, 0, 0, 0, 0, 0, 0, 0, '', '', 0, 0, 0, 0, 0, 0, 0, 0, '', '', 0, 0, 0, 0, 0, 0, 0, 0, 12340),
(980010, 'Tak, to miedzy innymi tym statkiem Draenei uciekli z planety Argus. Genedar... kto by sie spodziewal. Wspaniala robota. Udaj sie w ostatni punkt swojej podrozy, na blizniacze kolosy ukryte gleboko w lesie Feralas. Na jednej z nich znajdziesz ostatniego lorekeepera, oraz finalnie - tajemniczy artefakt, ktorego tak zawziecie poszukujemy. Obys go szybko odnalazl, powodzenia!', 'Tak, to miedzy innymi tym statkiem Draenei uciekli z planety Argus. Genedar... kto by sie spodziewal. Wspaniala robota. Udaj sie w ostatni punkt swojej podrozy, na blizniacze kolosy ukryte gleboko w lesie Feralas. Na jednej z nich znajdziesz ostatniego lorekeepera, oraz finalnie - tajemniczy artefakt, ktorego tak zawziecie poszukujemy. Obys go szybko odnalazl, powodzenia!', 0, 1, 0, 1, 0, 0, 0, 0, '', '', 0, 0, 0, 0, 0, 0, 0, 0, '', '', 0, 0, 0, 0, 0, 0, 0, 0, '', '', 0, 0, 0, 0, 0, 0, 0, 0, '', '', 0, 0, 0, 0, 0, 0, 0, 0, '', '', 0, 0, 0, 0, 0, 0, 0, 0, '', '', 0, 0, 0, 0, 0, 0, 0, 0, '', '', 0, 0, 0, 0, 0, 0, 0, 0, 12340),
(980011, 'Zgadza sie. Jestes wspanialym wiedzacym, dzieki Tobie mamy to czego szukalismy. Oto Jadeitowe pazury duchowe Wojtkoki. Ach, w istocie cudowny artefakt. Byc moze, gdy skonczysz parac sie wojaczka, dolaczysz do nas, do lorekeeperow? Byloby wspaniale. Gratulacje. Twoja dzisiejsza przygoda wlasnie dobiegla konca. Zachecam do zejscia stad za pomoca spadochronu od elfa stojacego naprzeciw. Do zobaczenia w Azeroth, podrozniku!', 'Zgadza sie. Jestes wspanialym wiedzacym, dzieki Tobie mamy to czego szukalismy. Oto Jadeitowe pazury duchowe Wojtkoki. Ach, w istocie cudowny artefakt. Byc moze, gdy skonczysz parac sie wojaczka, dolaczysz do nas, do lorekeeperow? Byloby wspaniale. Gratulacje. Twoja dzisiejsza przygoda wlasnie dobiegla konca. Zachecam do zejscia stad za pomoca spadochronu od elfa stojacego naprzeciw. Do zobaczenia w Azeroth, podrozniku!', 0, 1, 0, 1, 0, 0, 0, 0, '', '', 0, 0, 0, 0, 0, 0, 0, 0, '', '', 0, 0, 0, 0, 0, 0, 0, 0, '', '', 0, 0, 0, 0, 0, 0, 0, 0, '', '', 0, 0, 0, 0, 0, 0, 0, 0, '', '', 0, 0, 0, 0, 0, 0, 0, 0, '', '', 0, 0, 0, 0, 0, 0, 0, 0, '', '', 0, 0, 0, 0, 0, 0, 0, 0, 12340),
(980012, ' ', ' ', 0, 1, 0, 1, 0, 0, 0, 0, '', '', 0, 0, 0, 0, 0, 0, 0, 0, '', '', 0, 0, 0, 0, 0, 0, 0, 0, '', '', 0, 0, 0, 0, 0, 0, 0, 0, '', '', 0, 0, 0, 0, 0, 0, 0, 0, '', '', 0, 0, 0, 0, 0, 0, 0, 0, '', '', 0, 0, 0, 0, 0, 0, 0, 0, '', '', 0, 0, 0, 0, 0, 0, 0, 0, 12340);


DELETE FROM `item_template` WHERE `item_template`.`entry` = 86101;
DELETE FROM `item_template` WHERE `item_template`.`entry` = 86102;
DELETE FROM `item_template` WHERE `item_template`.`entry` = 86103;
DELETE FROM `item_template` WHERE `item_template`.`entry` = 86104;
DELETE FROM `item_template` WHERE `item_template`.`entry` = 86105;
DELETE FROM `item_template` WHERE `item_template`.`entry` = 86106;
DELETE FROM `item_template` WHERE `item_template`.`entry` = 86107;
DELETE FROM `item_template` WHERE `item_template`.`entry` = 86108;
DELETE FROM `item_template` WHERE `item_template`.`entry` = 86109;
DELETE FROM `item_template` WHERE `item_template`.`entry` = 86110;

INSERT INTO `item_template` (`entry`, `class`, `subclass`, `SoundOverrideSubclass`, `name`, `displayid`, `Quality`, `Flags`, `FlagsExtra`, `BuyCount`, `BuyPrice`, `SellPrice`, `InventoryType`, `AllowableClass`, `AllowableRace`, `ItemLevel`, `RequiredLevel`, `RequiredSkill`, `RequiredSkillRank`, `requiredspell`, `requiredhonorrank`, `RequiredCityRank`, `RequiredReputationFaction`, `RequiredReputationRank`, `maxcount`, `stackable`, `ContainerSlots`, `StatsCount`, `stat_type1`, `stat_value1`, `stat_type2`, `stat_value2`, `stat_type3`, `stat_value3`, `stat_type4`, `stat_value4`, `stat_type5`, `stat_value5`, `stat_type6`, `stat_value6`, `stat_type7`, `stat_value7`, `stat_type8`, `stat_value8`, `stat_type9`, `stat_value9`, `stat_type10`, `stat_value10`, `ScalingStatDistribution`, `ScalingStatValue`, `dmg_min1`, `dmg_max1`, `dmg_type1`, `dmg_min2`, `dmg_max2`, `dmg_type2`, `armor`, `holy_res`, `fire_res`, `nature_res`, `frost_res`, `shadow_res`, `arcane_res`, `delay`, `ammo_type`, `RangedModRange`, `spellid_1`, `spelltrigger_1`, `spellcharges_1`, `spellppmRate_1`, `spellcooldown_1`, `spellcategory_1`, `spellcategorycooldown_1`, `spellid_2`, `spelltrigger_2`, `spellcharges_2`, `spellppmRate_2`, `spellcooldown_2`, `spellcategory_2`, `spellcategorycooldown_2`, `spellid_3`, `spelltrigger_3`, `spellcharges_3`, `spellppmRate_3`, `spellcooldown_3`, `spellcategory_3`, `spellcategorycooldown_3`, `spellid_4`, `spelltrigger_4`, `spellcharges_4`, `spellppmRate_4`, `spellcooldown_4`, `spellcategory_4`, `spellcategorycooldown_4`, `spellid_5`, `spelltrigger_5`, `spellcharges_5`, `spellppmRate_5`, `spellcooldown_5`, `spellcategory_5`, `spellcategorycooldown_5`, `bonding`, `description`, `PageText`, `LanguageID`, `PageMaterial`, `startquest`, `lockid`, `Material`, `sheath`, `RandomProperty`, `RandomSuffix`, `block`, `itemset`, `MaxDurability`, `area`, `Map`, `BagFamily`, `TotemCategory`, `socketColor_1`, `socketContent_1`, `socketColor_2`, `socketContent_2`, `socketColor_3`, `socketContent_3`, `socketBonus`, `GemProperties`, `RequiredDisenchantSkill`, `ArmorDamageModifier`, `duration`, `ItemLimitCategory`, `HolidayId`, `ScriptName`, `DisenchantID`, `FoodType`, `minMoneyLoot`, `maxMoneyLoot`, `flagsCustom`, `VerifiedBuild`) VALUES
(86101, 12, 0, -1, 'Key of Lore (1)', 1399, 1, 2048, 0, 1, 0, 0, 0, -1, -1, 1, 0, 0, 0, 0, 0, 0, 0, 0, 1, 1, 0, 0, 0, 0, 0, 0, 0, 0, 0, 0, 0, 0, 0, 0, 0, 0, 0, 0, 0, 0, 0, 0, 0, 0, 0, 0, 0, 0, 0, 0, 0, 0, 0, 0, 0, 0, 0, 0, 0, 0, 0, 0, 0, 0, -1, 0, -1, 0, 0, 0, 0, -1, 0, -1, 0, 0, 0, 0, -1, 0, -1, 0, 0, 0, 0, -1, 0, -1, 0, 0, 0, 0, -1, 0, -1, 4, '', 0, 0, 0, 0, 0, -1, 0, 0, 0, 0, 0, 0, 0, 0, 0, 0, 0, 0, 0, 0, 0, 0, 0, 0, -1, 0, 0, 0, 0, '', 0, 0, 0, 0, 0, 12340),
(86102, 12, 0, -1, 'Key of Lore (2)', 1399, 1, 2048, 0, 1, 0, 0, 0, -1, -1, 1, 0, 0, 0, 0, 0, 0, 0, 0, 1, 1, 0, 0, 0, 0, 0, 0, 0, 0, 0, 0, 0, 0, 0, 0, 0, 0, 0, 0, 0, 0, 0, 0, 0, 0, 0, 0, 0, 0, 0, 0, 0, 0, 0, 0, 0, 0, 0, 0, 0, 0, 0, 0, 0, 0, -1, 0, -1, 0, 0, 0, 0, -1, 0, -1, 0, 0, 0, 0, -1, 0, -1, 0, 0, 0, 0, -1, 0, -1, 0, 0, 0, 0, -1, 0, -1, 4, '', 0, 0, 0, 0, 0, -1, 0, 0, 0, 0, 0, 0, 0, 0, 0, 0, 0, 0, 0, 0, 0, 0, 0, 0, -1, 0, 0, 0, 0, '', 0, 0, 0, 0, 0, 12340),
(86103, 12, 0, -1, 'Key of Lore (3)', 1399, 1, 2048, 0, 1, 0, 0, 0, -1, -1, 1, 0, 0, 0, 0, 0, 0, 0, 0, 1, 1, 0, 0, 0, 0, 0, 0, 0, 0, 0, 0, 0, 0, 0, 0, 0, 0, 0, 0, 0, 0, 0, 0, 0, 0, 0, 0, 0, 0, 0, 0, 0, 0, 0, 0, 0, 0, 0, 0, 0, 0, 0, 0, 0, 0, -1, 0, -1, 0, 0, 0, 0, -1, 0, -1, 0, 0, 0, 0, -1, 0, -1, 0, 0, 0, 0, -1, 0, -1, 0, 0, 0, 0, -1, 0, -1, 4, '', 0, 0, 0, 0, 0, -1, 0, 0, 0, 0, 0, 0, 0, 0, 0, 0, 0, 0, 0, 0, 0, 0, 0, 0, -1, 0, 0, 0, 0, '', 0, 0, 0, 0, 0, 12340),
(86104, 12, 0, -1, 'Key of Lore (4)', 1399, 1, 2048, 0, 1, 0, 0, 0, -1, -1, 1, 0, 0, 0, 0, 0, 0, 0, 0, 1, 1, 0, 0, 0, 0, 0, 0, 0, 0, 0, 0, 0, 0, 0, 0, 0, 0, 0, 0, 0, 0, 0, 0, 0, 0, 0, 0, 0, 0, 0, 0, 0, 0, 0, 0, 0, 0, 0, 0, 0, 0, 0, 0, 0, 0, -1, 0, -1, 0, 0, 0, 0, -1, 0, -1, 0, 0, 0, 0, -1, 0, -1, 0, 0, 0, 0, -1, 0, -1, 0, 0, 0, 0, -1, 0, -1, 4, '', 0, 0, 0, 0, 0, -1, 0, 0, 0, 0, 0, 0, 0, 0, 0, 0, 0, 0, 0, 0, 0, 0, 0, 0, -1, 0, 0, 0, 0, '', 0, 0, 0, 0, 0, 12340),
(86105, 12, 0, -1, 'Key of Lore (5)', 1399, 1, 2048, 0, 1, 0, 0, 0, -1, -1, 1, 0, 0, 0, 0, 0, 0, 0, 0, 1, 1, 0, 0, 0, 0, 0, 0, 0, 0, 0, 0, 0, 0, 0, 0, 0, 0, 0, 0, 0, 0, 0, 0, 0, 0, 0, 0, 0, 0, 0, 0, 0, 0, 0, 0, 0, 0, 0, 0, 0, 0, 0, 0, 0, 0, -1, 0, -1, 0, 0, 0, 0, -1, 0, -1, 0, 0, 0, 0, -1, 0, -1, 0, 0, 0, 0, -1, 0, -1, 0, 0, 0, 0, -1, 0, -1, 4, '', 0, 0, 0, 0, 0, -1, 0, 0, 0, 0, 0, 0, 0, 0, 0, 0, 0, 0, 0, 0, 0, 0, 0, 0, -1, 0, 0, 0, 0, '', 0, 0, 0, 0, 0, 12340),
(86106, 12, 0, -1, 'Key of Lore (6)', 1399, 1, 2048, 0, 1, 0, 0, 0, -1, -1, 1, 0, 0, 0, 0, 0, 0, 0, 0, 1, 1, 0, 0, 0, 0, 0, 0, 0, 0, 0, 0, 0, 0, 0, 0, 0, 0, 0, 0, 0, 0, 0, 0, 0, 0, 0, 0, 0, 0, 0, 0, 0, 0, 0, 0, 0, 0, 0, 0, 0, 0, 0, 0, 0, 0, -1, 0, -1, 0, 0, 0, 0, -1, 0, -1, 0, 0, 0, 0, -1, 0, -1, 0, 0, 0, 0, -1, 0, -1, 0, 0, 0, 0, -1, 0, -1, 4, '', 0, 0, 0, 0, 0, -1, 0, 0, 0, 0, 0, 0, 0, 0, 0, 0, 0, 0, 0, 0, 0, 0, 0, 0, -1, 0, 0, 0, 0, '', 0, 0, 0, 0, 0, 12340),
(86107, 12, 0, -1, 'Key of Lore (7)', 1399, 1, 2048, 0, 1, 0, 0, 0, -1, -1, 1, 0, 0, 0, 0, 0, 0, 0, 0, 1, 1, 0, 0, 0, 0, 0, 0, 0, 0, 0, 0, 0, 0, 0, 0, 0, 0, 0, 0, 0, 0, 0, 0, 0, 0, 0, 0, 0, 0, 0, 0, 0, 0, 0, 0, 0, 0, 0, 0, 0, 0, 0, 0, 0, 0, -1, 0, -1, 0, 0, 0, 0, -1, 0, -1, 0, 0, 0, 0, -1, 0, -1, 0, 0, 0, 0, -1, 0, -1, 0, 0, 0, 0, -1, 0, -1, 4, '', 0, 0, 0, 0, 0, -1, 0, 0, 0, 0, 0, 0, 0, 0, 0, 0, 0, 0, 0, 0, 0, 0, 0, 0, -1, 0, 0, 0, 0, '', 0, 0, 0, 0, 0, 12340),
(86108, 12, 0, -1, 'Key of Lore (8)', 1399, 1, 2048, 0, 1, 0, 0, 0, -1, -1, 1, 0, 0, 0, 0, 0, 0, 0, 0, 1, 1, 0, 0, 0, 0, 0, 0, 0, 0, 0, 0, 0, 0, 0, 0, 0, 0, 0, 0, 0, 0, 0, 0, 0, 0, 0, 0, 0, 0, 0, 0, 0, 0, 0, 0, 0, 0, 0, 0, 0, 0, 0, 0, 0, 0, -1, 0, -1, 0, 0, 0, 0, -1, 0, -1, 0, 0, 0, 0, -1, 0, -1, 0, 0, 0, 0, -1, 0, -1, 0, 0, 0, 0, -1, 0, -1, 4, '', 0, 0, 0, 0, 0, -1, 0, 0, 0, 0, 0, 0, 0, 0, 0, 0, 0, 0, 0, 0, 0, 0, 0, 0, -1, 0, 0, 0, 0, '', 0, 0, 0, 0, 0, 12340),
(86109, 12, 0, -1, 'Key of Lore (9)', 1399, 1, 2048, 0, 1, 0, 0, 0, -1, -1, 1, 0, 0, 0, 0, 0, 0, 0, 0, 1, 1, 0, 0, 0, 0, 0, 0, 0, 0, 0, 0, 0, 0, 0, 0, 0, 0, 0, 0, 0, 0, 0, 0, 0, 0, 0, 0, 0, 0, 0, 0, 0, 0, 0, 0, 0, 0, 0, 0, 0, 0, 0, 0, 0, 0, -1, 0, -1, 0, 0, 0, 0, -1, 0, -1, 0, 0, 0, 0, -1, 0, -1, 0, 0, 0, 0, -1, 0, -1, 0, 0, 0, 0, -1, 0, -1, 4, '', 0, 0, 0, 0, 0, -1, 0, 0, 0, 0, 0, 0, 0, 0, 0, 0, 0, 0, 0, 0, 0, 0, 0, 0, -1, 0, 0, 0, 0, '', 0, 0, 0, 0, 0, 12340),
(86110, 12, 0, -1, 'Key of Lore (10)', 1399, 1, 2048, 0, 1, 0, 0, 0, -1, -1, 1, 0, 0, 0, 0, 0, 0, 0, 0, 1, 1, 0, 0, 0, 0, 0, 0, 0, 0, 0, 0, 0, 0, 0, 0, 0, 0, 0, 0, 0, 0, 0, 0, 0, 0, 0, 0, 0, 0, 0, 0, 0, 0, 0, 0, 0, 0, 0, 0, 0, 0, 0, 0, 0, 0, -1, 0, -1, 0, 0, 0, 0, -1, 0, -1, 0, 0, 0, 0, -1, 0, -1, 0, 0, 0, 0, -1, 0, -1, 0, 0, 0, 0, -1, 0, -1, 4, '', 0, 0, 0, 0, 0, -1, 0, 0, 0, 0, 0, 0, 0, 0, 0, 0, 0, 0, 0, 0, 0, 0, 0, 0, -1, 0, 0, 0, 0, '', 0, 0, 0, 0, 0, 12340);

DELETE FROM `trinity_string` WHERE `entry`= 10505;
INSERT INTO `trinity_string` (`entry`, `content_default`, `content_loc1`, `content_loc2`, `content_loc3`, `content_loc4`, `content_loc5`, `content_loc6`, `content_loc7`, `content_loc8`) VALUES 
(10505, 'Gracz: |cffff00ff%s|r |cffffff00ukonczyl event: \'|cffff00ff%s|r|cffffff00\'! GRATULACJE!|r', NULL, NULL, NULL, NULL, NULL, NULL, NULL, NULL);