SET @ID := 1000600;
DELETE FROM npc_text WHERE ID BETWEEN @ID AND @ID + 4;
INSERT INTO npc_text(ID, text0_0) VALUES
(@ID, "So, do you want to fight the Hunger Games? Are you really sure about thtat? When the time comes, I will teleport you to Azshara Crater... where you will meet your destiny."),
(@ID + 1, "The Hunger Games? You rookie! You have to fight, of course! You, among other participants, will be teleported to Azshara Crater, where you will all fight against each other. The winner is the last man standing."),
(@ID + 2, "You are too late! The Hunger Games are in progress!"),
(@ID + 3, "You are too late! There's no more room for new participants!"),
(@ID + 4, "You want to participate in the Hunger Games?\n<Khat'nis chuckles.>\nYou are too weak. You lack the experience for that. Only the mightiest and the most experienced champions are able to participate... And you are not one of them.");

SET @ID := 190100;
DELETE FROM `creature_template` WHERE entry BETWEEN @ID AND @ID + 5;
INSERT INTO `creature_template` VALUES 
(@ID,0,0,0,0,0,2198,0,0,0,'Khat\'nis the Evergreen','Hunger Games',NULL,0,80,80,2,35,1,1,1.14286,1,0,0,0,0,0,1,2000,0,1,0,0,0,0,0,0,0,0,0,0,0,7,138936390,0,0,0,0,0,0,0,0,0,0,0,0,0,0,0,0,0,0,0,0,0,'',0,3,1,1,1,1,0,0,0,0,0,0,0,0,1,0,0,'npc_hunger_games',1),
(@ID + 1,0,0,0,0,0,10906,0,0,0,'HungerGames','Control',NULL,0,80,80,2,35,1,1,1.14286,1,0,0,0,0,0,1,2000,0,1,0,0,0,0,0,0,0,0,0,0,0,7,138936390,0,0,0,0,0,0,0,0,0,0,0,0,0,0,0,0,0,0,0,0,0,'',0,3,1,1,1,1,0,0,0,0,0,0,0,0,1,0,0,'npc_hunger_games_control',1),
(@ID + 2,0,0,0,0,0,16573,0,0,0,'Tunneler',NULL,NULL,0,83,83,1,14,0,1,1,1,0,1000,2000,0,262,1,2000,2000,1,0,2048,0,0,0,0,0,0,1000,2000,30,10,4,16968,0,0,0,0,0,0,0,0,31747,32738,37752,37751,0,0,0,0,0,0,0,0,'SmartAI',1,3,1,3,1,1,0,0,0,0,0,0,0,0,1,32,2097152,'',12340),
(@ID + 3,0,0,0,0,0,1918,0,0,0,'Kozrum',NULL,NULL,0,83,83,1,14,0,1,1,1,0,200,800,0,262,1,2000,2000,1,0,2048,0,0,0,0,0,0,1000,2000,30,10,4,@ID + 3,0,0,0,0,0,0,0,0,0,0,0,0,0,0,0,0,0,0,0,0,'',1,3,1,10,1,1,0,0,0,0,0,0,0,0,1,32,2097152,'',12340),
(@ID + 4,0,0,0,0,0,5571,5572,0,0,'Wastewander Rogue',NULL,NULL,0,83,83,0,16,0,1,1.14286,1,0,1000,2000,0,174,1,2000,2000,1,0,2048,0,0,0,0,0,0,49,73,16,7,4,5615,5615,0,0,0,0,0,0,0,0,0,0,0,0,0,0,0,0,0,78,107,'SmartAI',1,1,1,3,1,1,0,0,0,0,0,0,0,0,1,0,0,'',12340),
(@ID + 5,0,0,0,0,0,169,16925,0,0,'Hunger Spotlight','',NULL,0,60,60,0,114,0,1,0.99206,5,0,104,138,0,252,7.5,2000,2000,1,33555200,2048,0,0,0,0,0,0,72,106,26,10,16778240,0,0,0,0,0,0,0,0,0,0,0,0,0,0,0,0,0,0,0,0,0,'NullCreatureAI',0,4,1,1.35,1,1,0,0,0,0,0,0,0,0,1,0,130,'',12340);

DELETE FROM `creature_loot_template` WHERE entry = @ID + 3;
INSERT INTO `creature_loot_template` VALUES
(@ID + 3, 1, 100, 1, 0, -(@ID + 3), 1);

DELETE FROM `reference_loot_template` WHERE entry = @ID + 3;
INSERT INTO `reference_loot_template` VALUES
(@ID + 3, 54860, 0, 1, 1, 1, 1),
(@ID + 3, 37719, 0, 1, 1, 1, 1),
(@ID + 3, 23720, 0, 1, 1, 1, 1),
(@ID + 3, 35226, 0, 1, 1, 1, 1),
(@ID + 3, 38576, 0, 1, 1, 1, 1),
(@ID + 3, 46778, 0, 1, 1, 1, 1),
(@ID + 3, 33809, 0, 1, 1, 1, 1),
(@ID + 3, 33225, 0, 1, 1, 1, 1),
(@ID + 3, 54068, 0, 1, 1, 1, 1),
(@ID + 3, 54811, 0, 1, 1, 1, 1),
(@ID + 3, 54069, 0, 1, 1, 1, 1),
(@ID + 3, 21176, 0, 1, 1, 1, 1),
(@ID + 3, 64999, 0, 1, 1, 1, 1);

DELETE FROM `creature` WHERE `map` = 37;
SET @GUID := (SELECT MAX(guid) FROM creature) + 100;
INSERT INTO `creature` VALUES 
(@GUID + 0,36122,37,1,1,0,1,45.7927,904.634,339.395,2.99069,300,0,0,403200,0,0,0,0,0),
(@GUID + 1,16611,37,1,1,0,0,27.0119,908.711,339.395,1.23245,300,0,0,737,2175,0,0,0,0),
(@GUID + 2,16260,37,1,1,0,1,99.3817,1022.91,297.107,2.00625,300,0,0,178,382,0,0,0,0),
(@GUID + 3,16600,37,1,1,0,0,124.848,951.236,295.072,2.729,300,0,0,2699,0,0,0,0,0),
(@GUID + 4,10881,37,1,1,0,1,25.1421,906.995,339.395,0.685024,300,0,0,71,0,0,0,0,0),
(@GUID + 5,16600,37,1,1,0,0,112.605,962.538,295.072,5.89808,300,0,0,2614,0,0,0,0,0),
(@GUID + 6,16600,37,1,1,0,0,110.488,957.478,295.072,5.83997,300,0,0,2699,0,0,0,0,0),
(@GUID + 7,16600,37,1,1,0,0,127.891,956.414,295.072,2.72115,300,0,0,2614,0,0,0,0,0),
(@GUID + 8,16600,37,1,1,0,0,130.273,961.395,295.072,2.72901,300,0,0,2699,0,0,0,0,0),
(@GUID + 9,16600,37,1,1,0,0,115.025,968.114,295.072,5.86274,300,0,0,2699,0,0,0,0,0),
(@GUID + 10,16600,37,1,1,0,0,117.446,973.109,295.072,5.86274,300,0,0,2614,0,0,0,0,0),
(@GUID + 11,16600,37,1,1,0,0,132.409,967.06,295.072,2.70544,300,0,0,2614,0,0,0,0,0),
(@GUID + 12,9988,37,1,1,0,1,123.453,976.441,295.072,0.798494,300,0,0,1003,0,0,0,0,0),
(@GUID + 13,3705,37,1,1,0,1,101.536,1037.39,297.107,5.6073,300,0,0,713,0,0,0,0,0),
(@GUID + 14,8403,37,1,1,0,1,151.24,1000.1,296.033,3.13465,300,0,0,1003,0,0,0,0,0),
(@GUID + 15,3322,37,1,1,0,1,131.81,973.287,295.072,0.651624,300,0,0,1003,0,0,0,0,0),
(@GUID + 16,3296,37,1,1,0,1,149.785,977.135,295.436,2.45176,300,0,0,15953,0,0,0,0,0),
(@GUID + 17,3296,37,1,1,0,1,157.145,985.939,295.399,2.36929,300,0,0,15953,0,0,0,0,0),
(@GUID + 18,3296,37,1,1,0,1,161.668,1090.13,344.401,4.02256,300,0,0,15953,0,0,0,0,0),
(@GUID + 19,5609,37,1,1,0,1,102.821,1054.65,296.514,5.22724,300,0,0,300,0,0,0,0,0),
(@GUID + 20,5754,37,1,1,0,1,186.23,1014.83,300.119,2.77337,300,0,0,198,0,0,0,0,0),
(@GUID + 21,3296,37,1,1,0,1,172.643,1088.86,344.332,5.07185,300,0,0,15953,0,0,0,0,0),
(@GUID + 22,5724,37,1,1,0,1,100.575,1033.59,297.107,0.446435,300,0,0,328,0,0,0,0,0),
(@GUID + 23,12796,37,1,1,0,1,112.888,1023.72,296.208,5.51841,300,0,0,5228,0,0,0,134218496,0),
(@GUID + 24,36119,37,1,1,0,1,44.8133,906.988,339.395,4.02663,300,0,0,322560,634608,0,0,0,0),
(@GUID + 25,12796,37,1,1,0,1,117.616,1029.68,296.255,5.60088,300,0,0,5228,0,0,0,134218496,0),
(@GUID + 26,4581,37,1,1,0,1,43.6735,1121.46,367.178,5.3102,300,0,0,1003,0,0,0,0,0),
(@GUID + 27,3481,37,1,1,0,1,117.126,1050.98,297.107,4.03963,300,0,0,300,0,0,0,0,0),
(@GUID + 28,4591,37,1,1,0,1,29.2476,1113.6,367.178,5.267,300,0,0,1342,0,0,0,0,0),
(@GUID + 29,36213,37,1,1,0,1,79.0573,1138.5,367.178,5.38481,300,0,0,15953,0,0,0,0,0),
(@GUID + 30,36213,37,1,1,0,1,70.0268,1131.46,367.178,5.41622,300,0,0,15953,0,0,0,0,0),
(@GUID + 31,31416,37,1,1,0,1,128.215,1047.48,296.839,5.69511,300,0,0,21270,0,0,0,0,0),
(@GUID + 32,36226,37,1,1,0,1,-28.6955,970.757,347.306,5.58507,300,0,0,50400,0,0,0,0,0),
(@GUID + 33,12795,37,1,1,0,1,118.598,1040.45,296.326,5.83759,300,0,0,5228,0,0,0,0,0),
(@GUID + 34,36121,37,1,1,0,1,43.0098,902.209,339.396,1.66021,300,0,0,403200,0,0,0,0,0),
(@GUID + 35,3083,37,1,1,0,1,23.8489,1102.87,367.211,5.32825,300,0,0,25200,0,0,0,0,0),
(@GUID + 36,7311,37,1,1,0,1,124.712,1044.8,296.47,4.68909,300,0,0,1753,0,0,0,0,0),
(@GUID + 37,12793,37,1,1,0,1,52.8417,1188.91,368.289,4.05004,300,0,0,5228,0,0,0,0,0),
(@GUID + 38,3410,37,1,1,0,1,95.4058,1054.25,297.07,3.84881,300,0,0,1003,0,0,0,0,0),
(@GUID + 39,34059,37,1,1,0,0,29.1092,1180.64,368.289,5.8808,300,0,0,8100,0,0,0,0,0),
(@GUID + 40,34043,37,1,1,0,1,39.0378,1188.41,368.289,5.0043,300,0,0,9462,12886,0,0,0,0),
(@GUID + 41,36213,37,1,1,0,1,1.12834,938.466,348.029,5.48847,300,0,0,15953,0,0,0,0,0),
(@GUID + 42,36213,37,1,1,0,1,6.68017,944.685,348.031,5.54344,300,0,0,15953,0,0,0,0,0),
(@GUID + 43,34059,37,1,1,0,0,28.568,1167.89,368.289,0.29741,300,0,0,8100,0,0,0,0,0),
(@GUID + 44,13839,37,1,1,0,1,-38.3847,980.151,348.454,5.54109,300,0,0,25200,0,0,0,0,0),
(@GUID + 45,36120,37,1,1,0,1,40.5093,904.334,339.395,0.238642,300,0,0,403200,39940,0,0,0,0),
(@GUID + 46,13839,37,1,1,0,1,-17.6366,961.489,348.452,2.47018,300,0,0,25200,0,0,0,0,0),
(@GUID + 47,12791,37,1,1,0,1,40.3421,1170.97,367.344,0.470184,300,0,0,5180,5136,0,0,0,0),
(@GUID + 48,12789,37,1,1,0,1,44.8595,1168.28,367.344,1.84149,300,0,0,6474,0,0,0,0,0),
(@GUID + 49,19850,37,1,1,0,0,48.0492,1171.37,367.331,2.85858,300,0,0,4532,12030,0,0,0,0),
(@GUID + 50,12790,37,1,1,0,1,45.9221,1176.32,367.33,4.31314,300,0,0,4532,6015,0,0,0,0),
(@GUID + 51,36124,37,1,1,0,1,42.5092,907.463,339.395,4.96595,300,0,0,322560,634608,0,0,0,0),
(@GUID + 52,3312,37,1,1,0,1,121.043,1036.34,296.526,0.659852,300,0,0,2769,0,0,0,0,0),
(@GUID + 53,5882,37,1,1,0,1,129.229,1040.34,297.064,3.19683,300,0,0,4121,0,0,0,0,0),
(@GUID + 54,18103,37,1,1,0,0,167.974,1097.75,322.787,4.07559,300,0,0,11828,0,0,0,0,0),
(@GUID + 55,11870,37,1,1,0,1,26.4909,960.2,339.394,6.17251,300,0,0,15505,0,0,0,0,0),
(@GUID + 56,6466,37,1,1,0,0,146.842,1061.98,307.555,4.13145,300,0,0,247,0,0,0,0,0),
(@GUID + 57,17655,37,1,1,0,1,113.788,1034,297.107,1.50385,300,0,0,328,0,0,0,0,0),
(@GUID + 58,31781,37,1,1,0,1,114.074,1036.63,297.107,4.64545,300,0,0,12600,0,0,0,0,0),
(@GUID + 59,16192,37,1,1,0,1,-23.5433,862.646,339.395,1.28734,300,0,0,10572,0,0,0,0,0),
(@GUID + 60,27946,37,1,1,0,0,-21.39,860.085,339.418,1.43656,300,0,0,17742,0,0,0,0,0),
(@GUID + 61,8362,37,1,1,0,1,105.225,1006.09,296.202,0.26943,300,0,0,1003,0,0,0,0,0),
(@GUID + 62,27946,37,1,1,0,0,-26.7152,860.674,339.396,1.41693,300,0,0,17742,0,0,0,0,0),
(@GUID + 63,5614,37,1,1,0,1,107.053,1059.25,296.975,4.32039,300,0,0,713,0,0,0,0,0),
(@GUID + 64,25135,37,1,1,0,1,39.1658,940.921,339.395,0.443806,300,0,0,6761,0,0,0,0,0),
(@GUID + 65,25135,37,1,1,0,1,37.8776,943.631,339.395,0.443806,300,0,0,6761,0,0,0,0,0),
(@GUID + 66,25135,37,1,1,0,1,36.5895,946.34,339.395,0.443806,300,0,0,6986,0,0,0,0,0),
(@GUID + 67,32666,37,1,1,0,0,59.4399,904.406,340.838,2.67731,300,0,0,1,0,0,0,0,0),
(@GUID + 68,6929,37,1,1,0,1,105.142,1051.59,296.314,2.24665,300,0,0,1003,0,0,0,0,0),
(@GUID + 69,5610,37,1,1,0,1,105.453,1054.51,296.35,4.06485,300,0,0,247,0,0,0,0,0),
(@GUID + 70,5606,37,1,1,0,1,102.691,1051.37,296.381,0.883992,300,0,0,247,0,0,0,0,0),
(@GUID + 71,32666,37,1,1,0,0,64.7285,908.223,342.248,2.37258,300,0,0,1,0,0,0,0,0),
(@GUID + 72,3321,37,1,1,0,0,104.567,1059.05,297.05,5.52598,300,0,0,1003,0,0,0,0,0),
(@GUID + 73,3296,37,1,1,0,1,162.692,981.224,294.153,5.42779,300,0,0,15953,0,0,0,0,0),
(@GUID + 74,3319,37,1,1,0,1,107.965,1056.11,296.526,2.45901,300,0,0,1003,0,0,0,0,0),
(@GUID + 75,3296,37,1,1,0,1,155.754,974.041,293.76,5.53382,300,0,0,15953,0,0,0,0,0),
(@GUID + 76,25135,37,1,1,0,1,35.3013,949.049,339.395,0.443806,300,0,0,6986,0,0,0,0,0),
(@GUID + 77,25134,37,1,1,0,1,38.0107,950.338,339.395,0.443806,300,0,0,6542,0,0,0,0,0),
(@GUID + 78,25134,37,1,1,0,1,39.2988,947.628,339.395,0.443806,300,0,0,6986,0,0,0,0,0),
(@GUID + 79,25134,37,1,1,0,1,40.587,944.919,339.395,0.443806,300,0,0,6542,0,0,0,0,0),
(@GUID + 80,25135,37,1,1,0,1,41.742,935.503,339.395,0.443806,300,0,0,6986,0,0,0,0,0),
(@GUID + 81,10266,37,1,1,0,1,-61.5643,923.01,339.654,5.31721,300,0,0,713,0,0,0,0,0),
(@GUID + 82,25134,37,1,1,0,1,41.8751,942.21,339.395,0.443806,300,0,0,6542,0,0,0,0,0),
(@GUID + 83,25134,37,1,1,0,1,43.1633,939.5,339.395,0.443806,300,0,0,6986,0,0,0,0,0),
(@GUID + 84,25134,37,1,1,0,1,44.4514,936.791,339.395,0.443806,300,0,0,6542,0,0,0,0,0),
(@GUID + 85,25135,37,1,1,0,1,47.1608,938.079,339.395,0.443806,300,0,0,6986,0,0,0,0,0),
(@GUID + 86,25135,37,1,1,0,1,45.8726,940.788,339.395,0.443806,300,0,0,6761,0,0,0,0,0),
(@GUID + 87,25135,37,1,1,0,1,44.5845,943.498,339.395,0.443806,300,0,0,6761,0,0,0,0,0),
(@GUID + 88,25135,37,1,1,0,1,43.2964,946.207,339.395,0.443806,300,0,0,6761,0,0,0,0,0),
(@GUID + 89,25135,37,1,1,0,1,42.0082,948.916,339.395,0.443806,300,0,0,6761,0,0,0,0,0),
(@GUID + 90,25135,37,1,1,0,1,40.7201,951.626,339.395,0.443806,300,0,0,6542,0,0,0,0,0),
(@GUID + 91,25134,37,1,1,0,1,43.4294,952.914,339.395,0.443806,300,0,0,6542,0,0,0,0,0),
(@GUID + 92,11177,37,1,1,0,1,-55.9883,921.472,339.654,3.56578,300,0,0,3083,0,0,0,0,0),
(@GUID + 93,25135,37,1,1,0,1,40.4539,938.212,339.395,0.443806,300,0,0,6761,0,0,0,0,0),
(@GUID + 94,11178,37,1,1,0,1,-62.9706,918.198,339.654,0.455602,300,0,0,2980,0,0,0,0,0),
(@GUID + 95,31146,37,1,1,0,0,66.0601,902.479,342.947,2.41813,300,0,0,24009944,0,0,0,0,0),
(@GUID + 96,25134,37,1,1,0,1,44.7176,950.205,339.395,0.443806,300,0,0,6542,0,0,0,0,0),
(@GUID + 97,25134,37,1,1,0,1,46.0057,947.495,339.395,0.443806,300,0,0,6542,0,0,0,0,0),
(@GUID + 98,25134,37,1,1,0,1,47.2939,944.786,339.395,0.443806,300,0,0,6986,0,0,0,0,0),
(@GUID + 99,25134,37,1,1,0,1,48.582,942.076,339.395,0.443806,300,0,0,6986,0,0,0,0,0),
(@GUID + 100,25134,37,1,1,0,1,49.8701,939.367,339.395,0.443806,300,0,0,6542,0,0,0,0,0),
(@GUID + 101,25143,37,1,1,0,0,51.597,948.222,339.395,3.57519,300,0,0,6986,0,0,0,0,0),
(@GUID + 102,6410,37,1,1,0,1,74.855,935.083,339.325,3.09133,300,0,0,2218,0,0,0,0,0),
(@GUID + 103,8361,37,1,1,0,1,68.7748,917.381,339.603,2.54626,300,0,0,1003,0,0,0,0,0),
(@GUID + 104,3083,37,1,1,0,1,29.399,1077.27,363.968,1.48766,300,0,0,25200,0,0,0,0,0),
(@GUID + 105,3083,37,1,1,0,1,-7.27545,1031.81,340.534,5.2285,300,0,0,25200,0,0,0,0,0),
(@GUID + 106,3083,37,1,1,0,1,12.9386,1030.5,341.992,4.93005,300,0,0,25200,0,0,0,0,0),
(@GUID + 107,3084,37,1,1,0,1,64.2129,950.188,339.395,3.14708,300,0,0,15953,0,0,0,0,0),
(@GUID + 108,3083,37,1,1,0,1,88.5059,1113.08,369.342,1.59603,300,0,0,25200,0,0,0,0,0),
(@GUID + 109,3083,37,1,1,0,1,96.7808,1129.33,365.174,4.60332,300,0,0,25200,0,0,0,0,0),
(@GUID + 110,3026,37,1,1,0,1,59.5266,1092.64,367.176,1.98323,300,0,0,2218,0,0,0,0,0),
(@GUID + 111,3027,37,1,1,0,1,68.2465,1095.07,366.884,2.1678,300,0,0,1753,0,0,0,0,0),
(@GUID + 112,3411,37,1,1,0,1,80.1719,1067.66,296.948,4.23759,300,0,0,713,0,0,0,0,0),
(@GUID + 113,3424,37,1,1,0,0,76.6603,1065.14,298.106,0.255616,300,0,0,474,510,0,0,0,0),
(@GUID + 114,4262,37,1,1,0,1,995.332,284.721,325.45,3.34497,300,0,0,15953,0,0,0,0,0),
(@GUID + 115,3408,37,1,1,0,1,79.8669,1063.31,297.235,1.43764,300,0,0,1753,0,0,0,0,0),
(@GUID + 116,3406,37,1,1,0,1,81.7519,1064.96,296.735,3.03985,300,0,0,2769,0,0,0,0,0),
(@GUID + 117,4262,37,1,1,0,1,998.598,273.598,325.864,3.37246,300,0,0,15953,0,0,0,0,0),
(@GUID + 118,3469,37,1,1,0,0,970.309,253.316,317.111,3.61317,300,0,0,6474,0,0,0,0,0),
(@GUID + 119,3691,37,1,1,0,1,1165.22,206.548,357.203,1.50023,300,0,0,61040,0,0,0,0,0),
(@GUID + 120,3959,37,1,1,0,1,1182.88,217.509,357.197,3.82895,300,0,0,532,0,0,0,0,0),
(@GUID + 121,3469,37,1,1,0,0,1172.16,326.01,356.016,3.66423,300,0,0,6474,0,0,0,0,0),
(@GUID + 122,3954,37,1,1,0,0,1186.29,213.162,357.197,3.8525,300,0,0,665,0,0,0,0,0),
(@GUID + 123,3915,37,1,1,0,0,1169.49,206.412,357.211,1.32352,300,0,0,618,0,0,0,0,0),
(@GUID + 124,2041,37,1,1,0,0,909.785,270.309,304.941,5.08187,300,0,0,6104,0,0,0,0,0),
(@GUID + 125,3888,37,1,1,0,0,1163.93,207.089,357.202,1.36279,300,0,0,484,0,0,0,0,0),
(@GUID + 126,2041,37,1,1,0,0,1048.22,410.732,338.779,5.09567,300,0,0,6104,0,0,0,0,0),
(@GUID + 127,2041,37,1,1,0,0,1239.22,204.383,354.851,1.92064,300,0,0,6104,0,0,0,0,0),
(@GUID + 128,3958,37,1,1,0,0,1155.32,189.276,362.309,0.699131,300,0,0,713,0,0,0,0,0),
(@GUID + 129,25136,37,1,1,0,1,1045.27,391.845,335.397,1.94622,300,0,0,6986,0,0,0,0,0),
(@GUID + 130,25136,37,1,1,0,1,1048.06,392.945,335.272,1.94622,300,0,0,6542,0,0,0,0,0),
(@GUID + 131,25136,37,1,1,0,1,1048.06,392.945,336.301,1.94622,300,0,0,6761,0,0,0,0,0),
(@GUID + 132,4262,37,1,1,0,1,1192.64,173.396,355.407,5.60788,300,0,0,15953,0,0,0,0,0),
(@GUID + 133,6087,37,1,1,0,1,1165.21,271.757,351.948,3.71134,300,0,0,1753,0,0,0,0,0),
(@GUID + 134,25136,37,1,1,0,1,1050.85,394.045,336.552,1.94622,300,0,0,6542,0,0,0,0,0),
(@GUID + 135,4262,37,1,1,0,1,1209.29,187.446,355.138,5.40761,300,0,0,15953,0,0,0,0,0),
(@GUID + 136,25136,37,1,1,0,1,1053.64,395.145,338.38,1.94622,300,0,0,6986,0,0,0,0,0),
(@GUID + 137,6087,37,1,1,0,1,1175.02,260.549,352.332,3.79381,300,0,0,1753,0,0,0,0,0),
(@GUID + 138,6087,37,1,1,0,1,1163.9,242.773,354.466,2.28977,300,0,0,1753,0,0,0,0,0),
(@GUID + 139,4262,37,1,1,0,1,1202.3,214.236,355.011,0.634748,300,0,0,15953,0,0,0,0,0),
(@GUID + 140,25136,37,1,1,0,1,1056.43,396.245,339.578,1.94622,300,0,0,6542,0,0,0,0,0),
(@GUID + 141,25136,37,1,1,0,1,1059.22,397.345,340.809,1.94622,300,0,0,6542,0,0,0,0,0),
(@GUID + 142,6087,37,1,1,0,1,1142.66,224.217,355.093,2.01488,300,0,0,1753,0,0,0,0,0),
(@GUID + 143,25136,37,1,1,0,1,1057.02,402.928,340.506,1.94622,300,0,0,6986,0,0,0,0,0),
(@GUID + 144,25136,37,1,1,0,1,1054.23,401.828,339.351,1.94622,300,0,0,6542,0,0,0,0,0),
(@GUID + 145,25136,37,1,1,0,1,1051.44,400.728,338.233,1.94622,300,0,0,6542,0,0,0,0,0),
(@GUID + 146,25136,37,1,1,0,1,1048.65,399.628,337.236,1.94622,300,0,0,6986,0,0,0,0,0),
(@GUID + 147,25136,37,1,1,0,1,1045.86,398.528,336.316,1.94622,300,0,0,6986,0,0,0,0,0),
(@GUID + 148,25136,37,1,1,0,1,1043.07,397.428,335.459,1.94622,300,0,0,6761,0,0,0,0,0),
(@GUID + 149,3952,37,1,1,0,0,1199.14,282.109,359.079,2.21123,300,0,0,574,0,0,0,0,0),
(@GUID + 150,25137,37,1,1,0,1,1058.12,400.136,340.622,1.94622,300,0,0,6986,0,0,0,0,0),
(@GUID + 151,25137,37,1,1,0,1,1055.33,399.036,339.444,1.94622,300,0,0,6986,0,0,0,0,0),
(@GUID + 152,25137,37,1,1,0,1,1052.54,397.936,338.282,1.94622,300,0,0,6542,0,0,0,0,0),
(@GUID + 153,25137,37,1,1,0,1,1049.75,396.836,337.241,1.94622,300,0,0,6986,0,0,0,0,0),
(@GUID + 154,25137,37,1,1,0,1,1046.96,395.736,336.28,1.94622,300,0,0,6761,0,0,0,0,0),
(@GUID + 155,25137,37,1,1,0,1,1044.17,394.637,335.389,1.94622,300,0,0,6986,0,0,0,0,0),
(@GUID + 156,25137,37,1,1,0,1,1060.32,394.554,340.809,1.94622,300,0,0,6986,0,0,0,0,0),
(@GUID + 157,25137,37,1,1,0,1,1057.53,393.454,339.746,1.94622,300,0,0,6986,0,0,0,0,0),
(@GUID + 158,25137,37,1,1,0,1,1054.74,392.354,338.526,1.94622,300,0,0,6542,0,0,0,0,0),
(@GUID + 159,25137,37,1,1,0,1,1051.95,391.254,337.414,1.94622,300,0,0,6986,0,0,0,0,0),
(@GUID + 160,3961,37,1,1,0,0,1192.6,276.587,359.079,2.20336,300,0,0,449,0,0,0,0,0),
(@GUID + 161,25137,37,1,1,0,1,1049.16,390.154,336.358,1.94622,300,0,0,6986,0,0,0,0,0),
(@GUID + 162,4262,37,1,1,0,1,1085.04,384.98,349.136,4.08791,300,0,0,15953,0,0,0,0,0),
(@GUID + 163,25137,37,1,1,0,1,1046.37,389.054,335.433,1.94622,300,0,0,6542,0,0,0,0,0),
(@GUID + 164,4262,37,1,1,0,1,1095.84,377.27,349.304,4.09969,300,0,0,15953,0,0,0,0,0),
(@GUID + 165,3969,37,1,1,0,0,1185.86,285.228,359.079,5.45099,300,0,0,896,0,0,0,0,0),
(@GUID + 166,3959,37,1,1,0,1,1193.6,292.297,359.079,5.34103,300,0,0,532,0,0,0,0,0),
(@GUID + 167,1573,37,1,1,0,1,1097.43,223.594,337.347,1.7592,300,0,0,10572,0,0,0,0,0),
(@GUID + 168,19848,37,1,1,0,1,1090.23,296.226,338.602,0.336934,300,0,0,13522,0,0,0,0,0),
(@GUID + 169,9526,37,1,1,0,0,1100.11,219.277,339.025,1.57464,300,0,0,17742,0,0,0,0,0),
(@GUID + 170,9526,37,1,1,0,0,1094.55,219.77,337.783,1.46861,300,0,0,17742,0,0,0,0,0),
(@GUID + 171,12779,37,1,1,0,1,1094.6,293.023,338.601,1.56058,300,0,0,3660,10026,0,0,0,0),
(@GUID + 172,12780,37,1,1,0,1,1099.05,297.076,338.616,2.95938,300,0,0,5228,0,0,0,0,0),
(@GUID + 173,12787,37,1,1,0,1,1096.81,302.115,338.616,4.29141,300,0,0,6474,0,0,0,0,0),
(@GUID + 174,12786,37,1,1,0,1,1091.84,301.432,338.616,5.38783,300,0,0,6474,0,0,0,0,0),
(@GUID + 175,12781,37,1,1,0,1,1103.75,279.195,339.561,2.06559,300,0,0,5228,0,0,0,0,0),
(@GUID + 176,34081,37,1,1,0,0,1110.88,292.694,339.56,2.65699,300,0,0,11828,0,0,0,0,0),
(@GUID + 177,12778,37,1,1,0,1,1110.56,305.615,339.561,3.57355,300,0,0,11828,0,0,0,0,0),
(@GUID + 178,12784,37,1,1,0,1,1100.34,314.299,339.559,4.43984,300,0,0,5228,0,0,0,0,0),
(@GUID + 179,19173,37,1,1,0,0,1155.22,278.59,350.356,5.91044,300,0,0,42,0,0,0,0,0),
(@GUID + 180,19172,37,1,1,0,0,1158.31,277.126,351.084,2.72173,300,0,0,42,0,0,0,0,0),
(@GUID + 181,16733,37,1,1,0,1,1045.53,301.136,337.891,3.345,300,0,0,15953,0,0,0,0,0),
(@GUID + 182,16733,37,1,1,0,1,1047.21,288.203,338.342,3.07403,300,0,0,15953,0,0,0,0,0),
(@GUID + 183,3469,37,1,1,0,0,1135.08,198.637,353.713,2.20936,300,0,0,6474,0,0,0,0,0),
(@GUID + 184,3469,37,1,1,0,0,1013.18,379.58,327.662,6.15991,300,0,0,6474,0,0,0,0,0),
(@GUID + 185,7944,37,1,1,0,1,1074.67,334.258,338.056,1.71288,300,0,0,3759,0,0,0,0,0),
(@GUID + 186,7950,37,1,1,0,1,1078.45,336.127,338.647,2.05453,300,0,0,3759,0,0,0,0,0),
(@GUID + 187,5595,37,1,1,0,1,1011.01,346.421,346.415,0.118522,300,0,0,15953,0,0,0,0,0),
(@GUID + 188,5595,37,1,1,0,1,1001.06,344.915,370.537,0.0517607,300,0,0,15953,0,0,0,0,0),
(@GUID + 189,5595,37,1,1,0,1,1045.45,219.139,343.066,0.110661,300,0,0,15953,0,0,0,0,0),
(@GUID + 190,5595,37,1,1,0,1,1035.44,217.956,367.19,0.153858,300,0,0,15953,0,0,0,0,0),
(@GUID + 191,11145,37,1,1,0,1,1221.98,354.457,373.486,2.36278,300,0,0,3189,0,0,0,0,0),
(@GUID + 192,11145,37,1,1,0,1,1212.25,348.61,371.351,0.81947,300,0,0,3189,0,0,0,0,0),
(@GUID + 193,11029,37,1,1,0,1,1240.61,232.911,355.135,0.00236893,300,0,0,1107,0,0,0,0,0),
(@GUID + 194,5175,37,1,1,0,1,1253.88,236.828,355.137,3.62698,300,0,0,1003,0,0,0,0,0),
(@GUID + 195,39623,37,1,1,0,0,1249.58,224.735,355.136,0.520738,300,0,0,42,0,0,0,0,0),
(@GUID + 196,5175,37,1,1,0,1,1242.37,233.365,355.136,3.22643,300,0,0,1003,0,0,0,0,0),
(@GUID + 197,5595,37,1,1,0,1,1216.18,340.393,369.407,4.93979,300,0,0,15953,0,0,0,0,0),
(@GUID + 198,5595,37,1,1,0,1,1195.83,365.413,374.011,2.96725,300,0,0,15953,0,0,0,0,0),
(@GUID + 199,5595,37,1,1,0,1,1231.5,348.772,375.031,5.09962,300,0,0,15953,0,0,0,0,0),
(@GUID + 200,@ID + 2,37,1,1,0,0,776.127,151.543,269.953,2.88955,300,0,0,34710,0,0,0,0,0),
(@GUID + 201,@ID + 2,37,1,1,0,0,541.759,3.97097,272.922,4.10849,300,0,0,34710,0,0,0,0,0),
(@GUID + 202,@ID + 2,37,1,1,0,0,345.412,-180.305,270.68,0.591476,300,0,0,34710,0,0,0,0,0),
(@GUID + 203,@ID + 2,37,1,1,0,0,273.892,260.889,262.068,3.54222,300,0,0,34710,0,0,0,0,0),
(@GUID + 204,@ID + 2,37,1,1,0,0,120.174,188.159,245.237,3.45426,300,0,0,34710,0,0,0,0,0),
(@GUID + 205,@ID + 2,37,1,1,0,0,119.187,-25.1761,244.751,2.94847,300,0,0,34710,0,0,0,0,0),
(@GUID + 206,@ID + 2,37,1,1,0,0,-33.5162,609.852,271.946,5.12323,300,0,0,34710,0,0,0,0,0),
(@GUID + 207,@ID + 2,37,1,1,0,0,-82.3913,668.187,272.634,0.325034,300,0,0,34710,0,0,0,0,0),
(@GUID + 208,@ID + 4,37,1,1,0,0,912.963,249.461,301.54,4.47665,300,0,0,17424,0,0,0,0,0),
(@GUID + 209,@ID + 4,37,1,1,0,0,901.884,71.1339,303.622,0.276342,300,0,0,17424,0,0,0,0,0),
(@GUID + 210,@ID + 4,37,1,1,0,0,919.249,0.797541,305.291,5.41285,300,0,0,17424,0,0,0,0,0),
(@GUID + 211,@ID + 4,37,1,1,0,0,914.213,-40.0533,311.914,4.58975,300,0,0,17424,0,0,0,0,0),
(@GUID + 212,@ID + 4,37,1,1,0,0,865.072,-21.3092,305.339,2.77155,300,0,0,17424,0,0,0,0,0),
(@GUID + 213,@ID + 4,37,1,1,0,0,777.478,72.7942,292.415,2.72757,300,0,0,17424,0,0,0,0,0),
(@GUID + 214,@ID + 4,37,1,1,0,0,713.357,147.897,275.785,1.70027,300,0,0,17424,0,0,0,0,0),
(@GUID + 215,@ID + 4,37,1,1,0,0,537.288,100.313,269.38,3.16975,300,0,0,17424,0,0,0,0,0),
(@GUID + 216,@ID + 4,37,1,1,0,0,346.155,58.8771,245.307,3.67869,300,0,0,17424,0,0,0,0,0),
(@GUID + 217,@ID + 4,37,1,1,0,0,216.272,92.9466,235.374,2.01521,300,0,0,17424,0,0,0,0,0),
(@GUID + 218,@ID + 4,37,1,1,0,0,259.186,209.904,247.687,0.852822,300,0,0,17424,0,0,0,0,0),
(@GUID + 219,@ID + 4,37,1,1,0,0,228.987,285.775,266.471,1.98772,300,0,0,17424,0,0,0,0,0),
(@GUID + 220,@ID + 4,37,1,1,0,0,82.8219,281.623,295.818,3.70932,300,0,0,17424,0,0,0,0,0),
(@GUID + 221,@ID + 4,37,1,1,0,0,63.2198,402.816,305.517,1.00833,300,0,0,17424,0,0,0,0,0),
(@GUID + 222,@ID + 4,37,1,1,0,0,109.94,616.398,261.3,1.13164,300,0,0,17424,0,0,0,0,0),
(@GUID + 223,@ID + 4,37,1,1,0,0,160.811,786.078,261.057,0.642336,300,0,0,17424,0,0,0,0,0),
(@GUID + 224,@ID + 4,37,1,1,0,0,176.804,923.778,263.741,3.51532,300,0,0,17424,0,0,0,0,0),
(@GUID + 225,@ID + 4,37,1,1,0,0,96.9194,701.468,254.851,3.68654,300,0,0,17424,0,0,0,0,0),
(@GUID + 226,@ID + 4,37,1,1,0,0,94.4292,703.473,254.709,4.20569,300,0,0,17424,0,0,0,0,0),
(@GUID + 227,@ID + 4,37,1,1,0,0,-86.7582,659.028,274.939,0.156958,300,0,0,17424,0,0,0,0,0),
(@GUID + 228,@ID + 4,37,1,1,0,0,-11.5277,410.784,306.124,5.68145,300,0,0,17424,0,0,0,0,0),
(@GUID + 229,@ID + 4,37,1,1,0,0,-16.4597,410.798,306.124,4.79473,300,0,0,17424,0,0,0,0,0),
(@GUID + 230,@ID + 4,37,1,1,0,0,210.289,34.0444,236.927,0.277112,300,0,0,17424,0,0,0,0,0),
(@GUID + 231,@ID + 4,37,1,1,0,0,210.11,30.1844,237.257,5.87072,300,0,0,17424,0,0,0,0,0),
(@GUID + 232,@ID + 4,37,1,1,0,0,997.64,59.2682,308.338,2.75583,300,0,0,17424,0,0,0,0,0),
(@GUID + 233,30273,37,1,1,0,0,98.5123,705.332,254.909,3.93551,300,0,0,2,0,0,0,0,0),
(@GUID + 234,30273,37,1,1,0,0,-87.1674,666.578,273.675,0.325034,300,0,0,2,0,0,0,0,0),
(@GUID + 235,30273,37,1,1,0,0,-14.6537,412.931,306.124,5.68145,300,0,0,2,0,0,0,0,0),
(@GUID + 236,30273,37,1,1,0,0,170.73,272.284,269.283,5.96497,300,0,0,2,0,0,0,0,0),
(@GUID + 237,30273,37,1,1,0,0,207.057,33.1252,236.962,0.277112,300,0,0,2,0,0,0,0,0),
(@GUID + 238,30273,37,1,1,0,0,1001.72,55.4334,309.11,3.07313,300,0,0,2,0,0,0,0,0),
(@GUID + 239,30273,37,1,1,0,0,759.322,165.181,271.935,5.23612,300,0,0,2,0,0,0,0,0),
(@GUID + 240,30273,37,1,1,0,0,536.246,11.5496,271.904,1.74895,300,0,0,2,0,0,0,0,0),
(@GUID + 241,@ID + 5,37,1,1,0,0,154.703,167.794,239.207,2.0713,300,0,0,4121,0,0,0,0,0),
(@GUID + 242,@ID + 4,37,1,1,0,0,152.55,171.67,239.207,2.0713,300,0,0,4121,0,0,0,0,0),
(@GUID + 243,@ID + 4,37,1,1,0,0,159.81, 158.29, 239.20, 2.07,300,0,0,4121,0,0,0,0,0),
(@GUID + 244,@ID + 0,571,1,300,0,0,5924.14, 567.04, 661.08, 6.22,300,0,0,4121,0,0,0,0,0),
(@GUID + 245,@ID + 0,571,1,300,0,0,5684.79, 768.72, 647.74, 0.07,300,0,0,4121,0,0,0,0,0);


DELETE creature_addon FROM creature_addon INNER JOIN creature ON creature_addon.guid = creature.guid WHERE creature.map = 37;
INSERT INTO `creature_addon` VALUES
(@GUID + 241, 0, 0, 0, 0, 0, 50236);


SET @ID := 2000;
DELETE FROM points_of_interest WHERE entry BETWEEN @ID AND @ID + 4;
INSERT INTO points_of_interest VALUES
(@ID, 691, 103, 7, 99, 0, "Kozrum"),
(@ID + 1, 37, 507, 7, 99, 0, "Kozrum"),
(@ID + 2, 327, 167, 7, 99, 0, "Kozrum");

SET @ID := 190102;
DELETE FROM `smart_scripts` WHERE entryorguid = @ID;
INSERT INTO `smart_scripts` VALUES 
(@ID,0,0,1,25,0,100,0,0,0,0,0,18,33554432,0,0,0,0,0,1,0,0,0,0,0,0,0,'Tunneler - On Reset - Set Unit Flag'),
(@ID,0,1,2,61,0,100,0,0,0,0,0,19,4,0,0,0,0,0,1,0,0,0,0,0,0,0,'Tunneler - On Reset - Remove Unit Flag'),
(@ID,0,2,3,61,0,100,0,0,0,0,0,11,29147,2,0,0,0,0,1,0,0,0,0,0,0,0,'Tunneler - On Reset - Cast Tunnel Bore Passive'),
(@ID,0,3,0,61,0,100,0,0,0,0,0,90,9,0,0,0,0,0,1,0,0,0,0,0,0,0,'Tunneler - On Reset - Set Bytes0'),
(@ID,0,4,5,4,0,100,0,0,0,0,0,19,33554432,0,0,0,0,0,1,0,0,0,0,0,0,0,'Tunneler - On Aggro - Remove Unit Flag'),
(@ID,0,5,6,61,0,100,0,0,0,0,0,18,4,0,0,0,0,0,1,0,0,0,0,0,0,0,'Tunneler - On Aggro - Set Unit Flag'),
(@ID,0,6,7,61,0,100,0,0,0,0,0,28,29147,0,0,0,0,0,1,0,0,0,0,0,0,0,'Tunneler - On Aggro - Remove Aura Tunnel Bore Passive'),
(@ID,0,7,8,61,0,100,0,0,0,0,0,147,1,1,0,0,0,0,1,0,0,0,0,0,0,0,'Tunneler - On Aggro - Stop Motion'),
(@ID,0,8,0,0,0,100,1,100,100,0,0,91,9,0,0,0,0,0,1,0,0,0,0,0,0,0,'Tunneler - In Combat - Remove Bytes0'),
(@ID,0,9,0,0,0,100,0,1000,6000,8000,11000,11,32738,0,0,0,0,0,2,0,0,0,0,0,0,0,'Tunneler - In Combat - Cast Bore'),
(@ID,0,10,0,9,0,100,0,4,50,2000,3500,11,31747,0,0,0,0,0,2,0,0,0,0,0,0,0,'Tunneler - Within Range 5-50yd - Cast Poison');

SET @ID := 190104;
DELETE FROM `smart_scripts` WHERE entryorguid = @ID;
INSERT INTO `smart_scripts` VALUES 
(@ID,0,0,0,1,0,100,1,1000,1000,0,0,11,30831,0,0,0,0,0,1,0,0,0,0,0,0,0,'Wastewander Rogue - Out of Combat - Cast \'Stealth\''),
(@ID,0,1,0,0,0,100,0,3000,6000,6000,10000,11,8721,0,0,0,0,0,2,0,0,0,0,0,0,0,'Wastewander Rogue - In Combat - Cast \'Backstab\'');

DELETE FROM `creature_template_addon` WHERE entry = @ID;
INSERT INTO `creature_template_addon` VALUES(@ID, 0, 0, 0, 1, 0, 22766);

SET @ID := 405000;
DELETE FROM `gameobject_template` WHERE entry = @ID;
INSERT INTO `gameobject_template` VALUES (@ID,3,259,'Hunger Games Treasure Chest','','','',94,0,3,0,0,0,0,0,0,1599,@ID,0,1,0,0,0,0,0,0,0,0,0,0,0,0,0,0,0,0,0,0,0,0,'','',12340);
DELETE FROM `gameobject_loot_template` WHERE entry = @ID;
INSERT INTO `gameobject_loot_template` VALUES (@ID, 13325, 100, 1, 0, 1, 1);

DELETE FROM `gameobject` WHERE `map` = 37;
SET @GUID := (SELECT MAX(guid) FROM gameobject) + 100;
INSERT INTO `gameobject` VALUES 
(@GUID + 0,202932,37,1,1,98.2654,1040.39,297.108,5.61148,-0,-0,-0.329573,0.94413,300,0,1,0),
(@GUID + 1,178787,37,1,1,90.8319,1016.55,297.107,5.01693,-0,-0,-0.591669,0.806181,300,0,1,0),
(@GUID + 2,190665,37,1,1,93.8322,1022.52,297.107,4.01556,-0,-0,-0.906033,0.423208,300,0,1,0),
(@GUID + 3,181488,37,1,1,124.659,1039.71,296.81,3.07691,-0,-0,-0.999477,-0.032335,300,0,1,0),
(@GUID + 4,194490,37,1,1,43.0928,904.887,339.395,3.68105,-0,-0,-0.963844,0.266468,300,0,1,0),
(@GUID + 5,203006,37,1,1,-25.98,-35.58,267.61,3.35,-0,-0,-0.998793,0.0491229,300,0,1,0),
(@GUID + 6,203006,37,1,1,375.86,-272.72,265.29,4.37,-0,-0,-0.998793,0.0491229,300,0,1,0),
(@GUID + 7,178787,37,1,1,91.5939,1019.96,297.107,4.57554,-0,-0,-0.753798,0.657106,300,0,1,0),
(@GUID + 8,177044,37,1,1,132.11,1021.93,296.128,4.96039,-0,-0,-0.614222,0.789134,300,0,1,0),
(@GUID + 9,188164,37,1,1,94.0764,1018.31,297.107,4.51349,-0,-0,-0.773818,0.633408,300,0,1,0),
(@GUID + 10,180852,37,1,1,44.0401,1172.35,367.343,4.83779,-0,-0,-0.661411,0.750024,300,0,1,0),
(@GUID + 11,3691,37,1,1,124.283,1036.45,296.915,2.34649,-0,-0,-0.922012,-0.387162,300,0,1,0),
(@GUID + 15,188164,37,1,1,100.867,1023.61,297.107,5.10647,-0,-0,-0.554998,0.831852,300,0,1,0),
(@GUID + 16,179976,37,1,1,94.4829,1021.94,298.105,0.885745,-0,-0,-0.428537,-0.903525,300,0,1,0),
(@GUID + 17,179885,37,1,1,103.935,1035.28,297.057,3.79221,-0,-0,-0.947551,0.319604,300,0,1,0),
(@GUID + 20,194489,37,1,1,88.6349,916.328,338.001,5.41757,-0,-0,-0.419423,0.907791,300,0,1,0),
(@GUID + 21,193770,37,1,1,98.2654,1040.39,297.108,5.55651,-0,-0,-0.355398,0.934715,300,0,1,0),
(@GUID + 22,194489,37,1,1,147.395,1104.91,325.06,1.46701,-0,-0,-0.669478,-0.742832,300,0,1,0),
(@GUID + 23,202833,37,1,1,121.847,1014.15,295.423,2.93328,-0,-0,-0.994581,-0.103968,300,0,1,0),
(@GUID + 24,173065,37,1,1,-64.097,900.453,339.394,6.16231,-0,-0,-0.0604028,0.998174,300,0,1,0),
(@GUID + 25,178227,37,1,1,152.764,1016.05,295.97,2.82332,-0,-0,-0.987365,-0.158464,300,0,1,0),
(@GUID + 26,148515,37,1,1,149.475,1063.97,307.802,3.84888,-0,-0,-0.938118,0.346316,300,0,1,0),
(@GUID + 27,186748,37,1,1,106.878,1045.29,298.406,5.16379,-0,-0,-0.530929,0.847416,300,0,1,0),
(@GUID + 28,173066,37,1,1,-63.0147,895.557,339.394,0.507439,-0,-0,-0.251006,-0.967986,300,0,1,0),
(@GUID + 29,194489,37,1,1,54.0351,876.635,343.903,5.10813,-0,-0,-0.554304,0.832315,300,0,1,0),
(@GUID + 30,194489,37,1,1,-30.0363,826.67,342.913,4.46097,-0,-0,-0.790185,0.612869,300,0,1,0),
(@GUID + 31,194489,37,1,1,18.2939,845.179,333.831,5.4922,-0,-0,-0.385264,0.922806,300,0,1,0),
(@GUID + 32,190798,37,1,1,107.882,1045.56,297.107,2.0065,-0,-0,-0.843224,-0.537563,300,0,1,0),
(@GUID + 33,183105,37,1,1,106.297,1057.72,296.767,5.50606,-0,-0,-0.378859,0.925455,300,0,1,0),
(@GUID + 34,183105,37,1,1,104.125,1053.17,296.316,5.07409,-0,-0,-0.56839,0.822759,300,0,1,0),
(@GUID + 35,173064,37,1,1,-72.4095,901.904,339.393,4.72895,-0,-0,-0.701227,0.712938,300,0,1,0),
(@GUID + 36,193218,37,1,1,70.0556,916.639,339.607,4.10684,-0,-0,-0.88578,0.464106,300,0,1,0),
(@GUID + 37,191615,37,1,1,164.997,980.409,293.662,2.21149,-0,-0,-0.893799,-0.448467,300,0,1,0),
(@GUID + 38,19034,37,1,1,59.2598,967.361,339.395,1.70651,-0,-0,-0.753424,-0.657535,300,0,1,0),
(@GUID + 39,191615,37,1,1,157.376,971.991,292.715,0.711383,-0,-0,-0.348239,-0.937406,300,0,1,0),
(@GUID + 40,191615,37,1,1,157.18,971.828,292.545,5.37273,-0,-0,-0.439669,0.89816,300,0,1,0),
(@GUID + 41,191615,37,1,1,165.999,978.929,292.727,0.652478,-0,-0,-0.320482,-0.947254,300,0,1,0),
(@GUID + 42,191615,37,1,1,165.445,971,288.548,0.503252,-0,-0,-0.248979,-0.968509,300,0,1,0),
(@GUID + 43,191615,37,1,1,161.923,1068.47,318.541,6.17382,-0,-0,-0.054654,0.998505,300,0,1,0),
(@GUID + 44,191615,37,1,1,168.834,1072.72,322.088,6.23666,-0,-0,-0.0232612,0.999729,300,0,1,0),
(@GUID + 45,191615,37,1,1,17.7618,998.237,339.395,3.77837,-0,-0,-0.949741,0.313037,300,0,1,0),
(@GUID + 46,191615,37,1,1,29.5518,1007.96,339.395,4.10431,-0,-0,-0.886367,0.462984,300,0,1,0),
(@GUID + 47,191615,37,1,1,29.9223,998.625,339.395,4.04933,-0,-0,-0.898757,0.438447,300,0,1,0),
(@GUID + 48,179900,37,1,1,94.3851,1062.34,297.276,0.784774,-0,-0,-0.382395,-0.923999,300,0,1,0),
(@GUID + 49,193217,37,1,1,73.3819,935.003,339.387,3.1738,-0,-0,-0.99987,0.0161021,300,0,1,0),
(@GUID + 50,179900,37,1,1,94.0191,1061.59,297.29,4.54815,-0,-0,-0.762727,0.64672,300,0,1,0),
(@GUID + 51,24548,37,1,1,96.5195,1068.2,297.252,4.58217,-0,-0,-0.751615,0.659602,300,0,1,0),
(@GUID + 52,181321,37,1,1,96.0798,1063.89,297.314,3.67897,-0,-0,-0.96412,0.265466,300,0,1,0),
(@GUID + 53,24547,37,1,1,100.195,1065.55,297.513,3.5376,-0,-0,-0.980462,0.196711,300,0,1,0),
(@GUID + 54,24553,37,1,1,92.6183,1065.54,297.05,5.7799,-0,-0,-0.248994,0.968505,300,0,1,0),
(@GUID + 55,24553,37,1,1,93.5344,1061.62,297.267,0.765134,-0,-0,-0.373303,-0.92771,300,0,1,0),
(@GUID + 56,24552,37,1,1,98.4531,1061.14,297.381,2.13173,-0,-0,-0.875207,-0.483749,300,0,1,0),
(@GUID + 57,193219,37,1,1,64.5772,950.993,339.394,0.22525,-0,-0,-0.112387,-0.993665,300,0,1,0),
(@GUID + 58,173046,37,1,1,24.9517,934.992,339.395,5.58171,-0,-0,-0.343592,0.939119,300,0,1,0),
(@GUID + 59,173046,37,1,1,12.8708,920.549,339.393,5.36651,-0,-0,-0.442459,0.896789,300,0,1,0),
(@GUID + 60,194099,37,1,1,68.4277,1096.35,367.008,2.81888,-0,-0,-0.98701,-0.160656,300,0,1,0),
(@GUID + 61,178946,37,1,1,51.4867,1087.52,367.044,2.17485,-0,-0,-0.885434,-0.464765,300,0,1,0),
(@GUID + 62,178946,37,1,1,46.5362,884.445,339.379,5.1201,-0,-0,-0.549315,0.835615,300,0,1,0),
(@GUID + 63,1609,37,1,1,30.9857,879.477,339.396,5.12631,-0,-0,-0.546717,0.837318,300,0,1,0),
(@GUID + 64,176217,37,1,1,1.28901,826.556,327.062,4.78685,-0,-0,-0.680297,0.732937,300,0,1,0),
(@GUID + 65,173046,37,1,1,171.67,1026.1,297.657,2.57364,-0,-0,-0.959949,-0.280176,300,0,1,0),
(@GUID + 66,173046,37,1,1,168.662,1016.8,297.657,2.88858,-0,-0,-0.992009,-0.126168,300,0,1,0),
(@GUID + 67,176217,37,1,1,-80.631,876.934,339.824,5.04603,-0,-0,-0.579879,0.814703,300,0,1,0),
(@GUID + 68,176217,37,1,1,-67.8341,875.414,341.398,4.83162,-0,-0,-0.663723,0.747979,300,0,1,0),
(@GUID + 69,193217,37,1,1,92.5533,1052.21,297.389,0.930032,-0,-0,-0.448437,-0.893814,300,0,1,0),
(@GUID + 70,176217,37,1,1,-73.6192,875.549,340.037,4.8379,-0,-0,-0.661369,0.750061,300,0,1,0),
(@GUID + 71,176217,37,1,1,11.3509,841.834,334.124,4.67296,-0,-0,-0.720908,0.693031,300,0,1,0),
(@GUID + 72,193217,37,1,1,79.4946,1066.28,296.942,6.13722,-0,-0,-0.0729179,0.997338,300,0,1,0),
(@GUID + 73,176217,37,1,1,26.7724,852.846,333.015,4.94393,-0,-0,-0.620695,0.784052,300,0,1,0),
(@GUID + 74,176217,37,1,1,30.2077,860.5,330.759,5.58089,-0,-0,-0.343975,0.938979,300,0,1,0),
(@GUID + 75,176217,37,1,1,51.244,871.827,342.904,4.81749,-0,-0,-0.668988,0.743273,300,0,1,0),
(@GUID + 76,193217,37,1,1,130.733,1088.79,328.407,0.859344,-0,-0,-0.416573,-0.909102,300,0,1,0),
(@GUID + 77,176217,37,1,1,55.0159,893.151,339.327,5.81416,-0,-0,-0.232367,0.972628,300,0,1,0),
(@GUID + 78,178571,37,1,1,45.4416,1103.37,367.177,5.27406,-0,-0,-0.483427,0.875385,300,0,1,0),
(@GUID + 79,50468,37,1,1,71.8588,935.233,339.394,1.7483,-0,-0,-0.766999,-0.641649,300,0,1,0),
(@GUID + 80,184949,37,1,1,72.9744,921.214,339.378,0.965081,-0,-0,-0.464031,-0.885819,300,0,1,0),
(@GUID + 81,173113,37,1,1,26.9171,1106.12,367.178,1.74002,-0,-0,-0.764337,-0.644818,300,0,1,0),
(@GUID + 82,3315,37,1,1,63.6346,1094.83,367.124,1.84971,-0,-0,-0.798534,-0.60195,300,0,1,0),
(@GUID + 83,173113,37,1,1,39.2318,1111.97,367.178,2.5372,-0,-0,-0.954686,-0.297616,300,0,1,0),
(@GUID + 84,173114,37,1,1,54.1252,1121.18,367.178,2.38012,-0,-0,-0.928392,-0.371603,300,0,1,0),
(@GUID + 85,173115,37,1,1,76.0748,1106.77,366.354,3.75457,-0,-0,-0.953399,0.301713,300,0,1,0),
(@GUID + 86,18342,37,1,1,79.5018,1065.56,297.029,2.75318,-0,-0,-0.981201,-0.192986,300,0,1,0),
(@GUID + 87,3315,37,1,1,93.0687,1052.6,297.298,3.79776,-0,-0,-0.946661,0.322231,300,0,1,0),
(@GUID + 88,191615,37,1,1,990.298,270.948,323.832,5.02264,-0,-0,-0.589366,0.807866,300,0,1,0),
(@GUID + 89,191615,37,1,1,986.972,283.235,323.375,4.91268,-0,-0,-0.632868,0.77426,300,0,1,0),
(@GUID + 90,191615,37,1,1,981.925,273.897,321.278,4.94095,-0,-0,-0.621862,0.783127,300,0,1,0),
(@GUID + 91,180852,37,1,1,1094.5,297.961,338.615,6.01929,-0,-0,-0.131564,0.991308,300,0,1,0),
(@GUID + 92,191440,37,1,1,1168.82,276.115,352.928,0.44614,-0,-0,-0.221224,-0.975223,300,0,1,0),
(@GUID + 93,191440,37,1,1,1179.53,264.108,352.923,0.779935,-0,-0,-0.380159,-0.924921,300,0,1,0),
(@GUID + 94,@ID,37,1,1,154.703,167.794,239.207,2.0713,-0,-0,-0.860194,-0.509967,10080,0,1,0),
(@GUID + 95,203006,37,1,1,1081.21,-45.22,318.67,5.18,-0,-0,-0.998793,0.0491229,300,0,1,0),
(@GUID + 96,180322,37,1,1,880.89,441.28,282.19,3.35,-0,-0,-0.998793,0.0491229,300,0,1,0);




