SET @ENTRY = 250050;
SET @CGUID = 301000;

DELETE FROM `creature` WHERE `guid` BETWEEN @CGUID AND @CGUID+50 AND `id`BETWEEN @ENTRY AND @ENTRY+13;
INSERT INTO `creature` VALUES 
(@CGUID+0, @ENTRY, 230, 2, 1, 0, 1, 1363.27, -772.441, -92.7214, 3.17522, 300, 0, 0, 13945, 4258, 0, 0, 0, 0),
(@CGUID+1, @ENTRY, 230, 2, 1, 0, 1, 1407.59, -726.733, -91.9811, 3.08401, 300, 0, 0, 13945, 4258, 0, 0, 0, 0),
(@CGUID+2, @ENTRY, 230, 2, 1, 0, 1, 1356.02, -740.271, -85.1511, 3.97778, 300, 0, 0, 13945, 4258, 0, 0, 0, 0),
(@CGUID+3, @ENTRY, 230, 2, 1, 0, 1, 1405.25, -804.189, -85.1514, 0.871721, 300, 0, 0, 13945, 4258, 0, 0, 0, 0),
(@CGUID+4, @ENTRY, 230, 2, 1, 0, 1, 1330.24, -505.207, -88.8708, 4.71595, 300, 0, 0, 13945, 4258, 0, 0, 0, 0),
(@CGUID+5, @ENTRY, 230, 2, 1, 0, 1, 1150.62, -124.489, -74.3665, 4.70761, 300, 0, 0, 13945, 4258, 0, 0, 0, 0),
(@CGUID+6, @ENTRY+1, 230, 2, 1, 0, 1, 1356.19, -768.237, -92.7215, 5.11123, 300, 0, 0, 13945, 4258, 0, 0, 0, 0),
(@CGUID+7, @ENTRY+1, 230, 2, 1, 0, 1, 1353.61, -726.687, -91.9814, 6.28057, 300, 0, 0, 13945, 4258, 0, 0, 0, 0),
(@CGUID+8, @ENTRY+1, 230, 2, 1, 0, 1, 1355.83, -804.662, -85.1527, 2.32609, 300, 0, 0, 13945, 4258, 0, 0, 0, 0),
(@CGUID+9, @ENTRY+1, 230, 2, 1, 0, 1, 1406.99, -795.135, -85.1471, 5.2621, 300, 0, 0, 13945, 4258, 0, 0, 0, 0),
(@CGUID+10, @ENTRY+1, 230, 2, 1, 0, 1, 1180.16, -153.887, -74.3632, 3.87116, 300, 0, 0, 13945, 4258, 0, 0, 0, 0),
(@CGUID+11, @ENTRY+3, 230, 2, 1, 0, 1, 1356, -776.176, -92.7215, 0.980031, 300, 0, 0, 13945, 4258, 0, 0, 0, 0),
(@CGUID+12, @ENTRY+3, 230, 2, 1, 0, 1, 1356.49, -722.406, -91.9814, 4.56056, 300, 0, 0, 13945, 4258, 0, 0, 0, 0),
(@CGUID+13, @ENTRY+3, 230, 2, 1, 0, 1, 1413.3, -801.902, -85.1529, 2.89412, 300, 0, 0, 13945, 4258, 0, 0, 0, 0),
(@CGUID+14, @ENTRY+3, 230, 2, 1, 18825, 1, 1123.27, -164.216, -74.3595, 1.59351, 300, 0, 0, 13945, 4258, 0, 0, 0, 0),
(@CGUID+15, @ENTRY+4, 230, 2, 1, 0, 1, 1398.45, -772.556, -92.7232, 6.28147, 300, 0, 0, 13945, 4258, 0, 0, 0, 0),
(@CGUID+16, @ENTRY+4, 230, 2, 1, 0, 1, 1404.53, -731.317, -91.9811, 1.55417, 300, 0, 0, 13945, 4258, 0, 0, 0, 0),
(@CGUID+17, @ENTRY+4, 230, 2, 1, 0, 1, 1353.03, -796.236, -85.1491, 4.39562, 300, 0, 0, 13945, 4258, 0, 0, 0, 0),
(@CGUID+18, @ENTRY+4, 230, 2, 1, 0, 1, 1414.22, -741.67, -85.152, 3.67323, 300, 0, 0, 13945, 4258, 0, 0, 0, 0),
(@CGUID+19, @ENTRY+4, 230, 2, 1, 0, 1, 1431.31, -514.352, -88.8745, 1.55079, 300, 0, 0, 13945, 4258, 0, 0, 0, 0),
(@CGUID+20, @ENTRY+4, 230, 2, 1, 0, 1, 1123.71, -156.926, -74.3595, 4.04003, 300, 0, 0, 13945, 4258, 0, 0, 0, 0),
(@CGUID+21, @ENTRY+5, 230, 2, 1, 0, 1, 1405.2, -776.653, -92.7217, 2.15027, 300, 0, 0, 13945, 4258, 0, 0, 0, 0),
(@CGUID+22, @ENTRY+5, 230, 2, 1, 0, 1, 1404.59, -722.167, -91.9811, 4.65873, 300, 0, 0, 13945, 4258, 0, 0, 0, 0),
(@CGUID+23, @ENTRY+5, 230, 2, 1, 0, 1, 1354.2, -749.751, -85.1464, 1.89255, 300, 0, 0, 13945, 4258, 0, 0, 0, 0),
(@CGUID+24, @ENTRY+5, 230, 2, 1, 0, 1, 1408.8, -748.004, -85.1504, 1.33275, 300, 0, 0, 13945, 4258, 0, 0, 0, 0),
(@CGUID+25, @ENTRY+5, 230, 2, 1, 0, 1, 1156.53, -125.912, -74.3657, 4.56545, 300, 0, 0, 13945, 4258, 0, 0, 0, 0),
(@CGUID+26, @ENTRY+6, 230, 2, 1, 0, 0, 1404.93, -769.477, -92.7217, 4.14126, 300, 0, 0, 13945, 4258, 0, 0, 0, 0),
(@CGUID+27, @ENTRY+6, 230, 2, 1, 0, 0, 1356.26, -731.547, -91.9814, 1.56426, 300, 0, 0, 13945, 4258, 0, 0, 0, 0),
(@CGUID+28, @ENTRY+6, 230, 2, 1, 0, 0, 1346.44, -802.907, -85.1527, 0.492189, 300, 0, 0, 13945, 4258, 0, 0, 0, 0),
(@CGUID+29, @ENTRY+6, 230, 2, 1, 0, 0, 1348.62, -742.929, -85.1527, 5.935, 300, 0, 0, 13945, 4258, 0, 0, 0, 0),
(@CGUID+30, @ENTRY+6, 230, 2, 1, 0, 0, 1405.95, -740.216, -85.1506, 5.32257, 300, 0, 0, 13945, 4258, 0, 0, 0, 0),
(@CGUID+31, @ENTRY+6, 230, 2, 1, 0, 0, 1172.34, -153.27, -74.3616, 5.6069, 300, 0, 0, 13945, 4258, 0, 0, 0, 0),
(@CGUID+32, @ENTRY+7, 230, 2, 1, 0, 0, 1380.67, -396.814, -94.6745, 4.70416, 300, 0, 0, 13945, 4258, 0, 0, 0, 0),
(@CGUID+33, @ENTRY+8, 230, 2, 1, 0, 0, 1330.16, -512.797, -88.8707, 1.55079, 300, 0, 0, 13945, 4258, 0, 0, 0, 0),
(@CGUID+34, @ENTRY+8, 230, 2, 1, 0, 0, 1431.14, -502.048, -88.9602, 4.69631, 300, 0, 0, 13945, 4258, 0, 0, 0, 0),
(@CGUID+35, @ENTRY+8, 230, 2, 1, 0, 0, 1116.88, -158.501, -74.3595, 6.0742, 300, 0, 0, 13945, 4258, 0, 0, 0, 0),
(@CGUID+36, @ENTRY+8, 230, 2, 1, 0, 0, 1175.17, -160.04, -74.3616, 1.6642, 300, 0, 0, 13945, 4258, 0, 0, 0, 0),
(@CGUID+37, @ENTRY+9, 230, 2, 1, 0, 0, 1322.12, -508.736, -89.0726, 6.15323, 300, 0, 0, 13945, 4258, 0, 0, 0, 0),
(@CGUID+38, @ENTRY+9, 230, 2, 1, 0, 0, 1438.78, -508.863, -88.96, 3.14122, 300, 0, 0, 13945, 4258, 0, 0, 0, 0),
(@CGUID+39, @ENTRY+10, 230, 2, 1, 0, 0, 1380.6, -728.881, -92.7218, 4.67837, 300, 0, 0, 13945, 4258, 0, 0, 0, 0),
(@CGUID+40, @ENTRY+10, 230, 2, 1, 0, 0, 1462.54, -403.559, -92.0475, 4.72773, 300, 0, 0, 13945, 4258, 0, 0, 0, 0),
(@CGUID+41, @ENTRY+10, 230, 2, 1, 0, 0, 1295.36, -445.52, -92.0537, 1.59084, 300, 0, 0, 13945, 4258, 0, 0, 0, 0),
(@CGUID+42, @ENTRY+10, 230, 2, 1, 0, 0, 1128.47, -135.861, -74.3609, 5.91713, 300, 0, 0, 13945, 4258, 0, 0, 0, 0),
(@CGUID+43, @ENTRY+11, 230, 2, 1, 0, 0, 1376.62, -728.694, -92.7218, 4.73728, 300, 0, 0, 13945, 4258, 0, 0, 0, 0),
(@CGUID+44, @ENTRY+11, 230, 2, 1, 0, 0, 1385.15, -728.682, -92.7218, 4.71372, 300, 0, 0, 13945, 4258, 0, 0, 0, 0),
(@CGUID+45, @ENTRY+11, 230, 2, 1, 0, 0, 1457.29, -403.367, -92.0372, 4.7081, 300, 0, 0, 13945, 4258, 0, 0, 0, 0),
(@CGUID+46, @ENTRY+11, 230, 2, 1, 0, 0, 1468.88, -403.242, -92.0534, 4.7238, 300, 0, 0, 13945, 4258, 0, 0, 0, 0),
(@CGUID+47, @ENTRY+11, 230, 2, 1, 0, 0, 1300.83, -445.41, -92.044, 1.59084, 300, 0, 0, 13945, 4258, 0, 0, 0, 0),
(@CGUID+48, @ENTRY+11, 230, 2, 1, 0, 0, 1289.78, -445.632, -92.0533, 1.59084, 300, 0, 0, 13945, 4258, 0, 0, 0, 0),
(@CGUID+49, @ENTRY+11, 230, 2, 1, 0, 0, 1127.13, -140.341, -74.3609, 6.02315, 300, 0, 0, 13945, 4258, 0, 0, 0, 0),
(@CGUID+50, @ENTRY+11, 230, 2, 1, 0, 0, 1129.63, -130.793, -74.3609, 5.81896, 300, 0, 0, 13945, 4258, 0, 0, 0, 0);

DELETE FROM `creature_template` WHERE `entry` BETWEEN @ENTRY AND @ENTRY+13;
INSERT INTO `creature_template` VALUES 
(@ENTRY, 0, 0, 0, 0, 0, 17043, 0, 0, 0, 'Hellforge Champion', '', '', 0, 83, 83, 2, 14, 0, 1, 1.14286, 1, 0, 1000, 1000, 0, 1, 1, 2000, 2000, 1, 0, 34816, 0, 0, 0, 0, 0, 0, 0, 0, 0, 7, 0, 0, 0, 0, 0, 0, 0, 0, 0, 0, 0, 0, 0, 0, 0, 0, 0, 0, 0, 0, 0, 0, '', 0, 3, 1, 1, 1, 1, 0, 0, 0, 0, 0, 0, 0, 0, 1, 617297919, 0, 'npc_hellforge_champion', 12340),
(@ENTRY+1, 0, 0, 0, 0, 0, 17044, 0, 0, 0, 'Hellforge Adherent', '', '', 0, 83, 83, 2, 14, 0, 1, 1.14286, 1, 0, 1000, 1000, 0, 1, 1, 2000, 2000, 2, 0, 34816, 0, 0, 0, 0, 0, 0, 0, 0, 0, 7, 0, 0, 0, 0, 0, 0, 0, 0, 0, 0, 0, 0, 0, 0, 0, 0, 0, 0, 0, 0, 0, 0, '', 0, 3, 1, 1, 1, 1, 0, 0, 0, 0, 0, 0, 0, 0, 1, 617297919, 0, 'npc_hellforge_adherent', 12340),
(@ENTRY+2, 0, 0, 0, 0, 0, 16889, 0, 0, 0, 'Demonic Imp', 'Hellforge Adherent\'s Minion', '', 0, 83, 83, 2, 14, 0, 1, 1.14286, 1, 0, 1000, 1000, 0, 1, 1, 2000, 2000, 2, 0, 34816, 0, 0, 0, 0, 0, 0, 0, 0, 0, 7, 0, 0, 0, 0, 0, 0, 0, 0, 0, 0, 0, 0, 0, 0, 0, 0, 0, 0, 0, 0, 0, 0, '', 0, 3, 1, 1, 1, 1, 0, 0, 0, 0, 0, 0, 0, 0, 1, 617297919, 0, 'npc_demonic_imp', 12340),
(@ENTRY+3, 0, 0, 0, 0, 0, 18824, 0, 0, 0, 'Hellforge Priest', '', '', 0, 83, 83, 2, 14, 0, 1, 1.14286, 1, 0, 1000, 1000, 0, 1, 1, 2000, 2000, 2, 0, 34816, 0, 0, 0, 0, 0, 0, 0, 0, 0, 7, 0, 0, 0, 0, 0, 0, 0, 0, 0, 0, 0, 0, 0, 0, 0, 0, 0, 0, 0, 0, 0, 0, '', 0, 3, 1, 1, 1, 1, 0, 0, 0, 0, 0, 0, 0, 0, 1, 617297919, 0, 'npc_hellforge_priest', 12340),
(@ENTRY+4, 0, 0, 0, 0, 0, 17048, 0, 0, 0, 'Hellforge Fallen Fanatic', '', '', 0, 83, 83, 2, 14, 0, 1, 1.14286, 1, 0, 1000, 1000, 0, 1, 1, 2000, 2000, 2, 0, 34816, 0, 0, 0, 0, 0, 0, 0, 0, 0, 7, 0, 0, 0, 0, 0, 0, 0, 0, 0, 0, 0, 0, 0, 0, 0, 0, 0, 0, 0, 0, 0, 0, '', 0, 3, 1, 1, 1, 1, 0, 0, 0, 0, 0, 0, 0, 0, 1, 617297919, 0, 'npc_hellforge_fallen_fanatic', 12340),
(@ENTRY+5, 0, 0, 0, 0, 0, 18853, 0, 0, 0, 'Hellforge Witch Doctor', '', '', 0, 83, 83, 2, 14, 0, 1, 1.14286, 1, 0, 1000, 1000, 0, 1, 1, 2000, 2000, 2, 0, 34816, 0, 0, 0, 0, 0, 0, 0, 0, 0, 7, 0, 0, 0, 0, 0, 0, 0, 0, 0, 0, 0, 0, 0, 0, 0, 0, 0, 0, 0, 0, 0, 0, '', 0, 3, 1, 1, 1, 1, 0, 0, 0, 0, 0, 0, 0, 0, 1, 617297919, 0, 'npc_hellforge_witch_doctor', 12340),
(@ENTRY+6, 0, 0, 0, 0, 0, 12236, 0, 0, 0, 'Unliving Druid', '', '', 0, 83, 83, 2, 14, 0, 1, 1.14286, 1, 0, 1000, 1000, 0, 1, 1, 2000, 2000, 2, 0, 34816, 0, 0, 0, 0, 0, 0, 0, 0, 0, 7, 0, 0, 0, 0, 0, 0, 0, 0, 0, 0, 0, 0, 0, 0, 0, 0, 0, 0, 0, 0, 0, 0, '', 0, 3, 1, 1, 1, 1, 0, 0, 0, 0, 0, 0, 0, 0, 1, 617297919, 0, 'npc_unliving_druid', 12340),
(@ENTRY+7, 0, 0, 0, 0, 0, 18236, 0, 0, 0, 'Hellforge Defender', '', '', 0, 83, 83, 2, 14, 0, 1, 1.14286, 2, 0, 1000, 1000, 0, 1, 1, 2000, 2000, 1, 0, 34816, 0, 0, 0, 0, 0, 0, 0, 0, 0, 7, 0, 0, 0, 0, 0, 0, 0, 0, 0, 0, 0, 0, 0, 0, 0, 0, 0, 0, 0, 0, 0, 0, '', 0, 3, 1, 1, 1, 1, 0, 0, 0, 0, 0, 0, 0, 0, 1, 617297919, 0, 'npc_hellforge_defender', 12340),
(@ENTRY+8, 0, 0, 0, 0, 0, 18407, 0, 0, 0, 'Hellforge Knight', '', '', 0, 83, 83, 2, 14, 0, 1, 1.14286, 1, 0, 1000, 1000, 0, 1, 1, 2000, 2000, 1, 0, 34816, 0, 0, 0, 0, 0, 0, 0, 0, 0, 7, 0, 0, 0, 0, 0, 0, 0, 0, 0, 0, 0, 0, 0, 0, 0, 0, 0, 0, 0, 0, 0, 0, '', 0, 3, 1, 1, 1, 1, 0, 0, 0, 0, 0, 0, 0, 0, 1, 617297919, 0, 'npc_hellforge_knight', 12340),
(@ENTRY+9, 0, 0, 0, 0, 0, 17151, 0, 0, 0, 'Hellforge Spy', '', '', 0, 83, 83, 2, 14, 0, 1, 1.14286, 1, 0, 1000, 1000, 0, 1, 1, 2000, 2000, 1, 0, 34816, 0, 0, 0, 0, 0, 0, 0, 0, 0, 7, 0, 0, 0, 0, 0, 0, 0, 0, 0, 0, 0, 0, 0, 0, 0, 0, 0, 0, 0, 0, 0, 0, '', 0, 3, 1, 1, 1, 1, 0, 0, 0, 0, 0, 0, 0, 0, 1, 617297919, 0, 'npc_hellforge_spy', 12340),
(@ENTRY+10, 0, 0, 0, 0, 0, 17452, 0, 0, 0, 'Hellforge Berserker', '', '', 0, 83, 83, 2, 14, 0, 1, 1.14286, 1, 0, 1000, 1000, 0, 1, 1, 2000, 2000, 2, 0, 34816, 0, 0, 0, 0, 0, 0, 0, 0, 0, 7, 0, 0, 0, 0, 0, 0, 0, 0, 0, 0, 0, 0, 0, 0, 0, 0, 0, 0, 0, 0, 0, 0, '', 0, 3, 1, 1, 1, 1, 0, 0, 0, 0, 0, 0, 0, 0, 1, 617297919, 0, 'npc_hellforge_berserker', 12340),
(@ENTRY+11, 0, 0, 0, 0, 0, 21114, 0, 0, 0, 'Hellforge Hound', '', '', 0, 83, 83, 2, 14, 0, 1, 1.14286, 1, 0, 1000, 1000, 0, 1, 1, 2000, 2000, 2, 0, 34816, 0, 0, 0, 0, 0, 0, 0, 0, 0, 7, 0, 0, 0, 0, 0, 0, 0, 0, 0, 0, 0, 0, 0, 0, 0, 0, 0, 0, 0, 0, 0, 0, '', 0, 3, 1, 1, 1, 1, 0, 0, 0, 0, 0, 0, 0, 0, 1, 617297919, 0, 'npc_hellforge_hound', 12340),
(@ENTRY+12, 0, 0, 0, 0, 0, 21114, 0, 0, 0, 'Abyssal Knight', '', '', 0, 83, 83, 2, 14, 0, 1, 1.14286, 1, 0, 1000, 1000, 0, 1, 1, 2000, 2000, 2, 0, 34816, 0, 0, 0, 0, 0, 0, 0, 0, 0, 7, 0, 0, 0, 0, 0, 0, 0, 0, 0, 0, 0, 0, 0, 0, 0, 0, 0, 0, 0, 0, 0, 0, '', 0, 3, 1, 1, 1, 1, 0, 0, 0, 0, 0, 0, 0, 0, 1, 617297919, 0, '', 12340),
(@ENTRY+13, 0, 0, 0, 0, 0, 16632, 0, 0, 0, 'Pit Lord', '', '', 0, 83, 83, 2, 14, 0, 1, 1.14286, 1, 0, 1000, 1000, 0, 1, 1, 2000, 2000, 2, 0, 34816, 0, 0, 0, 0, 0, 0, 0, 0, 0, 7, 0, 0, 0, 0, 0, 0, 0, 0, 0, 0, 0, 0, 0, 0, 0, 0, 0, 0, 0, 0, 0, 0, '', 0, 3, 1, 1, 1, 1, 0, 0, 0, 0, 0, 0, 0, 0, 1, 617297919, 0, '', 12340);

DELETE FROM `hellforge_boss_stats` WHERE `StatId` BETWEEN 500 AND 556;
INSERT INTO `hellforge_boss_stats` (`StatId`, `StatValue`, `StatVariance`, `StatComment`) VALUES
-- Hellforge Champion
(500, 819000, 1.0, "Hellforge Champion max health"),
(501, 45000, 0.66, "Hellforge Champion melee damage"),
(502, 100, 1.0, "Hellforge Champion Mortal Strike damage"),
(503, 481000, 1.0, "Hellforge Adherent max health"),
(504, 1300000, 1.0, "Hellforge Adherent max mana"),
(505, 12000, 0.83, "Hellforge Adherent Fireball Volley damage"),
(506, 8000, 1.0, "Hellforge Adherent Arcane Explosion damage"),
(507, 6000, 0.75, "Hellforge Adherent Flame Breath"),
(508, 39000, 1.0, "Demonic Imp max health"),
(509, 87000, 1.0, "Demonic Imp max mana"),
(510, 4000, 1.0, "Demonic Imp melee damage"),
(511, 4000, 1.0, "Demonic Imp Firebolt damage"),
(512, 481000, 1.0, "Hellforge Priest max health"),
(513, 912000, 1.0, "Hellforge Priest max mana"),
(514, 3500, 1.0, "Hellforge Priest Mana burn burn"),
(515, 4000, 1.0, "Hellforge Priest Shadow Word Pain damage"),
(516, 80000, 1.0, "Hellforge Priest Renew tick"),
(517, 4000, 1.0, "Hellforge Priest Mind Fly damage"),
(518, 712000, 1.0, "Hellforge Fallen Fanatic max health"),
(519, 35000, 0.71, "Hellforge Fallen Fanatic melee damage"),
(520, 50, 1.0, "Hellforge Fallen Fanatic Divine Storm - Weapon pct damage"),
(521, 50, 1.0, "Hellforge Fallen Fanatic Crusader Strike - Weapon pct damage"),
(522, 70000, 1.0, "Hellforge Fallen Fanatic Flash Heal"),
(523, 569000, 1.0, "Hellforge Witch Doctor health"),
(524, 912000, 1.0, "Hellforge Witch Doctor mana"),
(525, 4000, 1.0, "Hellforge Witch Doctor Corruption damage"),
(526, 800, 1.0, "Hellforge Witch Doctor Slime Pool damage"),
(527, 10000, 0.7, "Hellforge Witch Doctor Incinerate damage"),
(528, 12000, 0.6, "Hellforge Witch Doctor Chaos Bolt Damage"),
(529, 4000, 0.5, "Hellforge Witch Doctor Shadowfury Damage"),
(530, 481000, 1.0, "Unliving Druid max health"),
(531, 912000, 1.0, "Unliving Druid max mana"),
(532, 4000, 0.5, "Unliving Druid Typhoon damage"),
(533, 80000, 1.0, "Unliving Druid Rejuvenation tick"),
(534, 10000, 0.6, "Unliving Druid Wrath damage"),
(535, 2199000, 1.0, "Hellforge Defender max health"),
(536, 99000, 0.71, "Hellforge Defender melee damage"),
(537, 19800, 0.81, "Hellforge Defender shockwave damage"),
(538, 20000, 1.0, "Hellforge Defender Shield Slam damage"),
(539, 10, 1.0, "Hellforge Defender Enrage damage gain"),
(540, 569000, 1.0, "Hellforge Knight max health"),
(541, 42000, 0.83, "Hellforge Knight melee damage"),
(542, 5000, 1.0, "Hellforge Knight Death and Decay damage"),
(543, 6000, 1.0, "Hellforge Knight Icy Touch damage"),
(544, 30, 1.0, "Hellforge Knight Scourge Strike damage"),
(545, 569000, 1.0, "Hellforge Spy max health"),
(546, 31000, 0.77, "Hellforge Spy melee damage"),
(547, 10000, 1.0, "Hellforge Spy Ambush"),
(548, 1, 1.0, "Hellforge Spy Cheap Shot damage"),
(549, 100, 0.9, "Hellforge Spy Multilate damage"),
(550, 814000, 1.0, "Hellforge Berserker max health"),
(551, 109000, 1.0, "Hellforge Berserker mana"),
(552, 59000, 0.8, "Hellforge Berserker melee damage"),
(553, 8000, 1.0, "Hellforge Berserker Stormstrike damage"),
(554, 10000, 0.8, "Hellforge Berserker Lava Lash"),
(555, 399000, 1.0, "Hellforge Hound max health"),
(556, 21000, 0.7, "Hellforge Hound melee damage");

DELETE FROM `creature_equip_template` WHERE `entry` IN (@ENTRY, @ENTRY+1, @ENTRY+3, @ENTRY+4, @ENTRY+5, @ENTRY + 10, @ENTRY + 8, @ENTRY + 9);
INSERT INTO `creature_equip_template` VALUES
(@ENTRY, 1, 52062, 0, 0, 0),
(@ENTRY+1, 1, 41342, 0, 0, 0),
(@ENTRY+3, 1, 41342, 0, 0, 0),
(@ENTRY+4, 1, 52062, 0, 0, 0),
(@ENTRY+5, 1, 41342, 0, 0, 0),
(@ENTRY + 10, 1, 48043, 48043, 0, 0), -- Hellforge Berserker
(@ENTRY + 8, 1, 24044, 0, 0, 0), -- Hellforge Knight
(@ENTRY + 9, 1, 22317, 22317, 0, 0); -- Hellforge Spy


UPDATE `creature` SET `MovementType` = 2 WHERE `guid` = @CGUID;
SET @PATH = @CGUID*10;
DELETE FROM `creature_addon` WHERE `guid` = @CGUID;
INSERT INTO `creature_addon` VALUES
(@CGUID, @PATH, 0, 0, 4097, 0, '');

DELETE FROM `waypoint_data` WHERE `id` = @PATH;
INSERT INTO `waypoint_data` VALUES
(@PATH, 1, 1363.387, -772.377, -92.72141, 3.203, 0, 0, 0, 100, 0),
(@PATH, 2, 1363.387, -772.377, -92.72141, 3.203, 0, 0, 0, 100, 0),
(@PATH, 3, 1363.387, -772.377, -92.72141, 3.203, 0, 0, 0, 100, 0),
(@PATH, 4, 1358.481, -772.485, -92.72141, 3.163, 0, 0, 0, 100, 0),
(@PATH, 5, 1355.073, -772.554, -92.72140, 3.148, 0, 0, 0, 100, 0),
(@PATH, 6, 1348.661, -772.577, -92.72131, 3.136, 0, 0, 0, 100, 0),
(@PATH, 7, 1340.016, -772.528, -92.72128, 3.136, 0, 0, 0, 100, 0),
(@PATH, 8, 1339.259, -777.483, -92.14491, 4.726, 0, 0, 0, 100, 0),
(@PATH, 9, 1339.159, -782.151, -91.97760, 4.691, 0, 0, 0, 100, 0),
(@PATH, 10, 1339.033, -785.074, -90.62842, 4.675, 0, 0, 0, 100, 0),
(@PATH, 11, 1338.920, -788.110, -88.66936, 4.675, 0, 0, 0, 100, 0),
(@PATH, 12, 1338.870, -791.028, -86.78709, 4.695, 0, 0, 0, 100, 0),
(@PATH, 13, 1338.833, -793.121, -85.43816, 4.695, 0, 0, 0, 100, 0),
(@PATH, 14, 1338.778, -796.278, -85.15398, 4.695, 0, 0, 0, 100, 0),
(@PATH, 15, 1338.736, -802.226, -85.15398, 4.754, 0, 0, 0, 100, 0),
(@PATH, 16, 1338.594, -797.090, -85.15398, 1.573, 0, 0, 0, 100, 0),
(@PATH, 17, 1338.552, -794.171, -85.15398, 1.581, 0, 0, 0, 100, 0),
(@PATH, 18, 1338.526, -791.603, -86.41680, 1.581, 0, 0, 0, 100, 0),
(@PATH, 19, 1338.449, -788.223, -88.59598, 1.597, 0, 0, 0, 100, 0),
(@PATH, 20, 1338.377, -785.416, -90.40663, 1.597, 0, 0, 0, 100, 0),
(@PATH, 21, 1338.328, -783.541, -91.61671, 1.597, 0, 0, 0, 100, 0),
(@PATH, 22, 1338.324, -781.553, -91.97623, 1.573, 0, 0, 0, 100, 0),
(@PATH, 23, 1338.210, -778.405, -91.97919, 1.604, 0, 0, 0, 100, 0),
(@PATH, 24, 1337.712, -772.781, -92.72123, 1.577, 0, 0, 0, 100, 0),
(@PATH, 25, 1340.392, -772.712, -92.72123, 0.026, 0, 0, 0, 100, 0),
(@PATH, 26, 1344.825, -772.499, -92.72123, 0.030, 0, 0, 0, 100, 0),
(@PATH, 27, 1349.256, -772.471, -92.72123, 0.006, 0, 0, 0, 100, 0),
(@PATH, 28, 1354.394, -772.439, -92.72123, 0.006, 0, 0, 0, 100, 0),
(@PATH, 29, 1359.182, -772.410, -92.72123, 0.006, 0, 0, 0, 100, 0),
(@PATH, 30, 1363.039, -772.386, -92.72123, 0.006, 5000, 0, 0, 100, 0),
(@PATH, 31, 1358.612, -772.560, -92.72123, 3.195, 0, 0, 0, 100, 0),
(@PATH, 32, 1353.128, -772.722, -92.72123, 3.132, 0, 0, 0, 100, 0),
(@PATH, 33, 1347.759, -772.671, -92.72123, 3.132, 0, 0, 0, 100, 0),
(@PATH, 34, 1339.142, -772.614, -92.72123, 3.136, 0, 0, 0, 100, 0),
(@PATH, 35, 1338.929, -767.951, -92.72123, 1.628, 0, 0, 0, 100, 0),
(@PATH, 36, 1338.765, -765.268, -91.97678, 1.620, 0, 0, 0, 100, 0),
(@PATH, 37, 1338.628, -762.240, -91.98122, 1.604, 0, 0, 0, 100, 0),
(@PATH, 38, 1338.542, -759.680, -90.40224, 1.604, 0, 0, 0, 100, 0),
(@PATH, 39, 1338.467, -757.462, -88.97115, 1.604, 0, 0, 0, 100, 0),
(@PATH, 40, 1338.381, -754.901, -87.31982, 1.604, 0, 0, 0, 100, 0),
(@PATH, 41, 1338.369, -752.452, -85.74078, 1.561, 0, 0, 0, 100, 0),
(@PATH, 42, 1338.377, -751.633, -85.21290, 1.561, 0, 0, 0, 100, 0),
(@PATH, 43, 1338.375, -748.483, -85.15405, 1.573, 0, 0, 0, 100, 0),
(@PATH, 44, 1338.365, -743.576, -85.15405, 1.573, 0, 0, 0, 100, 0),
(@PATH, 45, 1338.568, -747.433, -85.15405, 4.730, 0, 0, 0, 100, 0),
(@PATH, 46, 1338.631, -750.940, -85.15405, 4.730, 0, 0, 0, 100, 0),
(@PATH, 47, 1338.691, -754.565, -87.10308, 4.726, 0, 0, 0, 100, 0),
(@PATH, 48, 1338.741, -758.177, -89.43277, 4.726, 0, 0, 0, 100, 0),
(@PATH, 49, 1338.691, -761.908, -91.84000, 4.699, 0, 0, 0, 100, 0),
(@PATH, 50, 1338.688, -765.996, -91.97714, 4.722, 0, 0, 0, 100, 0),
(@PATH, 51, 1338.755, -769.147, -92.72167, 4.734, 0, 0, 0, 100, 0),
(@PATH, 52, 1338.898, -772.294, -92.72137, 4.758, 0, 0, 0, 100, 0),
(@PATH, 53, 1343.685, -772.208, -92.72137, 0.018, 0, 0, 0, 100, 0),
(@PATH, 54, 1349.635, -772.241, -92.72137, 6.278, 0, 0, 0, 100, 0),
(@PATH, 55, 1355.228, -772.273, -92.72137, 6.278, 0, 0, 0, 100, 0),
(@PATH, 56, 1359.561, -772.297, -92.72137, 6.278, 0, 0, 0, 100, 0);

UPDATE `creature` SET `MovementType` = 2 WHERE `guid` = @CGUID+2;
SET @PATH = (@CGUID+2)*10;
DELETE FROM `creature_addon` WHERE `guid` = @CGUID+2;
INSERT INTO `creature_addon` VALUES
(@CGUID+2, @PATH, 0, 0, 4097, 0, '');

DELETE FROM `waypoint_data` WHERE `id` = @PATH;
INSERT INTO `waypoint_data` VALUES
(@PATH, 1, 1356.117, -740.073, -85.15110, 4.037, 0, 0, 0, 100, 0),
(@PATH, 2, 1352.487, -744.788, -85.15110, 4.056, 0, 0, 0, 100, 0),
(@PATH, 3, 1352.536, -754.482, -85.14584, 4.704, 0, 0, 0, 100, 0),
(@PATH, 4, 1352.525, -764.275, -85.13162, 4.712, 0, 0, 0, 100, 0),
(@PATH, 5, 1352.754, -773.841, -85.14796, 4.751, 5000, 0, 0, 100, 0),
(@PATH, 6, 1352.573, -764.845, -85.13456, 1.531, 0, 0, 0, 100, 0),
(@PATH, 7, 1352.861, -753.180, -85.14553, 1.555, 0, 0, 0, 100, 0),
(@PATH, 8, 1353.112, -744.316, -85.15147, 1.512, 0, 0, 0, 100, 0);

UPDATE `creature` SET `MovementType` = 2 WHERE `guid` = @CGUID+3;
SET @PATH = (@CGUID+3)*10;
DELETE FROM `creature_addon` WHERE `guid` = @CGUID+3;
INSERT INTO `creature_addon` VALUES
(@CGUID+3, @PATH, 0, 0, 4097, 0, '');

DELETE FROM `waypoint_data` WHERE `id` = @PATH;
INSERT INTO `waypoint_data` VALUES
(@PATH, 1, 1405.250, -804.189, -85.15140, 1.080, 0, 0, 0, 100, 0),
(@PATH, 2, 1409.027, -798.992, -85.15140, 0.895, 0, 0, 0, 100, 0),
(@PATH, 3, 1408.968, -790.701, -85.14639, 1.602, 0, 0, 0, 100, 0),
(@PATH, 4, 1408.796, -780.085, -85.13318, 1.571, 0, 0, 0, 100, 0),
(@PATH, 5, 1408.408, -770.878, -85.14722, 1.634, 3000, 0, 0, 100, 0),
(@PATH, 6, 1408.526, -779.408, -85.13684, 4.701, 0, 0, 0, 100, 0),
(@PATH, 7, 1408.415, -788.738, -85.14379, 4.701, 0, 0, 0, 100, 0),
(@PATH, 8, 1408.403, -799.119, -85.15104, 4.716, 0, 0, 0, 100, 0),
(@PATH, 9, 1405.522, -804.040, -85.15104, 4.111, 0, 0, 0, 100, 0);

UPDATE `creature` SET `MovementType` = 2 WHERE `guid` = @CGUID+4;
SET @PATH = (@CGUID+4)*10;
DELETE FROM `creature_addon` WHERE `guid` = @CGUID+4;
INSERT INTO `creature_addon` VALUES
(@CGUID+4, @PATH, 0, 0, 4097, 0, '');

DELETE FROM `waypoint_data` WHERE `id` = @PATH;
INSERT INTO `waypoint_data` VALUES
(@PATH, 1, 1330.261, -505.099, -88.87027, 4.637, 0, 0, 0, 100, 0),
(@PATH, 2, 1330.369, -501.022, -88.98618, 1.597, 0, 0, 0, 100, 0),
(@PATH, 3, 1330.310, -496.479, -91.37788, 1.578, 0, 0, 0, 100, 0),
(@PATH, 4, 1330.295, -493.447, -92.03621, 1.574, 0, 0, 0, 100, 0),
(@PATH, 5, 1330.315, -483.767, -92.01306, 1.562, 3000, 0, 0, 100, 0),
(@PATH, 6, 1330.422, -490.883, -92.02631, 4.668, 0, 0, 0, 100, 0),
(@PATH, 7, 1330.226, -495.316, -91.98947, 4.668, 0, 0, 0, 100, 0),
(@PATH, 8, 1330.196, -498.578, -90.27310, 4.707, 0, 0, 0, 100, 0),
(@PATH, 9, 1330.169, -501.028, -88.98336, 4.699, 0, 0, 0, 100, 0),
(@PATH, 10, 1330.115, -504.884, -88.87078, 4.703, 0, 0, 0, 100, 0);

SET @LEADERGUID = @CGUID+39;
DELETE FROM `creature_formations` WHERE `leaderGUID` = @LEADERGUID;
INSERT INTO `creature_formations` VALUES
(@LEADERGUID, @LEADERGUID, 0, 0, 2, 0, 0),
(@LEADERGUID, @CGUID+44, 3, 300, 2, 0, 0),
(@LEADERGUID, @CGUID+43, 3, 60, 2, 0, 0);

UPDATE `creature` SET `MovementType` = 2 WHERE `guid` = @CGUID+39;
SET @PATH = (@CGUID+39)*10;
DELETE FROM `creature_addon` WHERE `guid` = @CGUID+39;
INSERT INTO `creature_addon` VALUES
(@CGUID+39, @PATH, 0, 0, 4097, 0, '');

DELETE FROM `waypoint_data` WHERE `id` = @PATH;
INSERT INTO `waypoint_data` VALUES
(@PATH, 1, 1380.558, -728.164, -92.72174, 4.720, 0, 0, 0, 100, 0),
(@PATH, 2, 1380.591, -735.162, -92.72174, 4.736, 0, 0, 0, 100, 0),
(@PATH, 3, 1380.675, -745.660, -92.72314, 4.700, 0, 0, 0, 100, 0),
(@PATH, 4, 1380.639, -756.160, -92.72314, 4.712, 0, 0, 0, 100, 0),
(@PATH, 5, 1380.759, -766.659, -92.72314, 4.728, 0, 0, 0, 100, 0),
(@PATH, 6, 1380.343, -772.862, -92.72314, 1.578, 0, 0, 0, 100, 0),
(@PATH, 7, 1380.262, -762.362, -92.72314, 1.578, 0, 0, 0, 100, 0),
(@PATH, 8, 1380.274, -751.863, -92.72314, 1.563, 0, 0, 0, 100, 0),
(@PATH, 9, 1380.330, -744.863, -92.72314, 1.563, 0, 0, 0, 100, 0),
(@PATH, 10, 1380.414, -734.363, -92.72314, 1.563, 0, 0, 0, 100, 0),
(@PATH, 11, 1380.452, -729.687, -92.72314, 1.563, 0, 0, 0, 100, 0);

SET @LEADERGUID = @CGUID+40;
DELETE FROM `creature_formations` WHERE `leaderGUID` = @LEADERGUID;
INSERT INTO `creature_formations` VALUES
(@LEADERGUID, @LEADERGUID, 0, 0, 2, 0, 0),
(@LEADERGUID, @CGUID+46, 3, 300, 2, 0, 0),
(@LEADERGUID, @CGUID+45, 3, 60, 2, 0, 0);

UPDATE `creature` SET `MovementType` = 2 WHERE `guid` = @CGUID+40;
SET @PATH = (@CGUID+40)*10;
DELETE FROM `creature_addon` WHERE `guid` = @CGUID+40;
INSERT INTO `creature_addon` VALUES
(@CGUID+40, @PATH, 0, 0, 4097, 0, '');

DELETE FROM `waypoint_data` WHERE `id` = @PATH;
INSERT INTO `waypoint_data` VALUES
(@PATH, 1, 1462.753, -402.747, -92.04819, 4.743, 3000, 0, 0, 100, 0),
(@PATH, 2, 1462.911, -413.245, -92.04819, 4.735, 0, 0, 0, 100, 0),
(@PATH, 3, 1463.115, -423.743, -92.04819, 4.723, 0, 0, 0, 100, 0),
(@PATH, 4, 1463.270, -437.742, -92.04819, 4.723, 0, 0, 0, 100, 0),
(@PATH, 5, 1463.394, -448.948, -92.04819, 4.723, 0, 0, 0, 100, 0),
(@PATH, 6, 1463.405, -441.952, -92.04819, 1.602, 3000, 0, 0, 100, 0),
(@PATH, 7, 1462.910, -427.961, -92.04819, 1.609, 0, 0, 0, 100, 0),
(@PATH, 8, 1462.510, -417.468, -92.04819, 1.598, 0, 0, 0, 100, 0),
(@PATH, 9, 1462.345, -403.813, -92.04819, 1.574, 0, 0, 0, 100, 0);

SET @LEADERGUID = @CGUID+41;
DELETE FROM `creature_formations` WHERE `leaderGUID` = @LEADERGUID;
INSERT INTO `creature_formations` VALUES
(@LEADERGUID, @LEADERGUID, 0, 0, 2, 0, 0),
(@LEADERGUID, @CGUID+47, 3, 60, 2, 0, 0),
(@LEADERGUID, @CGUID+48, 3, 300, 2, 0, 0);

UPDATE `creature` SET `MovementType` = 2 WHERE `guid` = @CGUID+41;
SET @PATH = (@CGUID+41)*10;
DELETE FROM `creature_addon` WHERE `guid` = @CGUID+41;
INSERT INTO `creature_addon` VALUES
(@CGUID+41, @PATH, 0, 0, 4097, 0, '');

DELETE FROM `waypoint_data` WHERE `id` = @PATH;
INSERT INTO `waypoint_data` VALUES
(@PATH, 1, 1295.412, -445.845, -92.05328, 1.567, 3000, 0, 0, 100, 0),
(@PATH, 2, 1295.401, -442.345, -92.05328, 1.579, 0, 0, 0, 100, 0),
(@PATH, 3, 1295.233, -431.847, -92.05328, 1.603, 0, 0, 0, 100, 0),
(@PATH, 4, 1295.104, -424.848, -92.05328, 1.579, 0, 0, 0, 100, 0),
(@PATH, 5, 1295.017, -414.349, -92.05328, 1.579, 0, 0, 0, 100, 0),
(@PATH, 6, 1294.927, -403.492, -92.05328, 1.579, 3000, 0, 0, 100, 0),
(@PATH, 7, 1294.841, -406.990, -92.05328, 4.717, 0, 0, 0, 100, 0),
(@PATH, 8, 1295.095, -417.487, -92.05328, 4.744, 0, 0, 0, 100, 0),
(@PATH, 9, 1295.429, -427.981, -92.05328, 4.744, 0, 0, 0, 100, 0),
(@PATH, 10, 1295.576, -434.979, -92.05328, 4.713, 0, 0, 0, 100, 0),
(@PATH, 11, 1295.407, -444.783, -92.05328, 4.670, 0, 0, 0, 100, 0);

UPDATE `creature` SET `spawndist` = 5, `MovementType` = 1 WHERE `id` IN (@ENTRY+4, @ENTRY+1);

SET @LEADERGUID = @CGUID+42;
DELETE FROM `creature_formations` WHERE `leaderGUID` = @LEADERGUID;
INSERT INTO `creature_formations` VALUES
(@LEADERGUID, @LEADERGUID, 0, 0, 2, 0, 0),
(@LEADERGUID, @CGUID+50, 3, 60, 2, 0, 0),
(@LEADERGUID, @CGUID+49, 3, 300, 2, 0, 0);

UPDATE `creature` SET `MovementType` = 2 WHERE `guid` = @CGUID+42;
SET @PATH = (@CGUID+42)*10;
DELETE FROM `creature_addon` WHERE `guid` = @CGUID+42;
INSERT INTO `creature_addon` VALUES
(@CGUID+42, @PATH, 0, 0, 4097, 0, '');

DELETE FROM `waypoint_data` WHERE `id` = @PATH;
INSERT INTO `waypoint_data` VALUES
(@PATH, 1, 1128.036, -135.247, -74.36089, 6.035, 0, 0, 0, 100, 0),
(@PATH, 2, 1139.219, -134.662, -74.36229, 0.023, 0, 0, 0, 100, 0),
(@PATH, 3, 1150.854, -135.362, -74.36369, 6.180, 0, 0, 0, 100, 0),
(@PATH, 4, 1162.649, -139.321, -74.36369, 5.843, 0, 0, 0, 100, 0),
(@PATH, 5, 1173.443, -143.430, -74.36369, 5.921, 0, 0, 0, 100, 0),
(@PATH, 6, 1182.241, -147.959, -74.36510, 5.736, 0, 0, 0, 100, 0),
(@PATH, 7, 1189.449, -156.136, -74.36510, 5.230, 0, 0, 0, 100, 0),
(@PATH, 8, 1196.008, -168.480, -74.34696, 5.242, 0, 0, 0, 100, 0),
(@PATH, 9, 1200.634, -175.759, -74.30305, 5.493, 3000, 0, 0, 100, 0),
(@PATH, 10, 1193.959, -167.645, -74.36025, 2.261, 0, 0, 0, 100, 0),
(@PATH, 11, 1190.310, -157.605, -74.36432, 1.817, 0, 0, 0, 100, 0),
(@PATH, 12, 1187.496, -146.642, -74.36713, 1.833, 0, 0, 0, 100, 0),
(@PATH, 13, 1178.650, -139.745, -74.36713, 2.701, 0, 0, 0, 100, 0),
(@PATH, 14, 1168.506, -138.360, -74.36665, 3.047, 0, 0, 0, 100, 0),
(@PATH, 15, 1158.154, -137.507, -74.36527, 3.066, 0, 0, 0, 100, 0),
(@PATH, 16, 1145.331, -136.889, -74.36440, 3.094, 0, 0, 0, 100, 0),
(@PATH, 17, 1128.916, -135.838, -74.36092, 3.070, 0, 0, 0, 100, 0);

UPDATE `creature` SET `MovementType` = 2 WHERE `guid` = @CGUID+5;
SET @PATH = (@CGUID+5)*10;
DELETE FROM `creature_addon` WHERE `guid` = @CGUID+5;
INSERT INTO `creature_addon` VALUES
(@CGUID+5, @PATH, 0, 0, 4097, 0, '');

DELETE FROM `waypoint_data` WHERE `id` = @PATH;
INSERT INTO `waypoint_data` VALUES
(@PATH, 1, 1150.256, -124.832, -74.36689, 4.748, 0, 0, 0, 100, 0),
(@PATH, 2, 1149.671, -132.496, -74.36465, 4.638, 0, 0, 0, 100, 0),
(@PATH, 3, 1149.078, -138.768, -74.36275, 4.606, 0, 0, 0, 100, 0),
(@PATH, 4, 1148.566, -143.623, -74.36219, 4.634, 0, 0, 0, 100, 0),
(@PATH, 5, 1143.400, -144.563, -74.36204, 3.318, 0, 0, 0, 100, 0),
(@PATH, 6, 1135.131, -146.150, -74.36105, 3.362, 0, 0, 0, 100, 0),
(@PATH, 7, 1126.961, -149.087, -74.36105, 3.833, 0, 0, 0, 100, 0),
(@PATH, 8, 1121.686, -154.651, -74.36105, 4.618, 5000, 0, 0, 100, 0),
(@PATH, 9, 1126.877, -149.005, -74.36105, 0.726, 0, 0, 0, 100, 0),
(@PATH, 10, 1136.875, -144.762, -74.36105, 0.318, 0, 0, 0, 100, 0),
(@PATH, 11, 1149.741, -143.757, -74.36105, 6.079, 0, 0, 0, 100, 0),
(@PATH, 12, 1158.509, -148.810, -74.36105, 5.726, 0, 0, 0, 100, 0),
(@PATH, 13, 1166.478, -155.072, -74.36105, 5.584, 0, 0, 0, 100, 0),
(@PATH, 14, 1169.066, -157.936, -74.36105, 5.612, 0, 0, 0, 100, 0),
(@PATH, 15, 1171.825, -157.312, -74.36105, 0.310, 5000, 0, 0, 100, 0),
(@PATH, 16, 1169.577, -158.251, -74.36105, 3.059, 0, 0, 0, 100, 0),
(@PATH, 17, 1161.920, -152.093, -74.36105, 2.450, 0, 0, 0, 100, 0),
(@PATH, 18, 1153.677, -146.804, -74.36105, 2.757, 0, 0, 0, 100, 0),
(@PATH, 19, 1149.250, -145.735, -74.36105, 2.458, 0, 0, 0, 100, 0),
(@PATH, 20, 1149.809, -137.380, -74.36251, 1.477, 0, 0, 0, 100, 0),
(@PATH, 21, 1150.214, -130.399, -74.36395, 1.524, 0, 0, 0, 100, 0);

DELETE FROM `creature_loot_template` WHERE `entry` = 250050;
INSERT INTO `creature_loot_template` VALUES
(250050, 1, 100, 1, 0, -35069, 2),
(250050, 32498, 0.2, 1, 1, 1, 1),
(250050, 46802, 0.2, 1, 1, 1, 1),
(250050, 34492, 0.2, 1, 1, 1, 1);

UPDATE `creature_template` SET `lootid` = 250050 WHERE `entry` BETWEEN @ENTRY AND @ENTRY+13;

UPDATE `creature_template` SET `lootid` = 250000, `mingold` = 5000000, `maxgold` = 5000000 WHERE `entry` = 250000;
DELETE FROM `creature_loot_template` WHERE `entry` = 250000;
INSERT INTO `creature_loot_template` VALUES
(250000, 49426, 100, 1, 0, 3, 3),
(250000, 56806, 100, 1, 1, 1, 1),
(250000, 23720, 100, 1, 2, 1, 1),
(250000, 23705, 80, 1, 3, 1, 1),
(250000, 46780, 60, 1, 4, 1, 1),
(250000, 23162, 25, 1, 5, 1, 1),
(250000, 46778, 10, 1, 6, 1, 1);
-- 250003

UPDATE `creature_template` SET `lootid` = 250003, `mingold` = 5000000, `maxgold` = 5000000 WHERE `entry` = 250003;
DELETE FROM `creature_loot_template` WHERE `entry` = 250003;
INSERT INTO `creature_loot_template` VALUES
(250003, 49426, 100, 1, 0, 3, 3),
(250003, 49646, 100, 1, 1, 1, 1),
(250003, 49282, 100, 1, 2, 1, 1),
(250003, 38309, 80, 1, 3, 1, 1),
(250003, 54452, 60, 1, 4, 1, 1),
(250003, 23162, 25, 1, 5, 1, 1),
(250003, 33809, 10, 1, 6, 1, 1);
-- 250014
UPDATE `creature_template` SET `lootid` = 250014, `mingold` = 5000000, `maxgold` = 5000000 WHERE `entry` = 250014;
DELETE FROM `creature_loot_template` WHERE `entry` = 250014;
INSERT INTO `creature_loot_template` VALUES
(250014, 49426, 100, 1, 0, 3, 3),
(250014, 32498, 100, 1, 1, 1, 1),
(250014, 54068, 100, 1, 2, 1, 1),
(250014, 38312, 80, 1, 3, 1, 1),
(250014, 54452, 40, 1, 4, 1, 1),
(250014, 46780, 40, 1, 5, 1, 1),
(250014, 35227, 30, 1, 6, 1, 1),
(250014, 23162, 25, 1, 7, 1, 1),
(250014, 54069, 10, 1, 8, 1, 1);
-- 250015
UPDATE `creature_template` SET `lootid` = 250015, `mingold` = 6000000, `maxgold` = 6000000 WHERE `entry` = 250015;
DELETE FROM `creature_loot_template` WHERE `entry` = 250015;
INSERT INTO `creature_loot_template` VALUES
(250015, 49426, 100, 1, 0, 3, 3),
(250015, 39656, 100, 1, 1, 1, 1),
(250015, 54811, 100, 1, 2, 1, 1),
(250015, 38313, 80, 1, 3, 1, 1),
(250015, 46780, 40, 1, 4, 1, 1),
(250015, 54452, 40, 1, 5, 1, 1),
(250015, 35227, 30, 1, 6, 1, 1),
(250015, 23162, 25, 1, 7, 1, 1),
(250015, 33079, 20, 1, 8, 1, 1),
(250015, 23716, 20, 1, 9, 1, 1),
(250015, 54860, 10, 1, 10, 1, 1),
(250015, 1133, 5, 1, 11, 1, 1);
-- 250023
UPDATE `creature_template` SET `lootid` = 250023, `mingold` = 6000000, `maxgold` = 6000000 WHERE `entry` = 250023;
DELETE FROM `creature_loot_template` WHERE `entry` = 250023;
INSERT INTO `creature_loot_template` VALUES
(250023, 49426, 100, 1, 0, 3, 3),
(250023, 22114, 100, 1, 1, 1, 1),
(250023, 33225, 100, 1, 2, 1, 1),
(250023, 38311, 80, 1, 3, 1, 1),
(250023, 46780, 40, 1, 4, 1, 1),
(250023, 54452, 40, 1, 5, 1, 1),
(250023, 35227, 30, 1, 6, 1, 1),
(250023, 23162, 25, 1, 7, 1, 1),
(250023, 33079, 20, 1, 8, 1, 1),
(250023, 23716, 20, 1, 9, 1, 1),
(250023, 54860, 10, 1, 10, 1, 1),
(250023, 13325, 5, 1, 11, 1, 1);

UPDATE `creature` SET `spawntimesecs` = 604800 WHERE `id` BETWEEN @ENTRY AND @ENTRY+13;
UPDATE `creature_template` SET `rank` = 1, `mechanic_immune_mask` = `mechanic_immune_mask` | 2048 WHERE `entry` BETWEEN @ENTRY AND @ENTRY+13;
UPDATE `creature` SET `equipment_id` = 1 WHERE id BETWEEN 250050 AND 250063;