SET @ENTRY := 300000;
SET @CGUID := 600010;

DELETE FROM `creature_template` WHERE `entry` BETWEEN @ENTRY AND @ENTRY + 6;
INSERT INTO `creature_template` VALUES 
(300000,0,0,0,0,0,1060,0,0,0,'Hellforge Portal Event Trigger',NULL,NULL,0,80,80,0,21,0,1,1.14286,1,0,104,138,0,252,1,2000,2000,1,33587200,2048,0,0,0,0,0,0,72,106,26,10,0,0,0,0,0,0,0,0,0,0,0,0,0,0,0,0,0,0,0,0,0,0,'',0,4,1,1.35,1,1,0,0,0,0,0,0,0,0,1,0,130,'npc_hellforge_portal_event',12340),
(300001,0,0,0,0,0,9784,9787,9786,9788,'Abyss Soldier','','',0,80,80,2,21,0,0.8,0.99206,1,0,5000,8000,0,642,1,2000,2000,1,32768,2048,0,0,0,0,0,0,345,509,103,6,0,0,0,0,0,0,0,0,0,0,0,0,0,0,0,0,0,0,0,0,0,0,'',0,3,1,40,1,1,0,0,0,0,0,0,0,0,1,8388624,0,'npc_hellforge_portal_defender',12340),
(300002,0,0,0,0,0,29514,0,0,0,'Knight of Pandemonium','','',0,80,80,2,250,0,0.8,0.99206,1,0,5000,8000,0,642,1,2000,2000,1,32768,2048,0,0,0,0,0,0,345,509,103,6,0,0,0,0,0,0,0,0,0,0,0,0,0,0,0,0,0,0,0,0,0,0,'',0,3,1,40,1,1,0,0,0,0,0,0,0,0,1,8388624,0,'npc_hellforge_portal_attacker',12340),
(300003,0,0,0,0,0,25900,0,0,0,'Tyrael','','',0,80,80,2,35,0,0.8,0.99206,5,0,5000,8000,0,642,1,2000,2000,1,32768,2048,0,0,0,0,0,0,345,509,103,6,0,0,0,0,0,0,0,0,0,0,0,0,0,0,0,0,0,0,0,0,0,0,'',0,3,1,40,1,1,0,0,0,0,0,0,0,0,1,8388624,0,'npc_hellforge_portal_attacker_leader',12340),
(300004,0,0,0,0,0,1060,0,0,0,'Hellforge Portal Event Visual Fire',NULL,NULL,0,80,80,0,1375,0,1,1.14286,1,0,104,138,0,252,1,2000,2000,1,33587200,2048,0,0,0,0,0,0,72,106,26,10,0,0,0,0,0,0,0,0,0,0,0,0,0,0,0,0,0,0,0,0,0,0,'',0,4,1,1.35,1,1,0,0,0,0,0,0,0,0,1,0,130,'',12340),
(300005,0,0,0,0,0,1060,0,0,0,'Hellforge Portal Event Visual Thunder Target',NULL,NULL,0,80,80,0,1770,0,1,1.14286,1,0,104,138,0,252,1,2000,2000,1,33587456,2048,0,0,0,0,0,0,72,106,26,10,0,0,0,0,0,0,0,0,0,0,0,0,0,0,0,0,0,0,0,0,0,0,'',0,4,1,1.35,1,1,0,0,0,0,0,0,0,0,1,0,130,'',12340),(
300006,0,0,0,0,0,1060,0,0,0,'Hellforge Portal Event Visual Thunder Trigger',NULL,NULL,0,80,80,0,2101,0,1,1.14286,1,0,104,138,0,252,1,2000,2000,1,33587456,2048,0,0,0,0,0,0,72,106,26,10,0,0,0,0,0,0,0,0,0,0,0,0,0,0,0,0,0,0,0,0,0,0,'',0,4,1,1.35,1,1,0,0,0,0,0,0,0,0,1,0,130,'',12340);

DELETE FROM `creature` WHERE `id` BETWEEN @ENTRY AND @ENTRY + 6;
INSERT INTO `creature` VALUES 
(@CGUID,300000,13,1,1,17612,0,-17.655,4.81633,-144.709,3.00021,300,0,0,7212,0,0,0,0,0),
(@CGUID + 1,300000,0,1,1,0,0,-6555.2,-1272.12,136.239,5.78295,300,0,0,7212,0,0,0,0,0),
(@CGUID + 2,300002,0,1,1,0,1,-6528.19,-1286.97,137.131,2.44567,300,0,0,504000,0,0,0,0,0),
(@CGUID + 3,300002,0,1,1,0,1,-6530.76,-1290.04,138.088,2.44567,300,0,0,504000,0,0,0,0,0),
(@CGUID + 4,300002,0,1,1,0,1,-6533.32,-1293.1,138.997,2.44567,300,0,0,504000,0,0,0,0,0),
(@CGUID + 5,300002,0,1,1,0,1,-6535.89,-1296.17,139.941,2.44567,300,0,0,504000,0,0,0,0,0),
(@CGUID + 6,300002,0,1,1,0,1,-6525.63,-1283.9,136.178,2.44567,300,0,0,504000,0,0,0,0,0),
(@CGUID + 7,300002,0,1,1,0,1,-6523.06,-1280.83,135.022,2.44567,300,0,0,504000,0,0,0,0,0),
(@CGUID + 8,300002,0,1,1,0,1,-6520.5,-1277.76,133.928,2.44567,300,0,0,504000,0,0,0,0,0),
(@CGUID + 9,300003,0,1,1,0,0,-6527.65,-1287.14,137.096,2.66558,300,0,0,504000,0,0,0,0,0);

SET @GGUID := 600000;
DELETE FROM `gameobject` WHERE `guid` BETWEEN @GGUID AND @GGUID + 1;
INSERT INTO `gameobject` VALUES 
(@GGUID,177399,0,1,1,-6556.93,-1271.33,136.023,5.71618,-0,-0,-0.279719,0.960082,300,0,1,0),
(@GGUID + 1,180250,0,1,1,-6556.93,-1271.33,134.023,5.71618,-0,-0,-0.279719,0.960082,300,0,1,0);

DELETE FROM `world_zone_scripts` WHERE `zone_entry` = 51;
INSERT INTO `world_zone_scripts` VALUES (51, 'worldzone_searing_gorge`');

DELETE FROM `creature_equip_template` WHERE `entry` = 300002;
INSERT INTO `creature_equip_template` VALUES (300002, 1, 49778, 0, 0, 1);